Transaction_ID,Customer_ID,Date,Item,Category,Quantity,Price,Total_Spend
TXN_01000,CUST_048,2023-07-14 03:00:00,Headphones,Electronics,1,141.14,141.14
TXN_01000,CUST_048,2023-07-14 03:00:00,Smartphone,Electronics,1,17.38,17.38
TXN_01001,CUST_275,2023-03-05 12:00:00,Headphones,Electronics,1,141.14,141.14
TXN_01001,CUST_275,2023-03-05 12:00:00,Smartphone,Electronics,1,17.38,17.38
TXN_01002,CUST_024,2023-12-05 07:00:00,T-Shirt,Clothing,1,48.03,48.03
TXN_01003,,2023-07-14 08:00:00,Sweater,Clothing,1,255.15,255.15
TXN_01003,,2023-07-14 08:00:00,Keyboard,Electronics,1,339.97,339.97
TXN_01004,,2023-12-10 08:00:00,Butter,Groceries,2,8.22,16.44
TXN_01005,,2023-05-06 05:00:00,Chair,Home & Garden,1,173.42,173.42
TXN_01005,,2023-05-06 05:00:00,Plant,Home & Garden,1,403.88,403.88
TXN_01005,,2023-05-06 05:00:00,Banana,Groceries,2,296.69,593.38
TXN_01006,,2023-01-29 07:00:00,Headphones,Electronics,1,141.14,141.14
TXN_01006,,2023-01-29 07:00:00,Jeans,Clothing,1,213.85,213.85
TXN_01006,,2023-01-29 07:00:00,Socks,Clothing,1,18.14,18.14
TXN_01007,,2023-10-18 22:00:00,Laptop,Electronics,1,321.52,321.52
TXN_01007,,2023-10-18 22:00:00,Monitor,Electronics,1,115.49,115.49
TXN_01008,CUST_074,2023-05-16 04:00:00,Mug,Home & Garden,1,171.61,171.61
TXN_01008,CUST_074,2023-05-16 04:00:00,Coffee,Groceries,3,405.67,1217.01
TXN_01009,CUST_113,2023-03-12 16:00:00,Monitor,Electronics,1,115.49,115.49
TXN_01010,CUST_079,2023-11-18 05:00:00,Headphones,Electronics,1,141.14,141.14
TXN_01010,CUST_079,2023-11-18 05:00:00,Butter,Groceries,4,8.22,32.88
TXN_01010,CUST_079,2023-11-18 05:00:00,Socks,Clothing,1,18.14,18.14
TXN_01011,CUST_271,2023-05-09 17:00:00,Lamp,Home & Garden,1,350.58,350.58
TXN_01012,CUST_059,2023-12-16 17:00:00,Milk,Groceries,2,103.42,206.84
TXN_01012,CUST_059,2023-12-16 17:00:00,Monitor,Electronics,1,115.49,115.49
TXN_01012,CUST_059,2023-12-16 17:00:00,Sneakers,Clothing,1,19.75,19.75
TXN_01013,CUST_233,2023-01-02 23:00:00,Apples,Groceries,1,114.12,114.12
TXN_01013,CUST_233,2023-01-02 23:00:00,Keyboard,Electronics,1,339.97,339.97
TXN_01013,CUST_233,2023-01-02 23:00:00,Cushion,Home & Garden,1,478.82,478.82
TXN_01014,CUST_153,2023-11-24 16:00:00,Sweater,Clothing,1,255.15,255.15
TXN_01014,CUST_153,2023-11-24 16:00:00,Cushion,Home & Garden,1,478.82,478.82
TXN_01015,CUST_083,2023-10-04 16:00:00,Sweater,Clothing,1,255.15,255.15
TXN_01015,CUST_083,2023-10-04 16:00:00,Eggs,Groceries,3,274.75,824.25
TXN_01015,CUST_083,2023-10-04 16:00:00,Laptop,Electronics,1,321.52,321.52
TXN_01015,CUST_083,2023-10-04 16:00:00,Monitor,Electronics,1,115.49,115.49
TXN_01015,CUST_083,2023-10-04 16:00:00,Jacket,Clothing,1,113.23,113.23
TXN_01016,CUST_123,2023-01-30 07:00:00,Headphones,Electronics,1,141.14,141.14
TXN_01017,CUST_249,2023-02-05 17:00:00,Eggs,Groceries,2,274.75,549.5
TXN_01017,CUST_249,2023-02-05 17:00:00,Lamp,Home & Garden,1,350.58,350.58
TXN_01018,CUST_136,2023-09-28 19:00:00,Webcam,Electronics,1,446.63,446.63
TXN_01018,CUST_136,2023-09-28 19:00:00,Laptop,Electronics,1,321.52,321.52
TXN_01018,CUST_136,2023-09-28 19:00:00,Keyboard,Electronics,1,339.97,339.97
TXN_01018,CUST_136,2023-09-28 19:00:00,Mouse,Electronics,1,369.55,369.55
TXN_01019,CUST_192,2023-08-13 16:00:00,Headphones,Electronics,1,141.14,141.14
TXN_01019,CUST_192,2023-08-13 16:00:00,T-Shirt,Clothing,1,48.03,48.03
TXN_01020,CUST_174,2023-01-11 18:00:00,Laptop,Electronics,1,321.52,321.52
TXN_01020,CUST_174,2023-01-11 18:00:00,T-Shirt,Clothing,1,48.03,48.03
TXN_01020,CUST_174,2023-01-11 18:00:00,Plant,Home & Garden,1,403.88,403.88
TXN_01020,CUST_174,2023-01-11 18:00:00,Headphones,Electronics,1,141.14,141.14
TXN_01020,CUST_174,2023-01-11 18:00:00,Chair,Home & Garden,1,173.42,173.42
TXN_01021,CUST_031,2023-04-28 02:00:00,Headphones,Electronics,1,141.14,141.14
TXN_01021,CUST_031,2023-04-28 02:00:00,T-Shirt,Clothing,1,48.03,48.03
TXN_01021,CUST_031,2023-04-28 02:00:00,Apples,Groceries,3,114.12,342.36
TXN_01022,CUST_249,2023-04-20 17:00:00,Mug,Home & Garden,1,171.61,171.61
TXN_01022,CUST_249,2023-04-20 17:00:00,Coffee,Groceries,4,405.67,1622.68
TXN_01023,CUST_098,2023-02-18 03:00:00,Bread,Groceries,1,326.69,326.69
TXN_01023,CUST_098,2023-02-18 03:00:00,Milk,Groceries,1,103.42,103.42
TXN_01024,CUST_032,2023-07-26 23:00:00,Bread,Groceries,4,326.69,1306.76
TXN_01024,CUST_032,2023-07-26 23:00:00,Milk,Groceries,2,103.42,206.84
TXN_01025,CUST_217,2023-04-04 08:00:00,Bread,Groceries,1,326.69,326.69
TXN_01026,CUST_026,2023-11-30 17:00:00,Cushion,Home & Garden,1,478.82,478.82
TXN_01027,CUST_122,2023-03-27 13:00:00,Smartphone,Electronics,1,17.38,17.38
TXN_01027,CUST_122,2023-03-27 13:00:00,Socks,Clothing,1,18.14,18.14
TXN_01028,CUST_085,2023-07-14 00:00:00,Bread,Groceries,3,326.69,980.07
TXN_01028,CUST_085,2023-07-14 00:00:00,Mug,Home & Garden,1,171.61,171.61
TXN_01029,CUST_217,2023-12-23 23:00:00,Eggs,Groceries,3,274.75,824.25
TXN_01029,CUST_217,2023-12-23 23:00:00,Mouse,Electronics,1,369.55,369.55
TXN_01029,CUST_217,2023-12-23 23:00:00,Webcam,Electronics,1,446.63,446.63
TXN_01029,CUST_217,2023-12-23 23:00:00,Lamp,Home & Garden,1,350.58,350.58
TXN_01029,CUST_217,2023-12-23 23:00:00,Chair,Home & Garden,1,173.42,173.42
TXN_01030,CUST_112,2023-01-30 18:00:00,Table,Home & Garden,1,81.96,81.96
TXN_01031,CUST_161,2023-01-30 01:00:00,Apples,Groceries,2,114.12,228.24
TXN_01031,CUST_161,2023-01-30 01:00:00,Headphones,Electronics,1,141.14,141.14
TXN_01031,CUST_161,2023-01-30 01:00:00,Keyboard,Electronics,1,339.97,339.97
TXN_01031,CUST_161,2023-01-30 01:00:00,Smartphone,Electronics,1,17.38,17.38
TXN_01032,CUST_036,2023-11-01 02:00:00,Monitor,Electronics,1,115.49,115.49
TXN_01032,CUST_036,2023-11-01 02:00:00,Socks,Clothing,1,18.14,18.14
TXN_01033,CUST_292,2023-05-07 18:00:00,Headphones,Electronics,1,141.14,141.14
TXN_01033,CUST_292,2023-05-07 18:00:00,Milk,Groceries,3,103.42,310.26
TXN_01033,CUST_292,2023-05-07 18:00:00,Coffee,Groceries,3,405.67,1217.01
TXN_01033,CUST_292,2023-05-07 18:00:00,Lamp,Home & Garden,1,350.58,350.58
TXN_01034,CUST_105,2023-12-09 22:00:00,Headphones,Electronics,1,141.14,141.14
TXN_01034,CUST_105,2023-12-09 22:00:00,Smartphone,Electronics,1,17.38,17.38
TXN_01035,CUST_235,2023-06-11 02:00:00,Mug,Home & Garden,1,171.61,171.61
TXN_01035,CUST_235,2023-06-11 02:00:00,Coffee,Groceries,3,405.67,1217.01
TXN_01036,CUST_068,2023-06-28 02:00:00,Bread,Groceries,3,326.69,980.07
TXN_01036,CUST_068,2023-06-28 02:00:00,Keyboard,Electronics,1,339.97,339.97
TXN_01036,CUST_068,2023-06-28 02:00:00,Sneakers,Clothing,1,19.75,19.75
TXN_01037,CUST_271,2023-01-05 21:00:00,Monitor,Electronics,1,115.49,115.49
TXN_01037,CUST_271,2023-01-05 21:00:00,Mouse,Electronics,1,369.55,369.55
TXN_01037,CUST_271,2023-01-05 21:00:00,Lamp,Home & Garden,1,350.58,350.58
TXN_01038,CUST_136,2023-03-01 03:00:00,Jeans,Clothing,1,213.85,213.85
TXN_01038,CUST_136,2023-03-01 03:00:00,Sneakers,Clothing,1,19.75,19.75
TXN_01039,CUST_108,2023-06-25 06:00:00,Apples,Groceries,1,114.12,114.12
TXN_01039,CUST_108,2023-06-25 06:00:00,Eggs,Groceries,1,274.75,274.75
TXN_01039,CUST_108,2023-06-25 06:00:00,Jeans,Clothing,1,213.85,213.85
TXN_01040,CUST_217,2023-05-22 01:00:00,Webcam,Electronics,1,446.63,446.63
TXN_01040,CUST_217,2023-05-22 01:00:00,Laptop,Electronics,1,321.52,321.52
TXN_01040,CUST_217,2023-05-22 01:00:00,Keyboard,Electronics,1,339.97,339.97
TXN_01040,CUST_217,2023-05-22 01:00:00,Mouse,Electronics,1,369.55,369.55
TXN_01041,CUST_288,2023-01-05 03:00:00,Laptop,Electronics,1,321.52,321.52
TXN_01041,CUST_288,2023-01-05 03:00:00,Monitor,Electronics,1,115.49,115.49
TXN_01042,CUST_299,2023-10-10 04:00:00,Bread,Groceries,2,326.69,653.38
TXN_01042,CUST_299,2023-10-10 04:00:00,Milk,Groceries,2,103.42,206.84
TXN_01042,CUST_299,2023-10-10 04:00:00,Eggs,Groceries,1,274.75,274.75
TXN_01043,CUST_182,2023-10-14 13:00:00,T-Shirt,Clothing,1,48.03,48.03
TXN_01043,CUST_182,2023-10-14 13:00:00,Keyboard,Electronics,1,339.97,339.97
TXN_01044,CUST_091,2023-07-31 00:00:00,Headphones,Electronics,1,141.14,141.14
TXN_01044,CUST_091,2023-07-31 00:00:00,Smartphone,Electronics,1,17.38,17.38
TXN_01045,CUST_082,2023-12-26 03:00:00,Bread,Groceries,3,326.69,980.07
TXN_01045,CUST_082,2023-12-26 03:00:00,Milk,Groceries,3,103.42,310.26
TXN_01045,CUST_082,2023-12-26 03:00:00,Butter,Groceries,2,8.22,16.44
TXN_01046,CUST_115,2023-01-13 21:00:00,Headphones,Electronics,1,141.14,141.14
TXN_01046,CUST_115,2023-01-13 21:00:00,Smartphone,Electronics,1,17.38,17.38
TXN_01047,CUST_180,2023-11-25 16:00:00,Mug,Home & Garden,1,171.61,171.61
TXN_01047,CUST_180,2023-11-25 16:00:00,Coffee,Groceries,3,405.67,1217.01
TXN_01048,CUST_092,2023-10-25 08:00:00,Mug,Home & Garden,1,171.61,171.61
TXN_01048,CUST_092,2023-10-25 08:00:00,Coffee,Groceries,4,405.67,1622.68
TXN_01049,CUST_262,2023-03-01 12:00:00,Jeans,Clothing,1,213.85,213.85
TXN_01049,CUST_262,2023-03-01 12:00:00,Smartphone,Electronics,1,17.38,17.38
TXN_01050,CUST_224,2023-01-01 16:00:00,Table,Home & Garden,1,81.96,81.96
TXN_01050,CUST_224,2023-01-01 16:00:00,Lamp,Home & Garden,1,350.58,350.58
TXN_01051,CUST_101,2023-07-06 13:00:00,Laptop,Electronics,1,321.52,321.52
TXN_01051,CUST_101,2023-07-06 13:00:00,Monitor,Electronics,1,115.49,115.49
TXN_01052,CUST_154,2023-09-17 09:00:00,Chair,Home & Garden,1,173.42,173.42
TXN_01052,CUST_154,2023-09-17 09:00:00,Sneakers,Clothing,1,19.75,19.75
TXN_01052,CUST_154,2023-09-17 09:00:00,Socks,Clothing,1,18.14,18.14
TXN_01053,CUST_284,2023-03-07 06:00:00,T-Shirt,Clothing,1,48.03,48.03
TXN_01053,CUST_284,2023-03-07 06:00:00,Sneakers,Clothing,1,19.75,19.75
TXN_01054,CUST_208,2023-10-08 00:00:00,Webcam,Electronics,1,446.63,446.63
TXN_01054,CUST_208,2023-10-08 00:00:00,Keyboard,Electronics,1,339.97,339.97
TXN_01054,CUST_208,2023-10-08 00:00:00,Mouse,Electronics,1,369.55,369.55
TXN_01055,CUST_227,2023-12-12 06:00:00,Headphones,Electronics,1,141.14,141.14
TXN_01055,CUST_227,2023-12-12 06:00:00,Lamp,Home & Garden,1,350.58,350.58
TXN_01056,CUST_146,2023-09-21 21:00:00,Headphones,Electronics,1,141.14,141.14
TXN_01056,CUST_146,2023-09-21 21:00:00,T-Shirt,Clothing,1,48.03,48.03
TXN_01056,CUST_146,2023-09-21 21:00:00,Cushion,Home & Garden,1,478.82,478.82
TXN_01057,CUST_159,2023-04-26 06:00:00,Eggs,Groceries,1,274.75,274.75
TXN_01057,CUST_159,2023-04-26 06:00:00,Butter,Groceries,4,8.22,32.88
TXN_01058,CUST_213,2023-11-19 18:00:00,Laptop,Electronics,1,321.52,321.52
TXN_01058,CUST_213,2023-11-19 18:00:00,Monitor,Electronics,1,115.49,115.49
TXN_01059,CUST_125,2023-03-17 20:00:00,Cushion,Home & Garden,1,478.82,478.82
TXN_01060,CUST_218,2023-04-23 05:00:00,Bread,Groceries,4,326.69,1306.76
TXN_01060,CUST_218,2023-04-23 05:00:00,Banana,Groceries,2,296.69,593.38
TXN_01060,CUST_218,2023-04-23 05:00:00,Smartphone,Electronics,1,17.38,17.38
TXN_01060,CUST_218,2023-04-23 05:00:00,T-Shirt,Clothing,1,48.03,48.03
TXN_01060,CUST_218,2023-04-23 05:00:00,Monitor,Electronics,1,115.49,115.49
TXN_01061,CUST_238,2023-12-08 16:00:00,Bread,Groceries,4,326.69,1306.76
TXN_01061,CUST_238,2023-12-08 16:00:00,Butter,Groceries,4,8.22,32.88
TXN_01061,CUST_238,2023-12-08 16:00:00,Table,Home & Garden,1,81.96,81.96
TXN_01061,CUST_238,2023-12-08 16:00:00,Jacket,Clothing,1,113.23,113.23
TXN_01061,CUST_238,2023-12-08 16:00:00,Cushion,Home & Garden,1,478.82,478.82
TXN_01062,CUST_082,2023-09-01 14:00:00,Laptop,Electronics,1,321.52,321.52
TXN_01062,CUST_082,2023-09-01 14:00:00,Keyboard,Electronics,1,339.97,339.97
TXN_01062,CUST_082,2023-09-01 14:00:00,Mouse,Electronics,1,369.55,369.55
TXN_01062,CUST_082,2023-09-01 14:00:00,Webcam,Electronics,1,446.63,446.63
TXN_01063,CUST_141,2023-08-14 02:00:00,Jeans,Clothing,1,213.85,213.85
TXN_01063,CUST_141,2023-08-14 02:00:00,Jacket,Clothing,1,113.23,113.23
TXN_01064,CUST_164,2023-10-04 02:00:00,Laptop,Electronics,1,321.52,321.52
TXN_01064,CUST_164,2023-10-04 02:00:00,Keyboard,Electronics,1,339.97,339.97
TXN_01064,CUST_164,2023-10-04 02:00:00,Mouse,Electronics,1,369.55,369.55
TXN_01065,CUST_033,2023-08-01 13:00:00,T-Shirt,Clothing,1,48.03,48.03
TXN_01065,CUST_033,2023-08-01 13:00:00,Jeans,Clothing,1,213.85,213.85
TXN_01065,CUST_033,2023-08-01 13:00:00,Sneakers,Clothing,1,19.75,19.75
TXN_01066,CUST_200,2023-10-27 22:00:00,Mug,Home & Garden,1,171.61,171.61
TXN_01066,CUST_200,2023-10-27 22:00:00,Coffee,Groceries,3,405.67,1217.01
TXN_01067,CUST_153,2023-07-19 13:00:00,Mug,Home & Garden,1,171.61,171.61
TXN_01067,CUST_153,2023-07-19 13:00:00,T-Shirt,Clothing,1,48.03,48.03
TXN_01067,CUST_153,2023-07-19 13:00:00,Eggs,Groceries,3,274.75,824.25
TXN_01067,CUST_153,2023-07-19 13:00:00,Butter,Groceries,4,8.22,32.88
TXN_01068,CUST_249,2023-01-15 12:00:00,Laptop,Electronics,1,321.52,321.52
TXN_01068,CUST_249,2023-01-15 12:00:00,Monitor,Electronics,1,115.49,115.49
TXN_01069,CUST_066,2023-11-15 17:00:00,T-Shirt,Clothing,1,48.03,48.03
TXN_01069,CUST_066,2023-11-15 17:00:00,Jeans,Clothing,1,213.85,213.85
TXN_01070,CUST_070,2023-08-25 05:00:00,T-Shirt,Clothing,1,48.03,48.03
TXN_01070,CUST_070,2023-08-25 05:00:00,Jeans,Clothing,1,213.85,213.85
TXN_01070,CUST_070,2023-08-25 05:00:00,Sneakers,Clothing,1,19.75,19.75
TXN_01071,CUST_173,2023-07-14 08:00:00,Headphones,Electronics,1,141.14,141.14
TXN_01071,CUST_173,2023-07-14 08:00:00,Laptop,Electronics,1,321.52,321.52
TXN_01071,CUST_173,2023-07-14 08:00:00,Eggs,Groceries,1,274.75,274.75
TXN_01071,CUST_173,2023-07-14 08:00:00,Jeans,Clothing,1,213.85,213.85
TXN_01072,CUST_180,2023-04-25 20:00:00,Laptop,Electronics,1,321.52,321.52
TXN_01072,CUST_180,2023-04-25 20:00:00,Monitor,Electronics,1,115.49,115.49
TXN_01073,CUST_103,2023-01-11 19:00:00,Laptop,Electronics,1,321.52,321.52
TXN_01073,CUST_103,2023-01-11 19:00:00,Keyboard,Electronics,1,339.97,339.97
TXN_01073,CUST_103,2023-01-11 19:00:00,Webcam,Electronics,1,446.63,446.63
TXN_01074,CUST_239,2023-12-25 08:00:00,Butter,Groceries,1,8.22,8.22
TXN_01075,CUST_084,2023-06-09 03:00:00,Socks,Clothing,1,18.14,18.14
TXN_01075,CUST_084,2023-06-09 03:00:00,Coffee,Groceries,4,405.67,1622.68
TXN_01075,CUST_084,2023-06-09 03:00:00,Lamp,Home & Garden,1,350.58,350.58
TXN_01076,CUST_102,2023-02-08 18:00:00,Chair,Home & Garden,1,173.42,173.42
TXN_01076,CUST_102,2023-02-08 18:00:00,Monitor,Electronics,1,115.49,115.49
TXN_01077,CUST_155,2023-12-17 19:00:00,Sweater,Clothing,1,255.15,255.15
TXN_01077,CUST_155,2023-12-17 19:00:00,Banana,Groceries,3,296.69,890.07
TXN_01077,CUST_155,2023-12-17 19:00:00,Smartphone,Electronics,1,17.38,17.38
TXN_01077,CUST_155,2023-12-17 19:00:00,Milk,Groceries,1,103.42,103.42
TXN_01077,CUST_155,2023-12-17 19:00:00,Mug,Home & Garden,1,171.61,171.61
TXN_01078,CUST_260,2023-11-28 10:00:00,T-Shirt,Clothing,1,48.03,48.03
TXN_01078,CUST_260,2023-11-28 10:00:00,Jeans,Clothing,1,213.85,213.85
TXN_01078,CUST_260,2023-11-28 10:00:00,Sneakers,Clothing,1,19.75,19.75
TXN_01079,CUST_236,2023-12-29 04:00:00,Laptop,Electronics,1,321.52,321.52
TXN_01079,CUST_236,2023-12-29 04:00:00,Monitor,Electronics,1,115.49,115.49
TXN_01080,CUST_224,2023-10-31 08:00:00,Keyboard,Electronics,1,339.97,339.97
TXN_01080,CUST_224,2023-10-31 08:00:00,Mouse,Electronics,1,369.55,369.55
TXN_01081,CUST_125,2023-08-26 18:00:00,Laptop,Electronics,1,321.52,321.52
TXN_01081,CUST_125,2023-08-26 18:00:00,Eggs,Groceries,2,274.75,549.5
TXN_01081,CUST_125,2023-08-26 18:00:00,Jacket,Clothing,1,113.23,113.23
TXN_01082,CUST_250,2023-04-19 11:00:00,Chair,Home & Garden,1,173.42,173.42
TXN_01082,CUST_250,2023-04-19 11:00:00,Jeans,Clothing,1,213.85,213.85
TXN_01082,CUST_250,2023-04-19 11:00:00,Butter,Groceries,3,8.22,24.66
TXN_01083,CUST_285,2023-01-06 16:00:00,T-Shirt,Clothing,1,48.03,48.03
TXN_01084,CUST_209,2023-09-08 17:00:00,Chair,Home & Garden,1,173.42,173.42
TXN_01084,CUST_209,2023-09-08 17:00:00,Plant,Home & Garden,1,403.88,403.88
TXN_01084,CUST_209,2023-09-08 17:00:00,Eggs,Groceries,1,274.75,274.75
TXN_01084,CUST_209,2023-09-08 17:00:00,Bread,Groceries,1,326.69,326.69
TXN_01085,CUST_151,2023-04-24 12:00:00,Sweater,Clothing,1,255.15,255.15
TXN_01085,CUST_151,2023-04-24 12:00:00,Coffee,Groceries,4,405.67,1622.68
TXN_01085,CUST_151,2023-04-24 12:00:00,Lamp,Home & Garden,1,350.58,350.58
TXN_01086,CUST_284,2023-09-29 11:00:00,Laptop,Electronics,1,321.52,321.52
TXN_01086,CUST_284,2023-09-29 11:00:00,Monitor,Electronics,1,115.49,115.49
TXN_01087,CUST_139,2023-06-06 08:00:00,Laptop,Electronics,1,321.52,321.52
TXN_01087,CUST_139,2023-06-06 08:00:00,Monitor,Electronics,1,115.49,115.49
TXN_01088,CUST_275,2023-12-20 05:00:00,Laptop,Electronics,1,321.52,321.52
TXN_01088,CUST_275,2023-12-20 05:00:00,Monitor,Electronics,1,115.49,115.49
TXN_01089,CUST_052,2023-04-10 09:00:00,Laptop,Electronics,1,321.52,321.52
TXN_01089,CUST_052,2023-04-10 09:00:00,Keyboard,Electronics,1,339.97,339.97
TXN_01089,CUST_052,2023-04-10 09:00:00,Webcam,Electronics,1,446.63,446.63
TXN_01090,CUST_141,2023-01-24 01:00:00,Plant,Home & Garden,1,403.88,403.88
TXN_01090,CUST_141,2023-01-24 01:00:00,Cushion,Home & Garden,1,478.82,478.82
TXN_01091,CUST_252,2023-02-22 00:00:00,Bread,Groceries,1,326.69,326.69
TXN_01091,CUST_252,2023-02-22 00:00:00,Keyboard,Electronics,1,339.97,339.97
TXN_01091,CUST_252,2023-02-22 00:00:00,Eggs,Groceries,3,274.75,824.25
TXN_01091,CUST_252,2023-02-22 00:00:00,Jacket,Clothing,1,113.23,113.23
TXN_01092,CUST_245,2023-02-28 02:00:00,Bread,Groceries,1,326.69,326.69
TXN_01092,CUST_245,2023-02-28 02:00:00,Milk,Groceries,2,103.42,206.84
TXN_01092,CUST_245,2023-02-28 02:00:00,Eggs,Groceries,1,274.75,274.75
TXN_01092,CUST_245,2023-02-28 02:00:00,Butter,Groceries,4,8.22,32.88
TXN_01093,CUST_116,2023-09-25 12:00:00,Milk,Groceries,1,103.42,103.42
TXN_01093,CUST_116,2023-09-25 12:00:00,Sneakers,Clothing,1,19.75,19.75
TXN_01093,CUST_116,2023-09-25 12:00:00,Coffee,Groceries,1,405.67,405.67
TXN_01094,CUST_107,2023-11-17 06:00:00,Bread,Groceries,1,326.69,326.69
TXN_01094,CUST_107,2023-11-17 06:00:00,Milk,Groceries,2,103.42,206.84
TXN_01095,CUST_002,2023-07-29 14:00:00,T-Shirt,Clothing,1,48.03,48.03
TXN_01095,CUST_002,2023-07-29 14:00:00,Smartphone,Electronics,1,17.38,17.38
TXN_01095,CUST_002,2023-07-29 14:00:00,Sneakers,Clothing,1,19.75,19.75
TXN_01096,CUST_145,2023-12-26 14:00:00,Laptop,Electronics,1,321.52,321.52
TXN_01096,CUST_145,2023-12-26 14:00:00,Webcam,Electronics,1,446.63,446.63
TXN_01096,CUST_145,2023-12-26 14:00:00,Mouse,Electronics,1,369.55,369.55
TXN_01097,CUST_279,2023-04-26 20:00:00,Headphones,Electronics,1,141.14,141.14
TXN_01097,CUST_279,2023-04-26 20:00:00,Smartphone,Electronics,1,17.38,17.38
TXN_01098,CUST_085,2023-06-07 19:00:00,Bread,Groceries,3,326.69,980.07
TXN_01098,CUST_085,2023-06-07 19:00:00,Monitor,Electronics,1,115.49,115.49
TXN_01098,CUST_085,2023-06-07 19:00:00,Chair,Home & Garden,1,173.42,173.42
TXN_01098,CUST_085,2023-06-07 19:00:00,Sneakers,Clothing,1,19.75,19.75
TXN_01099,CUST_207,2023-05-20 16:00:00,Headphones,Electronics,1,141.14,141.14
TXN_01099,CUST_207,2023-05-20 16:00:00,Milk,Groceries,3,103.42,310.26
TXN_01099,CUST_207,2023-05-20 16:00:00,Smartphone,Electronics,1,17.38,17.38
TXN_01099,CUST_207,2023-05-20 16:00:00,Butter,Groceries,3,8.22,24.66
TXN_01100,CUST_014,2023-02-16 07:00:00,Coffee,Groceries,1,405.67,405.67
TXN_01100,CUST_014,2023-02-16 07:00:00,Laptop,Electronics,1,321.52,321.52
TXN_01100,CUST_014,2023-02-16 07:00:00,Lamp,Home & Garden,1,350.58,350.58
TXN_01100,CUST_014,2023-02-16 07:00:00,Jeans,Clothing,1,213.85,213.85
TXN_01100,CUST_014,2023-02-16 07:00:00,Cushion,Home & Garden,1,478.82,478.82
TXN_01101,CUST_090,2023-08-29 16:00:00,Milk,Groceries,4,103.42,413.68
TXN_01101,CUST_090,2023-08-29 16:00:00,Keyboard,Electronics,1,339.97,339.97
TXN_01101,CUST_090,2023-08-29 16:00:00,Coffee,Groceries,1,405.67,405.67
TXN_01102,CUST_241,2023-06-28 13:00:00,Laptop,Electronics,1,321.52,321.52
TXN_01102,CUST_241,2023-06-28 13:00:00,Monitor,Electronics,1,115.49,115.49
TXN_01103,CUST_211,2023-12-22 15:00:00,T-Shirt,Clothing,1,48.03,48.03
TXN_01103,CUST_211,2023-12-22 15:00:00,Jeans,Clothing,1,213.85,213.85
TXN_01104,CUST_162,2023-05-10 10:00:00,T-Shirt,Clothing,1,48.03,48.03
TXN_01104,CUST_162,2023-05-10 10:00:00,Sneakers,Clothing,1,19.75,19.75
TXN_01105,CUST_212,2023-01-28 06:00:00,Bread,Groceries,1,326.69,326.69
TXN_01105,CUST_212,2023-01-28 06:00:00,Plant,Home & Garden,1,403.88,403.88
TXN_01105,CUST_212,2023-01-28 06:00:00,Eggs,Groceries,2,274.75,549.5
TXN_01105,CUST_212,2023-01-28 06:00:00,Cushion,Home & Garden,1,478.82,478.82
TXN_01106,CUST_137,2023-10-09 04:00:00,Chair,Home & Garden,1,173.42,173.42
TXN_01106,CUST_137,2023-10-09 04:00:00,Laptop,Electronics,1,321.52,321.52
TXN_01106,CUST_137,2023-10-09 04:00:00,Eggs,Groceries,2,274.75,549.5
TXN_01106,CUST_137,2023-10-09 04:00:00,Monitor,Electronics,1,115.49,115.49
TXN_01107,CUST_082,2023-06-09 17:00:00,Jeans,Clothing,1,213.85,213.85
TXN_01107,CUST_082,2023-06-09 17:00:00,Sneakers,Clothing,1,19.75,19.75
TXN_01108,CUST_237,2023-03-02 20:00:00,Chair,Home & Garden,1,173.42,173.42
TXN_01108,CUST_237,2023-03-02 20:00:00,Sneakers,Clothing,1,19.75,19.75
TXN_01108,CUST_237,2023-03-02 20:00:00,Apples,Groceries,3,114.12,342.36
TXN_01109,CUST_213,2023-09-05 15:00:00,Mug,Home & Garden,1,171.61,171.61
TXN_01109,CUST_213,2023-09-05 15:00:00,Coffee,Groceries,2,405.67,811.34
TXN_01110,CUST_036,2023-05-22 13:00:00,Mug,Home & Garden,1,171.61,171.61
TXN_01110,CUST_036,2023-05-22 13:00:00,Coffee,Groceries,3,405.67,1217.01
TXN_01111,CUST_297,2023-12-04 15:00:00,Sweater,Clothing,1,255.15,255.15
TXN_01111,CUST_297,2023-12-04 15:00:00,Banana,Groceries,4,296.69,1186.76
TXN_01111,CUST_297,2023-12-04 15:00:00,Eggs,Groceries,4,274.75,1099.0
TXN_01111,CUST_297,2023-12-04 15:00:00,Jacket,Clothing,1,113.23,113.23
TXN_01112,CUST_165,2023-04-07 22:00:00,T-Shirt,Clothing,1,48.03,48.03
TXN_01112,CUST_165,2023-04-07 22:00:00,Jeans,Clothing,1,213.85,213.85
TXN_01113,CUST_163,2023-08-31 22:00:00,Mug,Home & Garden,1,171.61,171.61
TXN_01113,CUST_163,2023-08-31 22:00:00,Plant,Home & Garden,1,403.88,403.88
TXN_01113,CUST_163,2023-08-31 22:00:00,Socks,Clothing,1,18.14,18.14
TXN_01113,CUST_163,2023-08-31 22:00:00,Lamp,Home & Garden,1,350.58,350.58
TXN_01114,CUST_078,2023-09-11 01:00:00,Mug,Home & Garden,1,171.61,171.61
TXN_01114,CUST_078,2023-09-11 01:00:00,Coffee,Groceries,1,405.67,405.67
TXN_01115,CUST_270,2023-08-22 00:00:00,Headphones,Electronics,1,141.14,141.14
TXN_01115,CUST_270,2023-08-22 00:00:00,Plant,Home & Garden,1,403.88,403.88
TXN_01115,CUST_270,2023-08-22 00:00:00,Eggs,Groceries,3,274.75,824.25
TXN_01115,CUST_270,2023-08-22 00:00:00,Mouse,Electronics,1,369.55,369.55
TXN_01116,CUST_174,2023-11-16 22:00:00,Bread,Groceries,1,326.69,326.69
TXN_01116,CUST_174,2023-11-16 22:00:00,Eggs,Groceries,1,274.75,274.75
TXN_01116,CUST_174,2023-11-16 22:00:00,Butter,Groceries,2,8.22,16.44
TXN_01117,CUST_148,2023-04-27 23:00:00,Bread,Groceries,1,326.69,326.69
TXN_01117,CUST_148,2023-04-27 23:00:00,Milk,Groceries,1,103.42,103.42
TXN_01117,CUST_148,2023-04-27 23:00:00,Eggs,Groceries,3,274.75,824.25
TXN_01117,CUST_148,2023-04-27 23:00:00,Butter,Groceries,1,8.22,8.22
TXN_01118,CUST_151,2023-07-03 11:00:00,Keyboard,Electronics,1,339.97,339.97
TXN_01118,CUST_151,2023-07-03 11:00:00,Webcam,Electronics,1,446.63,446.63
TXN_01118,CUST_151,2023-07-03 11:00:00,Laptop,Electronics,1,321.52,321.52
TXN_01118,CUST_151,2023-07-03 11:00:00,Mouse,Electronics,1,369.55,369.55
TXN_01119,CUST_090,2023-02-10 19:00:00,Eggs,Groceries,2,274.75,549.5
TXN_01119,CUST_090,2023-02-10 19:00:00,Coffee,Groceries,4,405.67,1622.68
TXN_01119,CUST_090,2023-02-10 19:00:00,Mouse,Electronics,1,369.55,369.55
TXN_01119,CUST_090,2023-02-10 19:00:00,T-Shirt,Clothing,1,48.03,48.03
TXN_01119,CUST_090,2023-02-10 19:00:00,Lamp,Home & Garden,1,350.58,350.58
TXN_01120,CUST_131,2023-08-24 08:00:00,Banana,Groceries,1,296.69,296.69
TXN_01120,CUST_131,2023-08-24 08:00:00,Keyboard,Electronics,1,339.97,339.97
TXN_01120,CUST_131,2023-08-24 08:00:00,Sneakers,Clothing,1,19.75,19.75
TXN_01120,CUST_131,2023-08-24 08:00:00,Lamp,Home & Garden,1,350.58,350.58
TXN_01121,CUST_227,2023-06-26 18:00:00,T-Shirt,Clothing,1,48.03,48.03
TXN_01121,CUST_227,2023-06-26 18:00:00,Jeans,Clothing,1,213.85,213.85
TXN_01121,CUST_227,2023-06-26 18:00:00,Sneakers,Clothing,1,19.75,19.75
TXN_01122,CUST_197,2023-09-05 03:00:00,Mug,Home & Garden,1,171.61,171.61
TXN_01122,CUST_197,2023-09-05 03:00:00,Coffee,Groceries,1,405.67,405.67
TXN_01123,CUST_203,2023-05-21 00:00:00,Butter,Groceries,4,8.22,32.88
TXN_01124,CUST_147,2023-04-28 19:00:00,Plant,Home & Garden,1,403.88,403.88
TXN_01124,CUST_147,2023-04-28 19:00:00,Webcam,Electronics,1,446.63,446.63
TXN_01125,CUST_129,2023-12-14 23:00:00,Plant,Home & Garden,1,403.88,403.88
TXN_01125,CUST_129,2023-12-14 23:00:00,Monitor,Electronics,1,115.49,115.49
TXN_01126,CUST_021,2023-06-08 14:00:00,Headphones,Electronics,1,141.14,141.14
TXN_01126,CUST_021,2023-06-08 14:00:00,Smartphone,Electronics,1,17.38,17.38
TXN_01127,CUST_168,2023-08-01 05:00:00,Mug,Home & Garden,1,171.61,171.61
TXN_01127,CUST_168,2023-08-01 05:00:00,Coffee,Groceries,3,405.67,1217.01
TXN_01128,CUST_247,2023-06-01 23:00:00,Bread,Groceries,1,326.69,326.69
TXN_01129,CUST_073,2023-04-26 21:00:00,Headphones,Electronics,1,141.14,141.14
TXN_01129,CUST_073,2023-04-26 21:00:00,Mug,Home & Garden,1,171.61,171.61
TXN_01129,CUST_073,2023-04-26 21:00:00,Banana,Groceries,4,296.69,1186.76
TXN_01129,CUST_073,2023-04-26 21:00:00,Sweater,Clothing,1,255.15,255.15
TXN_01130,CUST_008,2023-05-16 17:00:00,Headphones,Electronics,1,141.14,141.14
TXN_01130,CUST_008,2023-05-16 17:00:00,Smartphone,Electronics,1,17.38,17.38
TXN_01131,CUST_056,2023-12-12 07:00:00,Butter,Groceries,1,8.22,8.22
TXN_01131,CUST_056,2023-12-12 07:00:00,T-Shirt,Clothing,1,48.03,48.03
TXN_01131,CUST_056,2023-12-12 07:00:00,Plant,Home & Garden,1,403.88,403.88
TXN_01131,CUST_056,2023-12-12 07:00:00,Banana,Groceries,4,296.69,1186.76
TXN_01131,CUST_056,2023-12-12 07:00:00,Jacket,Clothing,1,113.23,113.23
TXN_01132,CUST_155,2023-11-29 13:00:00,Bread,Groceries,1,326.69,326.69
TXN_01132,CUST_155,2023-11-29 13:00:00,Eggs,Groceries,1,274.75,274.75
TXN_01133,CUST_121,2023-10-03 04:00:00,Headphones,Electronics,1,141.14,141.14
TXN_01133,CUST_121,2023-10-03 04:00:00,Smartphone,Electronics,1,17.38,17.38
TXN_01134,CUST_051,2023-09-08 19:00:00,Headphones,Electronics,1,141.14,141.14
TXN_01134,CUST_051,2023-09-08 19:00:00,Smartphone,Electronics,1,17.38,17.38
TXN_01135,CUST_228,2023-08-16 07:00:00,Lamp,Home & Garden,1,350.58,350.58
TXN_01136,CUST_189,2023-10-06 20:00:00,T-Shirt,Clothing,1,48.03,48.03
TXN_01136,CUST_189,2023-10-06 20:00:00,Jeans,Clothing,1,213.85,213.85
TXN_01136,CUST_189,2023-10-06 20:00:00,Sneakers,Clothing,1,19.75,19.75
TXN_01137,CUST_047,2023-12-06 06:00:00,Laptop,Electronics,1,321.52,321.52
TXN_01137,CUST_047,2023-12-06 06:00:00,T-Shirt,Clothing,1,48.03,48.03
TXN_01137,CUST_047,2023-12-06 06:00:00,Smartphone,Electronics,1,17.38,17.38
TXN_01137,CUST_047,2023-12-06 06:00:00,Mug,Home & Garden,1,171.61,171.61
TXN_01137,CUST_047,2023-12-06 06:00:00,Jacket,Clothing,1,113.23,113.23
TXN_01138,CUST_065,2023-10-17 06:00:00,Mug,Home & Garden,1,171.61,171.61
TXN_01138,CUST_065,2023-10-17 06:00:00,Coffee,Groceries,3,405.67,1217.01
TXN_01139,CUST_076,2023-11-02 00:00:00,Laptop,Electronics,1,321.52,321.52
TXN_01139,CUST_076,2023-11-02 00:00:00,Keyboard,Electronics,1,339.97,339.97
TXN_01140,CUST_057,2023-12-05 00:00:00,Headphones,Electronics,1,141.14,141.14
TXN_01140,CUST_057,2023-12-05 00:00:00,Smartphone,Electronics,1,17.38,17.38
TXN_01141,CUST_090,2023-05-16 01:00:00,Jeans,Clothing,1,213.85,213.85
TXN_01141,CUST_090,2023-05-16 01:00:00,Sneakers,Clothing,1,19.75,19.75
TXN_01142,CUST_244,2023-08-18 11:00:00,Bread,Groceries,2,326.69,653.38
TXN_01143,CUST_023,2023-12-04 16:00:00,Laptop,Electronics,1,321.52,321.52
TXN_01143,CUST_023,2023-12-04 16:00:00,Monitor,Electronics,1,115.49,115.49
TXN_01144,CUST_206,2023-08-07 21:00:00,Laptop,Electronics,1,321.52,321.52
TXN_01144,CUST_206,2023-08-07 21:00:00,Monitor,Electronics,1,115.49,115.49
TXN_01145,CUST_165,2023-11-08 04:00:00,Headphones,Electronics,1,141.14,141.14
TXN_01145,CUST_165,2023-11-08 04:00:00,Smartphone,Electronics,1,17.38,17.38
TXN_01146,CUST_233,2023-09-16 19:00:00,Laptop,Electronics,1,321.52,321.52
TXN_01146,CUST_233,2023-09-16 19:00:00,Monitor,Electronics,1,115.49,115.49
TXN_01147,CUST_232,2023-04-27 13:00:00,T-Shirt,Clothing,1,48.03,48.03
TXN_01147,CUST_232,2023-04-27 13:00:00,Jeans,Clothing,1,213.85,213.85
TXN_01147,CUST_232,2023-04-27 13:00:00,Sneakers,Clothing,1,19.75,19.75
TXN_01148,CUST_219,2023-06-10 21:00:00,Laptop,Electronics,1,321.52,321.52
TXN_01148,CUST_219,2023-06-10 21:00:00,Webcam,Electronics,1,446.63,446.63
TXN_01148,CUST_219,2023-06-10 21:00:00,Mouse,Electronics,1,369.55,369.55
TXN_01148,CUST_219,2023-06-10 21:00:00,Keyboard,Electronics,1,339.97,339.97
TXN_01149,CUST_048,2023-08-10 03:00:00,Mug,Home & Garden,1,171.61,171.61
TXN_01149,CUST_048,2023-08-10 03:00:00,Banana,Groceries,1,296.69,296.69
TXN_01149,CUST_048,2023-08-10 03:00:00,Mouse,Electronics,1,369.55,369.55
TXN_01150,CUST_288,2023-10-15 10:00:00,Sweater,Clothing,1,255.15,255.15
TXN_01150,CUST_288,2023-10-15 10:00:00,Milk,Groceries,1,103.42,103.42
TXN_01150,CUST_288,2023-10-15 10:00:00,Lamp,Home & Garden,1,350.58,350.58
TXN_01150,CUST_288,2023-10-15 10:00:00,Cushion,Home & Garden,1,478.82,478.82
TXN_01151,CUST_148,2023-11-04 09:00:00,Mug,Home & Garden,1,171.61,171.61
TXN_01151,CUST_148,2023-11-04 09:00:00,Coffee,Groceries,2,405.67,811.34
TXN_01152,CUST_056,2023-06-29 17:00:00,Headphones,Electronics,1,141.14,141.14
TXN_01152,CUST_056,2023-06-29 17:00:00,Smartphone,Electronics,1,17.38,17.38
TXN_01153,CUST_137,2023-01-15 05:00:00,Headphones,Electronics,1,141.14,141.14
TXN_01153,CUST_137,2023-01-15 05:00:00,Smartphone,Electronics,1,17.38,17.38
TXN_01154,CUST_093,2023-03-15 18:00:00,Mouse,Electronics,1,369.55,369.55
TXN_01155,CUST_016,2023-02-16 23:00:00,Bread,Groceries,3,326.69,980.07
TXN_01155,CUST_016,2023-02-16 23:00:00,Milk,Groceries,3,103.42,310.26
TXN_01155,CUST_016,2023-02-16 23:00:00,Keyboard,Electronics,1,339.97,339.97
TXN_01155,CUST_016,2023-02-16 23:00:00,Jacket,Clothing,1,113.23,113.23
TXN_01156,CUST_167,2023-10-18 19:00:00,Bread,Groceries,1,326.69,326.69
TXN_01156,CUST_167,2023-10-18 19:00:00,Eggs,Groceries,1,274.75,274.75
TXN_01157,CUST_140,2023-08-15 21:00:00,Mug,Home & Garden,1,171.61,171.61
TXN_01157,CUST_140,2023-08-15 21:00:00,Coffee,Groceries,2,405.67,811.34
TXN_01158,CUST_263,2023-02-28 11:00:00,Headphones,Electronics,1,141.14,141.14
TXN_01158,CUST_263,2023-02-28 11:00:00,Smartphone,Electronics,1,17.38,17.38
TXN_01159,CUST_113,2023-07-22 19:00:00,Laptop,Electronics,1,321.52,321.52
TXN_01159,CUST_113,2023-07-22 19:00:00,Webcam,Electronics,1,446.63,446.63
TXN_01159,CUST_113,2023-07-22 19:00:00,Mouse,Electronics,1,369.55,369.55
TXN_01160,CUST_149,2023-06-17 03:00:00,Laptop,Electronics,1,321.52,321.52
TXN_01160,CUST_149,2023-06-17 03:00:00,Monitor,Electronics,1,115.49,115.49
TXN_01161,CUST_195,2023-09-30 22:00:00,Mug,Home & Garden,1,171.61,171.61
TXN_01161,CUST_195,2023-09-30 22:00:00,Coffee,Groceries,1,405.67,405.67
TXN_01162,CUST_224,2023-01-10 14:00:00,Milk,Groceries,4,103.42,413.68
TXN_01162,CUST_224,2023-01-10 14:00:00,Coffee,Groceries,4,405.67,1622.68
TXN_01163,CUST_149,2023-02-28 12:00:00,Headphones,Electronics,1,141.14,141.14
TXN_01163,CUST_149,2023-02-28 12:00:00,Smartphone,Electronics,1,17.38,17.38
TXN_01164,CUST_046,2023-08-12 03:00:00,Mug,Home & Garden,1,171.61,171.61
TXN_01164,CUST_046,2023-08-12 03:00:00,Coffee,Groceries,3,405.67,1217.01
TXN_01165,CUST_174,2023-04-24 10:00:00,Apples,Groceries,1,114.12,114.12
TXN_01166,CUST_272,2023-09-19 06:00:00,Sweater,Clothing,1,255.15,255.15
TXN_01166,CUST_272,2023-09-19 06:00:00,Plant,Home & Garden,1,403.88,403.88
TXN_01166,CUST_272,2023-09-19 06:00:00,Table,Home & Garden,1,81.96,81.96
TXN_01167,CUST_076,2023-05-01 03:00:00,Keyboard,Electronics,1,339.97,339.97
TXN_01167,CUST_076,2023-05-01 03:00:00,Mouse,Electronics,1,369.55,369.55
TXN_01168,CUST_039,2023-04-01 20:00:00,Bread,Groceries,3,326.69,980.07
TXN_01168,CUST_039,2023-04-01 20:00:00,Coffee,Groceries,3,405.67,1217.01
TXN_01168,CUST_039,2023-04-01 20:00:00,Lamp,Home & Garden,1,350.58,350.58
TXN_01168,CUST_039,2023-04-01 20:00:00,Cushion,Home & Garden,1,478.82,478.82
TXN_01169,CUST_078,2023-08-14 02:00:00,Mug,Home & Garden,1,171.61,171.61
TXN_01169,CUST_078,2023-08-14 02:00:00,Jeans,Clothing,1,213.85,213.85
TXN_01169,CUST_078,2023-08-14 02:00:00,Coffee,Groceries,1,405.67,405.67
TXN_01170,CUST_181,2023-09-17 02:00:00,T-Shirt,Clothing,1,48.03,48.03
TXN_01170,CUST_181,2023-09-17 02:00:00,Jeans,Clothing,1,213.85,213.85
TXN_01171,CUST_147,2023-02-09 20:00:00,Butter,Groceries,4,8.22,32.88
TXN_01172,CUST_237,2023-10-25 17:00:00,Bread,Groceries,2,326.69,653.38
TXN_01173,CUST_165,2023-11-06 15:00:00,Bread,Groceries,1,326.69,326.69
TXN_01174,CUST_176,2024-01-01 02:00:00,T-Shirt,Clothing,1,48.03,48.03
TXN_01174,CUST_176,2024-01-01 02:00:00,Smartphone,Electronics,1,17.38,17.38
TXN_01175,CUST_225,2023-08-13 16:00:00,Sweater,Clothing,1,255.15,255.15
TXN_01176,CUST_145,2023-07-18 13:00:00,Mug,Home & Garden,1,171.61,171.61
TXN_01176,CUST_145,2023-07-18 13:00:00,Plant,Home & Garden,1,403.88,403.88
TXN_01176,CUST_145,2023-07-18 13:00:00,Smartphone,Electronics,1,17.38,17.38
TXN_01176,CUST_145,2023-07-18 13:00:00,Jacket,Clothing,1,113.23,113.23
TXN_01177,CUST_034,2023-06-18 03:00:00,Table,Home & Garden,1,81.96,81.96
TXN_01177,CUST_034,2023-06-18 03:00:00,Jeans,Clothing,1,213.85,213.85
TXN_01177,CUST_034,2023-06-18 03:00:00,Sneakers,Clothing,1,19.75,19.75
TXN_01177,CUST_034,2023-06-18 03:00:00,Lamp,Home & Garden,1,350.58,350.58
TXN_01178,CUST_077,2023-06-20 02:00:00,Sweater,Clothing,1,255.15,255.15
TXN_01178,CUST_077,2023-06-20 02:00:00,Sneakers,Clothing,1,19.75,19.75
TXN_01179,CUST_201,2023-03-08 19:00:00,Sneakers,Clothing,1,19.75,19.75
TXN_01180,CUST_287,2023-07-12 20:00:00,Chair,Home & Garden,1,173.42,173.42
TXN_01180,CUST_287,2023-07-12 20:00:00,Lamp,Home & Garden,1,350.58,350.58
TXN_01181,CUST_270,2023-02-17 20:00:00,Sweater,Clothing,1,255.15,255.15
TXN_01181,CUST_270,2023-02-17 20:00:00,Laptop,Electronics,1,321.52,321.52
TXN_01181,CUST_270,2023-02-17 20:00:00,Sneakers,Clothing,1,19.75,19.75
TXN_01181,CUST_270,2023-02-17 20:00:00,Keyboard,Electronics,1,339.97,339.97
TXN_01182,CUST_110,2023-06-24 15:00:00,Laptop,Electronics,1,321.52,321.52
TXN_01182,CUST_110,2023-06-24 15:00:00,Mouse,Electronics,1,369.55,369.55
TXN_01183,CUST_052,2023-09-17 17:00:00,Butter,Groceries,2,8.22,16.44
TXN_01183,CUST_052,2023-09-17 17:00:00,Smartphone,Electronics,1,17.38,17.38
TXN_01183,CUST_052,2023-09-17 17:00:00,Lamp,Home & Garden,1,350.58,350.58
TXN_01183,CUST_052,2023-09-17 17:00:00,Jacket,Clothing,1,113.23,113.23
TXN_01183,CUST_052,2023-09-17 17:00:00,Cushion,Home & Garden,1,478.82,478.82
TXN_01184,CUST_193,2023-03-20 05:00:00,Laptop,Electronics,1,321.52,321.52
TXN_01184,CUST_193,2023-03-20 05:00:00,Monitor,Electronics,1,115.49,115.49
TXN_01185,CUST_211,2023-07-06 21:00:00,Cushion,Home & Garden,1,478.82,478.82
TXN_01185,CUST_211,2023-07-06 21:00:00,Table,Home & Garden,1,81.96,81.96
TXN_01185,CUST_211,2023-07-06 21:00:00,Butter,Groceries,4,8.22,32.88
TXN_01185,CUST_211,2023-07-06 21:00:00,Sneakers,Clothing,1,19.75,19.75
TXN_01186,CUST_120,2023-10-01 07:00:00,T-Shirt,Clothing,1,48.03,48.03
TXN_01186,CUST_120,2023-10-01 07:00:00,Sneakers,Clothing,1,19.75,19.75
TXN_01187,CUST_237,2023-05-25 12:00:00,Mug,Home & Garden,1,171.61,171.61
TXN_01187,CUST_237,2023-05-25 12:00:00,Keyboard,Electronics,1,339.97,339.97
TXN_01187,CUST_237,2023-05-25 12:00:00,Butter,Groceries,2,8.22,16.44
TXN_01187,CUST_237,2023-05-25 12:00:00,Webcam,Electronics,1,446.63,446.63
TXN_01188,CUST_129,2023-01-27 20:00:00,Chair,Home & Garden,1,173.42,173.42
TXN_01188,CUST_129,2023-01-27 20:00:00,Banana,Groceries,1,296.69,296.69
TXN_01188,CUST_129,2023-01-27 20:00:00,Monitor,Electronics,1,115.49,115.49
TXN_01189,CUST_146,2023-02-12 05:00:00,Mug,Home & Garden,1,171.61,171.61
TXN_01189,CUST_146,2023-02-12 05:00:00,Coffee,Groceries,2,405.67,811.34
TXN_01190,CUST_231,2023-06-28 00:00:00,T-Shirt,Clothing,1,48.03,48.03
TXN_01190,CUST_231,2023-06-28 00:00:00,Jeans,Clothing,1,213.85,213.85
TXN_01190,CUST_231,2023-06-28 00:00:00,Sneakers,Clothing,1,19.75,19.75
TXN_01191,CUST_192,2023-04-25 00:00:00,Bread,Groceries,3,326.69,980.07
TXN_01191,CUST_192,2023-04-25 00:00:00,Milk,Groceries,4,103.42,413.68
TXN_01191,CUST_192,2023-04-25 00:00:00,Eggs,Groceries,2,274.75,549.5
TXN_01191,CUST_192,2023-04-25 00:00:00,Butter,Groceries,4,8.22,32.88
TXN_01192,CUST_230,2023-11-12 00:00:00,Jeans,Clothing,1,213.85,213.85
TXN_01193,CUST_111,2023-03-18 17:00:00,Apples,Groceries,2,114.12,228.24
TXN_01193,CUST_111,2023-03-18 17:00:00,Milk,Groceries,3,103.42,310.26
TXN_01193,CUST_111,2023-03-18 17:00:00,Monitor,Electronics,1,115.49,115.49
TXN_01193,CUST_111,2023-03-18 17:00:00,Sneakers,Clothing,1,19.75,19.75
TXN_01193,CUST_111,2023-03-18 17:00:00,Cushion,Home & Garden,1,478.82,478.82
TXN_01194,CUST_063,2023-01-25 07:00:00,Mug,Home & Garden,1,171.61,171.61
TXN_01194,CUST_063,2023-01-25 07:00:00,Coffee,Groceries,4,405.67,1622.68
TXN_01195,CUST_275,2023-01-09 20:00:00,Chair,Home & Garden,1,173.42,173.42
TXN_01195,CUST_275,2023-01-09 20:00:00,Mouse,Electronics,1,369.55,369.55
TXN_01196,CUST_150,2023-08-08 00:00:00,Milk,Groceries,2,103.42,206.84
TXN_01196,CUST_150,2023-08-08 00:00:00,Coffee,Groceries,1,405.67,405.67
TXN_01197,CUST_269,2023-07-04 02:00:00,Apples,Groceries,4,114.12,456.48
TXN_01197,CUST_269,2023-07-04 02:00:00,Mug,Home & Garden,1,171.61,171.61
TXN_01197,CUST_269,2023-07-04 02:00:00,Banana,Groceries,4,296.69,1186.76
TXN_01197,CUST_269,2023-07-04 02:00:00,Laptop,Electronics,1,321.52,321.52
TXN_01198,CUST_023,2023-11-22 12:00:00,Laptop,Electronics,1,321.52,321.52
TXN_01198,CUST_023,2023-11-22 12:00:00,Table,Home & Garden,1,81.96,81.96
TXN_01198,CUST_023,2023-11-22 12:00:00,Sweater,Clothing,1,255.15,255.15
TXN_01199,CUST_035,2023-06-26 07:00:00,Cushion,Home & Garden,1,478.82,478.82
TXN_01200,CUST_298,2023-06-20 04:00:00,Mug,Home & Garden,1,171.61,171.61
TXN_01200,CUST_298,2023-06-20 04:00:00,Coffee,Groceries,4,405.67,1622.68
TXN_01201,CUST_094,2023-03-11 02:00:00,Smartphone,Electronics,1,17.38,17.38
TXN_01201,CUST_094,2023-03-11 02:00:00,Sneakers,Clothing,1,19.75,19.75
TXN_01201,CUST_094,2023-03-11 02:00:00,Webcam,Electronics,1,446.63,446.63
TXN_01202,CUST_103,2023-01-22 10:00:00,Eggs,Groceries,2,274.75,549.5
TXN_01202,CUST_103,2023-01-22 10:00:00,Socks,Clothing,1,18.14,18.14
TXN_01202,CUST_103,2023-01-22 10:00:00,Banana,Groceries,3,296.69,890.07
TXN_01202,CUST_103,2023-01-22 10:00:00,Smartphone,Electronics,1,17.38,17.38
TXN_01202,CUST_103,2023-01-22 10:00:00,Jeans,Clothing,1,213.85,213.85
TXN_01203,CUST_183,2023-01-25 20:00:00,Bread,Groceries,4,326.69,1306.76
TXN_01203,CUST_183,2023-01-25 20:00:00,Eggs,Groceries,3,274.75,824.25
TXN_01203,CUST_183,2023-01-25 20:00:00,Butter,Groceries,2,8.22,16.44
TXN_01204,CUST_255,2023-12-21 15:00:00,Mug,Home & Garden,1,171.61,171.61
TXN_01204,CUST_255,2023-12-21 15:00:00,Coffee,Groceries,1,405.67,405.67
TXN_01205,CUST_221,2023-11-05 05:00:00,Headphones,Electronics,1,141.14,141.14
TXN_01205,CUST_221,2023-11-05 05:00:00,Monitor,Electronics,1,115.49,115.49
TXN_01205,CUST_221,2023-11-05 05:00:00,Jacket,Clothing,1,113.23,113.23
TXN_01206,CUST_152,2023-06-06 14:00:00,Chair,Home & Garden,1,173.42,173.42
TXN_01206,CUST_152,2023-06-06 14:00:00,Sweater,Clothing,1,255.15,255.15
TXN_01206,CUST_152,2023-06-06 14:00:00,Keyboard,Electronics,1,339.97,339.97
TXN_01206,CUST_152,2023-06-06 14:00:00,Bread,Groceries,4,326.69,1306.76
TXN_01207,CUST_022,2023-06-30 19:00:00,Mug,Home & Garden,1,171.61,171.61
TXN_01207,CUST_022,2023-06-30 19:00:00,Plant,Home & Garden,1,403.88,403.88
TXN_01207,CUST_022,2023-06-30 19:00:00,Smartphone,Electronics,1,17.38,17.38
TXN_01208,CUST_039,2023-12-10 20:00:00,Mug,Home & Garden,1,171.61,171.61
TXN_01208,CUST_039,2023-12-10 20:00:00,Coffee,Groceries,4,405.67,1622.68
TXN_01209,CUST_018,2023-03-06 02:00:00,Laptop,Electronics,1,321.52,321.52
TXN_01209,CUST_018,2023-03-06 02:00:00,Monitor,Electronics,1,115.49,115.49
TXN_01210,CUST_291,2023-01-17 19:00:00,T-Shirt,Clothing,1,48.03,48.03
TXN_01210,CUST_291,2023-01-17 19:00:00,Jeans,Clothing,1,213.85,213.85
TXN_01210,CUST_291,2023-01-17 19:00:00,Sneakers,Clothing,1,19.75,19.75
TXN_01211,CUST_294,2023-03-12 16:00:00,Headphones,Electronics,1,141.14,141.14
TXN_01211,CUST_294,2023-03-12 16:00:00,Smartphone,Electronics,1,17.38,17.38
TXN_01212,CUST_014,2023-04-06 15:00:00,Chair,Home & Garden,1,173.42,173.42
TXN_01212,CUST_014,2023-04-06 15:00:00,Jeans,Clothing,1,213.85,213.85
TXN_01212,CUST_014,2023-04-06 15:00:00,Monitor,Electronics,1,115.49,115.49
TXN_01212,CUST_014,2023-04-06 15:00:00,Cushion,Home & Garden,1,478.82,478.82
TXN_01213,CUST_229,2023-04-20 19:00:00,Jeans,Clothing,1,213.85,213.85
TXN_01213,CUST_229,2023-04-20 19:00:00,Sneakers,Clothing,1,19.75,19.75
TXN_01214,CUST_038,2023-08-20 05:00:00,Headphones,Electronics,1,141.14,141.14
TXN_01214,CUST_038,2023-08-20 05:00:00,Mug,Home & Garden,1,171.61,171.61
TXN_01214,CUST_038,2023-08-20 05:00:00,Jacket,Clothing,1,113.23,113.23
TXN_01214,CUST_038,2023-08-20 05:00:00,Lamp,Home & Garden,1,350.58,350.58
TXN_01215,CUST_178,2023-12-30 02:00:00,Chair,Home & Garden,1,173.42,173.42
TXN_01215,CUST_178,2023-12-30 02:00:00,Keyboard,Electronics,1,339.97,339.97
TXN_01215,CUST_178,2023-12-30 02:00:00,Sneakers,Clothing,1,19.75,19.75
TXN_01216,CUST_090,2023-07-05 16:00:00,Webcam,Electronics,1,446.63,446.63
TXN_01216,CUST_090,2023-07-05 16:00:00,Mouse,Electronics,1,369.55,369.55
TXN_01217,CUST_014,2023-07-04 17:00:00,Mug,Home & Garden,1,171.61,171.61
TXN_01217,CUST_014,2023-07-04 17:00:00,Banana,Groceries,1,296.69,296.69
TXN_01217,CUST_014,2023-07-04 17:00:00,Butter,Groceries,1,8.22,8.22
TXN_01217,CUST_014,2023-07-04 17:00:00,Mouse,Electronics,1,369.55,369.55
TXN_01218,CUST_159,2023-07-23 22:00:00,Headphones,Electronics,1,141.14,141.14
TXN_01218,CUST_159,2023-07-23 22:00:00,Milk,Groceries,2,103.42,206.84
TXN_01218,CUST_159,2023-07-23 22:00:00,Coffee,Groceries,3,405.67,1217.01
TXN_01218,CUST_159,2023-07-23 22:00:00,Cushion,Home & Garden,1,478.82,478.82
TXN_01219,CUST_038,2023-08-19 14:00:00,Banana,Groceries,2,296.69,593.38
TXN_01219,CUST_038,2023-08-19 14:00:00,Mouse,Electronics,1,369.55,369.55
TXN_01219,CUST_038,2023-08-19 14:00:00,Cushion,Home & Garden,1,478.82,478.82
TXN_01220,CUST_067,2023-08-10 16:00:00,Monitor,Electronics,1,115.49,115.49
TXN_01221,CUST_266,2023-03-20 09:00:00,Headphones,Electronics,1,141.14,141.14
TXN_01221,CUST_266,2023-03-20 09:00:00,Smartphone,Electronics,1,17.38,17.38
TXN_01222,CUST_041,2023-05-09 06:00:00,Butter,Groceries,1,8.22,8.22
TXN_01222,CUST_041,2023-05-09 06:00:00,Mouse,Electronics,1,369.55,369.55
TXN_01222,CUST_041,2023-05-09 06:00:00,Plant,Home & Garden,1,403.88,403.88
TXN_01222,CUST_041,2023-05-09 06:00:00,Jeans,Clothing,1,213.85,213.85
TXN_01222,CUST_041,2023-05-09 06:00:00,Sneakers,Clothing,1,19.75,19.75
TXN_01223,CUST_258,2023-11-25 05:00:00,Keyboard,Electronics,1,339.97,339.97
TXN_01223,CUST_258,2023-11-25 05:00:00,Butter,Groceries,3,8.22,24.66
TXN_01223,CUST_258,2023-11-25 05:00:00,Mouse,Electronics,1,369.55,369.55
TXN_01223,CUST_258,2023-11-25 05:00:00,Table,Home & Garden,1,81.96,81.96
TXN_01223,CUST_258,2023-11-25 05:00:00,Lamp,Home & Garden,1,350.58,350.58
TXN_01224,CUST_289,2023-01-22 00:00:00,Laptop,Electronics,1,321.52,321.52
TXN_01224,CUST_289,2023-01-22 00:00:00,Monitor,Electronics,1,115.49,115.49
TXN_01225,CUST_016,2023-09-12 20:00:00,Mug,Home & Garden,1,171.61,171.61
TXN_01225,CUST_016,2023-09-12 20:00:00,T-Shirt,Clothing,1,48.03,48.03
TXN_01225,CUST_016,2023-09-12 20:00:00,Eggs,Groceries,4,274.75,1099.0
TXN_01226,CUST_153,2023-08-21 02:00:00,Bread,Groceries,4,326.69,1306.76
TXN_01226,CUST_153,2023-08-21 02:00:00,Milk,Groceries,4,103.42,413.68
TXN_01227,CUST_105,2023-06-24 19:00:00,Laptop,Electronics,1,321.52,321.52
TXN_01227,CUST_105,2023-06-24 19:00:00,Monitor,Electronics,1,115.49,115.49
TXN_01228,CUST_067,2023-07-09 16:00:00,Bread,Groceries,3,326.69,980.07
TXN_01228,CUST_067,2023-07-09 16:00:00,T-Shirt,Clothing,1,48.03,48.03
TXN_01228,CUST_067,2023-07-09 16:00:00,Monitor,Electronics,1,115.49,115.49
TXN_01229,CUST_231,2023-05-07 04:00:00,Headphones,Electronics,1,141.14,141.14
TXN_01229,CUST_231,2023-05-07 04:00:00,Smartphone,Electronics,1,17.38,17.38
TXN_01230,CUST_082,2023-06-17 18:00:00,Keyboard,Electronics,1,339.97,339.97
TXN_01230,CUST_082,2023-06-17 18:00:00,Cushion,Home & Garden,1,478.82,478.82
TXN_01231,CUST_256,2023-09-21 14:00:00,Headphones,Electronics,1,141.14,141.14
TXN_01231,CUST_256,2023-09-21 14:00:00,Laptop,Electronics,1,321.52,321.52
TXN_01231,CUST_256,2023-09-21 14:00:00,Eggs,Groceries,4,274.75,1099.0
TXN_01232,CUST_259,2023-08-23 07:00:00,Headphones,Electronics,1,141.14,141.14
TXN_01232,CUST_259,2023-08-23 07:00:00,Smartphone,Electronics,1,17.38,17.38
TXN_01233,CUST_254,2023-11-02 20:00:00,Laptop,Electronics,1,321.52,321.52
TXN_01233,CUST_254,2023-11-02 20:00:00,Banana,Groceries,4,296.69,1186.76
TXN_01233,CUST_254,2023-11-02 20:00:00,Monitor,Electronics,1,115.49,115.49
TXN_01234,CUST_069,2023-05-16 23:00:00,T-Shirt,Clothing,1,48.03,48.03
TXN_01234,CUST_069,2023-05-16 23:00:00,Jeans,Clothing,1,213.85,213.85
TXN_01234,CUST_069,2023-05-16 23:00:00,Sneakers,Clothing,1,19.75,19.75
TXN_01235,CUST_292,2023-10-15 06:00:00,Headphones,Electronics,1,141.14,141.14
TXN_01235,CUST_292,2023-10-15 06:00:00,Smartphone,Electronics,1,17.38,17.38
TXN_01236,CUST_282,2023-05-24 19:00:00,Mouse,Electronics,1,369.55,369.55
TXN_01237,CUST_050,2023-07-21 11:00:00,Sweater,Clothing,1,255.15,255.15
TXN_01237,CUST_050,2023-07-21 11:00:00,Banana,Groceries,2,296.69,593.38
TXN_01237,CUST_050,2023-07-21 11:00:00,Cushion,Home & Garden,1,478.82,478.82
TXN_01238,CUST_102,2023-11-05 16:00:00,Milk,Groceries,3,103.42,310.26
TXN_01238,CUST_102,2023-11-05 16:00:00,Butter,Groceries,4,8.22,32.88
TXN_01239,CUST_266,2023-08-22 04:00:00,Jacket,Clothing,1,113.23,113.23
TXN_01239,CUST_266,2023-08-22 04:00:00,Keyboard,Electronics,1,339.97,339.97
TXN_01239,CUST_266,2023-08-22 04:00:00,Butter,Groceries,4,8.22,32.88
TXN_01239,CUST_266,2023-08-22 04:00:00,Mouse,Electronics,1,369.55,369.55
TXN_01240,CUST_154,2023-10-31 10:00:00,Eggs,Groceries,4,274.75,1099.0
TXN_01240,CUST_154,2023-10-31 10:00:00,Coffee,Groceries,1,405.67,405.67
TXN_01240,CUST_154,2023-10-31 10:00:00,Banana,Groceries,3,296.69,890.07
TXN_01240,CUST_154,2023-10-31 10:00:00,Sneakers,Clothing,1,19.75,19.75
TXN_01240,CUST_154,2023-10-31 10:00:00,Chair,Home & Garden,1,173.42,173.42
TXN_01241,CUST_170,2023-12-11 03:00:00,Plant,Home & Garden,1,403.88,403.88
TXN_01241,CUST_170,2023-12-11 03:00:00,Table,Home & Garden,1,81.96,81.96
TXN_01241,CUST_170,2023-12-11 03:00:00,Sneakers,Clothing,1,19.75,19.75
TXN_01241,CUST_170,2023-12-11 03:00:00,Chair,Home & Garden,1,173.42,173.42
TXN_01241,CUST_170,2023-12-11 03:00:00,Mug,Home & Garden,1,171.61,171.61
TXN_01242,CUST_014,2023-11-02 15:00:00,Laptop,Electronics,1,321.52,321.52
TXN_01242,CUST_014,2023-11-02 15:00:00,Monitor,Electronics,1,115.49,115.49
TXN_01243,CUST_088,2023-09-26 20:00:00,T-Shirt,Clothing,1,48.03,48.03
TXN_01243,CUST_088,2023-09-26 20:00:00,Smartphone,Electronics,1,17.38,17.38
TXN_01243,CUST_088,2023-09-26 20:00:00,Mouse,Electronics,1,369.55,369.55
TXN_01243,CUST_088,2023-09-26 20:00:00,Lamp,Home & Garden,1,350.58,350.58
TXN_01244,CUST_294,2023-12-25 03:00:00,T-Shirt,Clothing,1,48.03,48.03
TXN_01244,CUST_294,2023-12-25 03:00:00,Jeans,Clothing,1,213.85,213.85
TXN_01244,CUST_294,2023-12-25 03:00:00,Sneakers,Clothing,1,19.75,19.75
TXN_01245,CUST_105,2023-07-30 16:00:00,Chair,Home & Garden,1,173.42,173.42
TXN_01245,CUST_105,2023-07-30 16:00:00,Table,Home & Garden,1,81.96,81.96
TXN_01245,CUST_105,2023-07-30 16:00:00,Smartphone,Electronics,1,17.38,17.38
TXN_01246,CUST_071,2023-09-23 06:00:00,Apples,Groceries,4,114.12,456.48
TXN_01246,CUST_071,2023-09-23 06:00:00,Keyboard,Electronics,1,339.97,339.97
TXN_01246,CUST_071,2023-09-23 06:00:00,Jacket,Clothing,1,113.23,113.23
TXN_01246,CUST_071,2023-09-23 06:00:00,Socks,Clothing,1,18.14,18.14
TXN_01247,CUST_273,2023-06-25 17:00:00,Laptop,Electronics,1,321.52,321.52
TXN_01247,CUST_273,2023-06-25 17:00:00,Monitor,Electronics,1,115.49,115.49
TXN_01248,CUST_127,2023-05-23 17:00:00,Headphones,Electronics,1,141.14,141.14
TXN_01248,CUST_127,2023-05-23 17:00:00,Smartphone,Electronics,1,17.38,17.38
TXN_01249,CUST_163,2023-09-03 11:00:00,Monitor,Electronics,1,115.49,115.49
TXN_01249,CUST_163,2023-09-03 11:00:00,Sneakers,Clothing,1,19.75,19.75
TXN_01249,CUST_163,2023-09-03 11:00:00,Coffee,Groceries,4,405.67,1622.68
TXN_01250,CUST_203,2023-06-26 04:00:00,Headphones,Electronics,1,141.14,141.14
TXN_01250,CUST_203,2023-06-26 04:00:00,Smartphone,Electronics,1,17.38,17.38
TXN_01251,CUST_132,2023-09-03 06:00:00,Mug,Home & Garden,1,171.61,171.61
TXN_01251,CUST_132,2023-09-03 06:00:00,Coffee,Groceries,1,405.67,405.67
TXN_01252,CUST_123,2023-05-05 01:00:00,Plant,Home & Garden,1,403.88,403.88
TXN_01252,CUST_123,2023-05-05 01:00:00,T-Shirt,Clothing,1,48.03,48.03
TXN_01252,CUST_123,2023-05-05 01:00:00,Smartphone,Electronics,1,17.38,17.38
TXN_01252,CUST_123,2023-05-05 01:00:00,Monitor,Electronics,1,115.49,115.49
TXN_01253,CUST_212,2023-06-19 22:00:00,Laptop,Electronics,1,321.52,321.52
TXN_01253,CUST_212,2023-06-19 22:00:00,Banana,Groceries,2,296.69,593.38
TXN_01254,CUST_209,2023-12-01 15:00:00,Sneakers,Clothing,1,19.75,19.75
TXN_01254,CUST_209,2023-12-01 15:00:00,Cushion,Home & Garden,1,478.82,478.82
TXN_01255,CUST_165,2023-05-27 20:00:00,Bread,Groceries,4,326.69,1306.76
TXN_01255,CUST_165,2023-05-27 20:00:00,Milk,Groceries,2,103.42,206.84
TXN_01255,CUST_165,2023-05-27 20:00:00,Eggs,Groceries,1,274.75,274.75
TXN_01255,CUST_165,2023-05-27 20:00:00,Butter,Groceries,4,8.22,32.88
TXN_01256,CUST_254,2023-04-06 23:00:00,Laptop,Electronics,1,321.52,321.52
TXN_01256,CUST_254,2023-04-06 23:00:00,Smartphone,Electronics,1,17.38,17.38
TXN_01256,CUST_254,2023-04-06 23:00:00,Sneakers,Clothing,1,19.75,19.75
TXN_01257,CUST_291,2023-11-05 03:00:00,Bread,Groceries,4,326.69,1306.76
TXN_01257,CUST_291,2023-11-05 03:00:00,Plant,Home & Garden,1,403.88,403.88
TXN_01257,CUST_291,2023-11-05 03:00:00,Sneakers,Clothing,1,19.75,19.75
TXN_01258,CUST_069,2023-09-16 14:00:00,Bread,Groceries,3,326.69,980.07
TXN_01258,CUST_069,2023-09-16 14:00:00,Eggs,Groceries,2,274.75,549.5
TXN_01258,CUST_069,2023-09-16 14:00:00,Butter,Groceries,1,8.22,8.22
TXN_01259,CUST_173,2023-06-01 18:00:00,Keyboard,Electronics,1,339.97,339.97
TXN_01259,CUST_173,2023-06-01 18:00:00,Butter,Groceries,4,8.22,32.88
TXN_01260,CUST_219,2023-09-21 10:00:00,Laptop,Electronics,1,321.52,321.52
TXN_01260,CUST_219,2023-09-21 10:00:00,Monitor,Electronics,1,115.49,115.49
TXN_01261,CUST_245,2023-06-15 07:00:00,T-Shirt,Clothing,1,48.03,48.03
TXN_01261,CUST_245,2023-06-15 07:00:00,Sneakers,Clothing,1,19.75,19.75
TXN_01262,CUST_169,2023-06-04 18:00:00,Jeans,Clothing,1,213.85,213.85
TXN_01263,CUST_185,2023-12-21 07:00:00,Bread,Groceries,3,326.69,980.07
TXN_01263,CUST_185,2023-12-21 07:00:00,Milk,Groceries,1,103.42,103.42
TXN_01263,CUST_185,2023-12-21 07:00:00,Eggs,Groceries,3,274.75,824.25
TXN_01264,CUST_189,2023-11-11 07:00:00,Keyboard,Electronics,1,339.97,339.97
TXN_01264,CUST_189,2023-11-11 07:00:00,Webcam,Electronics,1,446.63,446.63
TXN_01264,CUST_189,2023-11-11 07:00:00,Mouse,Electronics,1,369.55,369.55
TXN_01265,CUST_213,2023-12-26 17:00:00,T-Shirt,Clothing,1,48.03,48.03
TXN_01265,CUST_213,2023-12-26 17:00:00,Webcam,Electronics,1,446.63,446.63
TXN_01265,CUST_213,2023-12-26 17:00:00,Lamp,Home & Garden,1,350.58,350.58
TXN_01265,CUST_213,2023-12-26 17:00:00,Mug,Home & Garden,1,171.61,171.61
TXN_01265,CUST_213,2023-12-26 17:00:00,Cushion,Home & Garden,1,478.82,478.82
TXN_01266,CUST_042,2023-09-27 14:00:00,Headphones,Electronics,1,141.14,141.14
TXN_01266,CUST_042,2023-09-27 14:00:00,Monitor,Electronics,1,115.49,115.49
TXN_01266,CUST_042,2023-09-27 14:00:00,Coffee,Groceries,1,405.67,405.67
TXN_01267,CUST_281,2023-09-16 06:00:00,Keyboard,Electronics,1,339.97,339.97
TXN_01267,CUST_281,2023-09-16 06:00:00,Jacket,Clothing,1,113.23,113.23
TXN_01268,CUST_267,2023-08-15 03:00:00,Bread,Groceries,1,326.69,326.69
TXN_01268,CUST_267,2023-08-15 03:00:00,Apples,Groceries,4,114.12,456.48
TXN_01268,CUST_267,2023-08-15 03:00:00,Eggs,Groceries,2,274.75,549.5
TXN_01268,CUST_267,2023-08-15 03:00:00,Headphones,Electronics,1,141.14,141.14
TXN_01268,CUST_267,2023-08-15 03:00:00,Mug,Home & Garden,1,171.61,171.61
TXN_01269,CUST_263,2023-08-01 14:00:00,Bread,Groceries,1,326.69,326.69
TXN_01269,CUST_263,2023-08-01 14:00:00,Table,Home & Garden,1,81.96,81.96
TXN_01269,CUST_263,2023-08-01 14:00:00,Lamp,Home & Garden,1,350.58,350.58
TXN_01269,CUST_263,2023-08-01 14:00:00,Sneakers,Clothing,1,19.75,19.75
TXN_01269,CUST_263,2023-08-01 14:00:00,Mug,Home & Garden,1,171.61,171.61
TXN_01270,CUST_203,2023-05-11 00:00:00,Sweater,Clothing,1,255.15,255.15
TXN_01270,CUST_203,2023-05-11 00:00:00,Milk,Groceries,1,103.42,103.42
TXN_01270,CUST_203,2023-05-11 00:00:00,Smartphone,Electronics,1,17.38,17.38
TXN_01270,CUST_203,2023-05-11 00:00:00,Headphones,Electronics,1,141.14,141.14
TXN_01270,CUST_203,2023-05-11 00:00:00,Chair,Home & Garden,1,173.42,173.42
TXN_01271,CUST_278,2023-01-31 02:00:00,Keyboard,Electronics,1,339.97,339.97
TXN_01271,CUST_278,2023-01-31 02:00:00,Milk,Groceries,2,103.42,206.84
TXN_01271,CUST_278,2023-01-31 02:00:00,Smartphone,Electronics,1,17.38,17.38
TXN_01271,CUST_278,2023-01-31 02:00:00,Sneakers,Clothing,1,19.75,19.75
TXN_01272,CUST_216,2023-07-11 12:00:00,T-Shirt,Clothing,1,48.03,48.03
TXN_01272,CUST_216,2023-07-11 12:00:00,Jeans,Clothing,1,213.85,213.85
TXN_01272,CUST_216,2023-07-11 12:00:00,Sneakers,Clothing,1,19.75,19.75
TXN_01273,CUST_061,2023-04-02 17:00:00,Webcam,Electronics,1,446.63,446.63
TXN_01273,CUST_061,2023-04-02 17:00:00,Laptop,Electronics,1,321.52,321.52
TXN_01273,CUST_061,2023-04-02 17:00:00,Keyboard,Electronics,1,339.97,339.97
TXN_01273,CUST_061,2023-04-02 17:00:00,Mouse,Electronics,1,369.55,369.55
TXN_01274,CUST_238,2023-12-11 23:00:00,Bread,Groceries,2,326.69,653.38
TXN_01274,CUST_238,2023-12-11 23:00:00,Sweater,Clothing,1,255.15,255.15
TXN_01274,CUST_238,2023-12-11 23:00:00,T-Shirt,Clothing,1,48.03,48.03
TXN_01274,CUST_238,2023-12-11 23:00:00,Socks,Clothing,1,18.14,18.14
TXN_01275,CUST_142,2023-04-07 23:00:00,Mug,Home & Garden,1,171.61,171.61
TXN_01276,CUST_215,2023-11-11 00:00:00,Bread,Groceries,1,326.69,326.69
TXN_01276,CUST_215,2023-11-11 00:00:00,Milk,Groceries,2,103.42,206.84
TXN_01277,CUST_023,2023-07-25 14:00:00,Keyboard,Electronics,1,339.97,339.97
TXN_01277,CUST_023,2023-07-25 14:00:00,Mouse,Electronics,1,369.55,369.55
TXN_01278,CUST_149,2023-04-30 23:00:00,Butter,Groceries,3,8.22,24.66
TXN_01278,CUST_149,2023-04-30 23:00:00,T-Shirt,Clothing,1,48.03,48.03
TXN_01278,CUST_149,2023-04-30 23:00:00,Lamp,Home & Garden,1,350.58,350.58
TXN_01278,CUST_149,2023-04-30 23:00:00,Jacket,Clothing,1,113.23,113.23
TXN_01278,CUST_149,2023-04-30 23:00:00,Cushion,Home & Garden,1,478.82,478.82
TXN_01279,CUST_074,2023-12-05 16:00:00,Headphones,Electronics,1,141.14,141.14
TXN_01279,CUST_074,2023-12-05 16:00:00,Smartphone,Electronics,1,17.38,17.38
TXN_01280,CUST_219,2023-10-12 15:00:00,Headphones,Electronics,1,141.14,141.14
TXN_01280,CUST_219,2023-10-12 15:00:00,Smartphone,Electronics,1,17.38,17.38
TXN_01281,CUST_210,2023-03-18 09:00:00,Mug,Home & Garden,1,171.61,171.61
TXN_01281,CUST_210,2023-03-18 09:00:00,Coffee,Groceries,3,405.67,1217.01
TXN_01282,CUST_074,2023-08-26 01:00:00,Apples,Groceries,2,114.12,228.24
TXN_01282,CUST_074,2023-08-26 01:00:00,Banana,Groceries,3,296.69,890.07
TXN_01282,CUST_074,2023-08-26 01:00:00,Mouse,Electronics,1,369.55,369.55
TXN_01282,CUST_074,2023-08-26 01:00:00,Socks,Clothing,1,18.14,18.14
TXN_01283,CUST_105,2023-06-19 20:00:00,T-Shirt,Clothing,1,48.03,48.03
TXN_01283,CUST_105,2023-06-19 20:00:00,Jeans,Clothing,1,213.85,213.85
TXN_01283,CUST_105,2023-06-19 20:00:00,Sneakers,Clothing,1,19.75,19.75
TXN_01284,CUST_138,2023-07-13 21:00:00,Headphones,Electronics,1,141.14,141.14
TXN_01285,CUST_097,2023-10-28 23:00:00,Eggs,Groceries,3,274.75,824.25
TXN_01285,CUST_097,2023-10-28 23:00:00,Webcam,Electronics,1,446.63,446.63
TXN_01286,CUST_156,2023-01-08 06:00:00,Table,Home & Garden,1,81.96,81.96
TXN_01287,CUST_246,2023-05-05 22:00:00,T-Shirt,Clothing,1,48.03,48.03
TXN_01287,CUST_246,2023-05-05 22:00:00,Socks,Clothing,1,18.14,18.14
TXN_01288,CUST_283,2023-06-14 09:00:00,Mug,Home & Garden,1,171.61,171.61
TXN_01288,CUST_283,2023-06-14 09:00:00,Coffee,Groceries,3,405.67,1217.01
TXN_01289,CUST_263,2023-09-12 14:00:00,Laptop,Electronics,1,321.52,321.52
TXN_01289,CUST_263,2023-09-12 14:00:00,Monitor,Electronics,1,115.49,115.49
TXN_01290,CUST_190,2023-06-10 13:00:00,Laptop,Electronics,1,321.52,321.52
TXN_01290,CUST_190,2023-06-10 13:00:00,Webcam,Electronics,1,446.63,446.63
TXN_01290,CUST_190,2023-06-10 13:00:00,Mouse,Electronics,1,369.55,369.55
TXN_01290,CUST_190,2023-06-10 13:00:00,Keyboard,Electronics,1,339.97,339.97
TXN_01291,CUST_152,2023-03-20 06:00:00,T-Shirt,Clothing,1,48.03,48.03
TXN_01291,CUST_152,2023-03-20 06:00:00,Sneakers,Clothing,1,19.75,19.75
TXN_01292,CUST_132,2023-09-08 23:00:00,Bread,Groceries,3,326.69,980.07
TXN_01292,CUST_132,2023-09-08 23:00:00,Mug,Home & Garden,1,171.61,171.61
TXN_01292,CUST_132,2023-09-08 23:00:00,Keyboard,Electronics,1,339.97,339.97
TXN_01292,CUST_132,2023-09-08 23:00:00,Table,Home & Garden,1,81.96,81.96
TXN_01293,CUST_087,2023-03-13 23:00:00,Plant,Home & Garden,1,403.88,403.88
TXN_01293,CUST_087,2023-03-13 23:00:00,Banana,Groceries,1,296.69,296.69
TXN_01294,CUST_269,2023-01-18 02:00:00,Cushion,Home & Garden,1,478.82,478.82
TXN_01295,CUST_004,2023-07-31 04:00:00,Headphones,Electronics,1,141.14,141.14
TXN_01295,CUST_004,2023-07-31 04:00:00,Chair,Home & Garden,1,173.42,173.42
TXN_01296,CUST_078,2023-01-05 06:00:00,Plant,Home & Garden,1,403.88,403.88
TXN_01296,CUST_078,2023-01-05 06:00:00,Smartphone,Electronics,1,17.38,17.38
TXN_01296,CUST_078,2023-01-05 06:00:00,Butter,Groceries,4,8.22,32.88
TXN_01297,CUST_250,2023-01-09 00:00:00,Apples,Groceries,3,114.12,342.36
TXN_01297,CUST_250,2023-01-09 00:00:00,Laptop,Electronics,1,321.52,321.52
TXN_01297,CUST_250,2023-01-09 00:00:00,Table,Home & Garden,1,81.96,81.96
TXN_01298,CUST_275,2023-05-27 00:00:00,Mug,Home & Garden,1,171.61,171.61
TXN_01298,CUST_275,2023-05-27 00:00:00,Keyboard,Electronics,1,339.97,339.97
TXN_01298,CUST_275,2023-05-27 00:00:00,Monitor,Electronics,1,115.49,115.49
TXN_01299,CUST_269,2023-03-18 07:00:00,Mug,Home & Garden,1,171.61,171.61
TXN_01299,CUST_269,2023-03-18 07:00:00,Coffee,Groceries,4,405.67,1622.68
TXN_01300,CUST_041,2023-07-11 12:00:00,Chair,Home & Garden,1,173.42,173.42
TXN_01300,CUST_041,2023-07-11 12:00:00,T-Shirt,Clothing,1,48.03,48.03
TXN_01301,CUST_154,2023-12-17 02:00:00,Headphones,Electronics,1,141.14,141.14
TXN_01302,CUST_208,2023-07-14 12:00:00,Plant,Home & Garden,1,403.88,403.88
TXN_01303,CUST_005,2023-12-26 05:00:00,T-Shirt,Clothing,1,48.03,48.03
TXN_01303,CUST_005,2023-12-26 05:00:00,Jeans,Clothing,1,213.85,213.85
TXN_01303,CUST_005,2023-12-26 05:00:00,Sneakers,Clothing,1,19.75,19.75
TXN_01304,CUST_118,2023-04-19 22:00:00,Headphones,Electronics,1,141.14,141.14
TXN_01304,CUST_118,2023-04-19 22:00:00,Jeans,Clothing,1,213.85,213.85
TXN_01304,CUST_118,2023-04-19 22:00:00,Smartphone,Electronics,1,17.38,17.38
TXN_01304,CUST_118,2023-04-19 22:00:00,Lamp,Home & Garden,1,350.58,350.58
TXN_01305,CUST_144,2023-10-06 18:00:00,Laptop,Electronics,1,321.52,321.52
TXN_01305,CUST_144,2023-10-06 18:00:00,Jacket,Clothing,1,113.23,113.23
TXN_01306,CUST_107,2023-10-28 04:00:00,Headphones,Electronics,1,141.14,141.14
TXN_01306,CUST_107,2023-10-28 04:00:00,Keyboard,Electronics,1,339.97,339.97
TXN_01306,CUST_107,2023-10-28 04:00:00,Sneakers,Clothing,1,19.75,19.75
TXN_01306,CUST_107,2023-10-28 04:00:00,Coffee,Groceries,2,405.67,811.34
TXN_01307,CUST_291,2023-07-19 21:00:00,Table,Home & Garden,1,81.96,81.96
TXN_01307,CUST_291,2023-07-19 21:00:00,Socks,Clothing,1,18.14,18.14
TXN_01307,CUST_291,2023-07-19 21:00:00,Cushion,Home & Garden,1,478.82,478.82
TXN_01308,CUST_072,2023-12-19 23:00:00,Laptop,Electronics,1,321.52,321.52
TXN_01308,CUST_072,2023-12-19 23:00:00,Monitor,Electronics,1,115.49,115.49
TXN_01309,CUST_224,2023-04-29 02:00:00,Mug,Home & Garden,1,171.61,171.61
TXN_01309,CUST_224,2023-04-29 02:00:00,Coffee,Groceries,3,405.67,1217.01
TXN_01310,CUST_231,2023-09-09 07:00:00,T-Shirt,Clothing,1,48.03,48.03
TXN_01310,CUST_231,2023-09-09 07:00:00,Jeans,Clothing,1,213.85,213.85
TXN_01310,CUST_231,2023-09-09 07:00:00,Sneakers,Clothing,1,19.75,19.75
TXN_01311,CUST_152,2023-05-07 22:00:00,Headphones,Electronics,1,141.14,141.14
TXN_01311,CUST_152,2023-05-07 22:00:00,Smartphone,Electronics,1,17.38,17.38
TXN_01312,CUST_200,2023-06-12 11:00:00,Bread,Groceries,1,326.69,326.69
TXN_01312,CUST_200,2023-06-12 11:00:00,Eggs,Groceries,2,274.75,549.5
TXN_01312,CUST_200,2023-06-12 11:00:00,Butter,Groceries,1,8.22,8.22
TXN_01313,CUST_096,2023-08-09 14:00:00,Sweater,Clothing,1,255.15,255.15
TXN_01313,CUST_096,2023-08-09 14:00:00,Laptop,Electronics,1,321.52,321.52
TXN_01313,CUST_096,2023-08-09 14:00:00,Milk,Groceries,1,103.42,103.42
TXN_01313,CUST_096,2023-08-09 14:00:00,Headphones,Electronics,1,141.14,141.14
TXN_01313,CUST_096,2023-08-09 14:00:00,Monitor,Electronics,1,115.49,115.49
TXN_01314,CUST_167,2023-07-17 00:00:00,Jeans,Clothing,1,213.85,213.85
TXN_01314,CUST_167,2023-07-17 00:00:00,Sneakers,Clothing,1,19.75,19.75
TXN_01315,CUST_293,2023-09-24 05:00:00,Jeans,Clothing,1,213.85,213.85
TXN_01315,CUST_293,2023-09-24 05:00:00,Mouse,Electronics,1,369.55,369.55
TXN_01316,CUST_155,2023-05-18 15:00:00,Webcam,Electronics,1,446.63,446.63
TXN_01316,CUST_155,2023-05-18 15:00:00,Keyboard,Electronics,1,339.97,339.97
TXN_01316,CUST_155,2023-05-18 15:00:00,Mouse,Electronics,1,369.55,369.55
TXN_01317,CUST_248,2023-02-09 11:00:00,Keyboard,Electronics,1,339.97,339.97
TXN_01317,CUST_248,2023-02-09 11:00:00,Webcam,Electronics,1,446.63,446.63
TXN_01317,CUST_248,2023-02-09 11:00:00,Laptop,Electronics,1,321.52,321.52
TXN_01317,CUST_248,2023-02-09 11:00:00,Mouse,Electronics,1,369.55,369.55
TXN_01318,CUST_055,2023-03-11 09:00:00,T-Shirt,Clothing,1,48.03,48.03
TXN_01318,CUST_055,2023-03-11 09:00:00,Jeans,Clothing,1,213.85,213.85
TXN_01318,CUST_055,2023-03-11 09:00:00,Sneakers,Clothing,1,19.75,19.75
TXN_01319,CUST_226,2023-06-21 13:00:00,Butter,Groceries,2,8.22,16.44
TXN_01319,CUST_226,2023-06-21 13:00:00,Mouse,Electronics,1,369.55,369.55
TXN_01319,CUST_226,2023-06-21 13:00:00,Sneakers,Clothing,1,19.75,19.75
TXN_01319,CUST_226,2023-06-21 13:00:00,Chair,Home & Garden,1,173.42,173.42
TXN_01319,CUST_226,2023-06-21 13:00:00,Jacket,Clothing,1,113.23,113.23
TXN_01320,CUST_246,2023-06-10 05:00:00,Chair,Home & Garden,1,173.42,173.42
TXN_01320,CUST_246,2023-06-10 05:00:00,Table,Home & Garden,1,81.96,81.96
TXN_01320,CUST_246,2023-06-10 05:00:00,Sneakers,Clothing,1,19.75,19.75
TXN_01321,CUST_252,2023-10-22 07:00:00,Headphones,Electronics,1,141.14,141.14
TXN_01321,CUST_252,2023-10-22 07:00:00,Smartphone,Electronics,1,17.38,17.38
TXN_01322,CUST_289,2023-04-13 18:00:00,Lamp,Home & Garden,1,350.58,350.58
TXN_01322,CUST_289,2023-04-13 18:00:00,Cushion,Home & Garden,1,478.82,478.82
TXN_01323,CUST_282,2023-01-14 23:00:00,Bread,Groceries,3,326.69,980.07
TXN_01323,CUST_282,2023-01-14 23:00:00,Mug,Home & Garden,1,171.61,171.61
TXN_01324,CUST_036,2023-07-29 21:00:00,T-Shirt,Clothing,1,48.03,48.03
TXN_01324,CUST_036,2023-07-29 21:00:00,Jeans,Clothing,1,213.85,213.85
TXN_01324,CUST_036,2023-07-29 21:00:00,Lamp,Home & Garden,1,350.58,350.58
TXN_01325,CUST_079,2023-08-05 12:00:00,Mug,Home & Garden,1,171.61,171.61
TXN_01325,CUST_079,2023-08-05 12:00:00,Coffee,Groceries,1,405.67,405.67
TXN_01326,CUST_185,2023-12-26 17:00:00,Monitor,Electronics,1,115.49,115.49
TXN_01327,CUST_128,2023-12-03 21:00:00,Laptop,Electronics,1,321.52,321.52
TXN_01327,CUST_128,2023-12-03 21:00:00,Monitor,Electronics,1,115.49,115.49
TXN_01328,CUST_221,2023-02-24 00:00:00,Keyboard,Electronics,1,339.97,339.97
TXN_01328,CUST_221,2023-02-24 00:00:00,Webcam,Electronics,1,446.63,446.63
TXN_01328,CUST_221,2023-02-24 00:00:00,Laptop,Electronics,1,321.52,321.52
TXN_01328,CUST_221,2023-02-24 00:00:00,Mouse,Electronics,1,369.55,369.55
TXN_01329,CUST_238,2023-12-14 18:00:00,Sweater,Clothing,1,255.15,255.15
TXN_01329,CUST_238,2023-12-14 18:00:00,Laptop,Electronics,1,321.52,321.52
TXN_01330,CUST_248,2023-02-23 09:00:00,Bread,Groceries,3,326.69,980.07
TXN_01330,CUST_248,2023-02-23 09:00:00,Butter,Groceries,3,8.22,24.66
TXN_01331,CUST_234,2023-04-16 16:00:00,Bread,Groceries,4,326.69,1306.76
TXN_01331,CUST_234,2023-04-16 16:00:00,Table,Home & Garden,1,81.96,81.96
TXN_01331,CUST_234,2023-04-16 16:00:00,Monitor,Electronics,1,115.49,115.49
TXN_01331,CUST_234,2023-04-16 16:00:00,Chair,Home & Garden,1,173.42,173.42
TXN_01332,CUST_164,2023-02-04 09:00:00,Laptop,Electronics,1,321.52,321.52
TXN_01332,CUST_164,2023-02-04 09:00:00,Monitor,Electronics,1,115.49,115.49
TXN_01333,CUST_056,2023-12-13 05:00:00,Apples,Groceries,2,114.12,228.24
TXN_01333,CUST_056,2023-12-13 05:00:00,Keyboard,Electronics,1,339.97,339.97
TXN_01334,CUST_170,2023-10-14 13:00:00,Mug,Home & Garden,1,171.61,171.61
TXN_01334,CUST_170,2023-10-14 13:00:00,Socks,Clothing,1,18.14,18.14
TXN_01335,CUST_095,2023-04-06 20:00:00,Laptop,Electronics,1,321.52,321.52
TXN_01335,CUST_095,2023-04-06 20:00:00,Table,Home & Garden,1,81.96,81.96
TXN_01335,CUST_095,2023-04-06 20:00:00,Butter,Groceries,4,8.22,32.88
TXN_01335,CUST_095,2023-04-06 20:00:00,Webcam,Electronics,1,446.63,446.63
TXN_01336,CUST_220,2023-07-19 00:00:00,Jeans,Clothing,1,213.85,213.85
TXN_01336,CUST_220,2023-07-19 00:00:00,Cushion,Home & Garden,1,478.82,478.82
TXN_01337,CUST_033,2023-10-23 03:00:00,Bread,Groceries,1,326.69,326.69
TXN_01337,CUST_033,2023-10-23 03:00:00,Sweater,Clothing,1,255.15,255.15
TXN_01337,CUST_033,2023-10-23 03:00:00,Keyboard,Electronics,1,339.97,339.97
TXN_01337,CUST_033,2023-10-23 03:00:00,Webcam,Electronics,1,446.63,446.63
TXN_01337,CUST_033,2023-10-23 03:00:00,Jacket,Clothing,1,113.23,113.23
TXN_01338,CUST_135,2023-12-10 15:00:00,Butter,Groceries,4,8.22,32.88
TXN_01338,CUST_135,2023-12-10 15:00:00,Socks,Clothing,1,18.14,18.14
TXN_01339,CUST_059,2023-06-28 11:00:00,Keyboard,Electronics,1,339.97,339.97
TXN_01339,CUST_059,2023-06-28 11:00:00,Lamp,Home & Garden,1,350.58,350.58
TXN_01339,CUST_059,2023-06-28 11:00:00,Sneakers,Clothing,1,19.75,19.75
TXN_01339,CUST_059,2023-06-28 11:00:00,Chair,Home & Garden,1,173.42,173.42
TXN_01339,CUST_059,2023-06-28 11:00:00,Mug,Home & Garden,1,171.61,171.61
TXN_01340,CUST_044,2023-12-11 04:00:00,Laptop,Electronics,1,321.52,321.52
TXN_01340,CUST_044,2023-12-11 04:00:00,Webcam,Electronics,1,446.63,446.63
TXN_01340,CUST_044,2023-12-11 04:00:00,Mouse,Electronics,1,369.55,369.55
TXN_01341,CUST_073,2023-09-19 12:00:00,Laptop,Electronics,1,321.52,321.52
TXN_01341,CUST_073,2023-09-19 12:00:00,Webcam,Electronics,1,446.63,446.63
TXN_01341,CUST_073,2023-09-19 12:00:00,Mouse,Electronics,1,369.55,369.55
TXN_01341,CUST_073,2023-09-19 12:00:00,Keyboard,Electronics,1,339.97,339.97
TXN_01342,CUST_276,2023-12-22 20:00:00,Banana,Groceries,4,296.69,1186.76
TXN_01342,CUST_276,2023-12-22 20:00:00,Keyboard,Electronics,1,339.97,339.97
TXN_01343,CUST_148,2023-03-13 05:00:00,T-Shirt,Clothing,1,48.03,48.03
TXN_01343,CUST_148,2023-03-13 05:00:00,Jeans,Clothing,1,213.85,213.85
TXN_01344,CUST_249,2023-03-11 06:00:00,Apples,Groceries,4,114.12,456.48
TXN_01344,CUST_249,2023-03-11 06:00:00,Eggs,Groceries,4,274.75,1099.0
TXN_01344,CUST_249,2023-03-11 06:00:00,Plant,Home & Garden,1,403.88,403.88
TXN_01344,CUST_249,2023-03-11 06:00:00,Milk,Groceries,4,103.42,413.68
TXN_01344,CUST_249,2023-03-11 06:00:00,Lamp,Home & Garden,1,350.58,350.58
TXN_01345,CUST_251,2023-03-27 02:00:00,Smartphone,Electronics,1,17.38,17.38
TXN_01345,CUST_251,2023-03-27 02:00:00,Sneakers,Clothing,1,19.75,19.75
TXN_01346,CUST_141,2023-04-26 17:00:00,T-Shirt,Clothing,1,48.03,48.03
TXN_01346,CUST_141,2023-04-26 17:00:00,Jeans,Clothing,1,213.85,213.85
TXN_01346,CUST_141,2023-04-26 17:00:00,Sneakers,Clothing,1,19.75,19.75
TXN_01347,CUST_138,2023-10-06 11:00:00,Cushion,Home & Garden,1,478.82,478.82
TXN_01348,CUST_226,2023-10-07 06:00:00,Table,Home & Garden,1,81.96,81.96
TXN_01349,CUST_127,2023-06-02 01:00:00,Headphones,Electronics,1,141.14,141.14
TXN_01349,CUST_127,2023-06-02 01:00:00,Smartphone,Electronics,1,17.38,17.38
TXN_01350,CUST_122,2023-04-18 23:00:00,Chair,Home & Garden,1,173.42,173.42
TXN_01350,CUST_122,2023-04-18 23:00:00,Plant,Home & Garden,1,403.88,403.88
TXN_01350,CUST_122,2023-04-18 23:00:00,Butter,Groceries,4,8.22,32.88
TXN_01351,CUST_085,2023-11-12 04:00:00,Mug,Home & Garden,1,171.61,171.61
TXN_01351,CUST_085,2023-11-12 04:00:00,Smartphone,Electronics,1,17.38,17.38
TXN_01352,CUST_292,2023-06-29 17:00:00,Mug,Home & Garden,1,171.61,171.61
TXN_01352,CUST_292,2023-06-29 17:00:00,Coffee,Groceries,3,405.67,1217.01
TXN_01353,CUST_294,2023-05-17 16:00:00,Mouse,Electronics,1,369.55,369.55
TXN_01354,CUST_211,2023-01-31 08:00:00,Chair,Home & Garden,1,173.42,173.42
TXN_01354,CUST_211,2023-01-31 08:00:00,Mouse,Electronics,1,369.55,369.55
TXN_01355,CUST_128,2023-03-16 22:00:00,Laptop,Electronics,1,321.52,321.52
TXN_01355,CUST_128,2023-03-16 22:00:00,Webcam,Electronics,1,446.63,446.63
TXN_01355,CUST_128,2023-03-16 22:00:00,Mouse,Electronics,1,369.55,369.55
TXN_01355,CUST_128,2023-03-16 22:00:00,Keyboard,Electronics,1,339.97,339.97
TXN_01356,CUST_213,2023-07-12 14:00:00,Bread,Groceries,4,326.69,1306.76
TXN_01356,CUST_213,2023-07-12 14:00:00,Eggs,Groceries,4,274.75,1099.0
TXN_01356,CUST_213,2023-07-12 14:00:00,Butter,Groceries,3,8.22,24.66
TXN_01357,CUST_298,2023-01-02 23:00:00,T-Shirt,Clothing,1,48.03,48.03
TXN_01357,CUST_298,2023-01-02 23:00:00,Jeans,Clothing,1,213.85,213.85
TXN_01357,CUST_298,2023-01-02 23:00:00,Sneakers,Clothing,1,19.75,19.75
TXN_01358,CUST_220,2023-04-19 15:00:00,Headphones,Electronics,1,141.14,141.14
TXN_01358,CUST_220,2023-04-19 15:00:00,Smartphone,Electronics,1,17.38,17.38
TXN_01359,CUST_176,2023-12-16 01:00:00,Laptop,Electronics,1,321.52,321.52
TXN_01359,CUST_176,2023-12-16 01:00:00,Monitor,Electronics,1,115.49,115.49
TXN_01360,CUST_081,2023-08-14 14:00:00,Jeans,Clothing,1,213.85,213.85
TXN_01360,CUST_081,2023-08-14 14:00:00,Sneakers,Clothing,1,19.75,19.75
TXN_01361,CUST_155,2023-03-23 08:00:00,Headphones,Electronics,1,141.14,141.14
TXN_01361,CUST_155,2023-03-23 08:00:00,Smartphone,Electronics,1,17.38,17.38
TXN_01362,CUST_085,2023-01-27 12:00:00,Plant,Home & Garden,1,403.88,403.88
TXN_01362,CUST_085,2023-01-27 12:00:00,Milk,Groceries,1,103.42,103.42
TXN_01363,CUST_049,2023-01-01 06:00:00,T-Shirt,Clothing,1,48.03,48.03
TXN_01363,CUST_049,2023-01-01 06:00:00,Coffee,Groceries,4,405.67,1622.68
TXN_01364,CUST_005,2023-01-05 22:00:00,Bread,Groceries,2,326.69,653.38
TXN_01364,CUST_005,2023-01-05 22:00:00,Milk,Groceries,4,103.42,413.68
TXN_01364,CUST_005,2023-01-05 22:00:00,Butter,Groceries,1,8.22,8.22
TXN_01365,CUST_053,2023-02-22 10:00:00,Headphones,Electronics,1,141.14,141.14
TXN_01365,CUST_053,2023-02-22 10:00:00,Smartphone,Electronics,1,17.38,17.38
TXN_01366,CUST_074,2023-02-05 16:00:00,Bread,Groceries,2,326.69,653.38
TXN_01366,CUST_074,2023-02-05 16:00:00,Sweater,Clothing,1,255.15,255.15
TXN_01366,CUST_074,2023-02-05 16:00:00,Keyboard,Electronics,1,339.97,339.97
TXN_01366,CUST_074,2023-02-05 16:00:00,Plant,Home & Garden,1,403.88,403.88
TXN_01366,CUST_074,2023-02-05 16:00:00,Table,Home & Garden,1,81.96,81.96
TXN_01367,CUST_078,2023-07-30 19:00:00,Headphones,Electronics,1,141.14,141.14
TXN_01367,CUST_078,2023-07-30 19:00:00,Monitor,Electronics,1,115.49,115.49
TXN_01368,CUST_072,2023-03-05 18:00:00,Mug,Home & Garden,1,171.61,171.61
TXN_01368,CUST_072,2023-03-05 18:00:00,Milk,Groceries,2,103.42,206.84
TXN_01368,CUST_072,2023-03-05 18:00:00,Jacket,Clothing,1,113.23,113.23
TXN_01369,CUST_127,2023-05-22 20:00:00,Mug,Home & Garden,1,171.61,171.61
TXN_01369,CUST_127,2023-05-22 20:00:00,Coffee,Groceries,2,405.67,811.34
TXN_01370,CUST_266,2023-11-07 16:00:00,T-Shirt,Clothing,1,48.03,48.03
TXN_01370,CUST_266,2023-11-07 16:00:00,Jeans,Clothing,1,213.85,213.85
TXN_01370,CUST_266,2023-11-07 16:00:00,Sneakers,Clothing,1,19.75,19.75
TXN_01371,CUST_254,2023-07-17 03:00:00,Laptop,Electronics,1,321.52,321.52
TXN_01371,CUST_254,2023-07-17 03:00:00,Monitor,Electronics,1,115.49,115.49
TXN_01372,CUST_163,2023-03-09 12:00:00,Sweater,Clothing,1,255.15,255.15
TXN_01372,CUST_163,2023-03-09 12:00:00,Keyboard,Electronics,1,339.97,339.97
TXN_01372,CUST_163,2023-03-09 12:00:00,Banana,Groceries,4,296.69,1186.76
TXN_01372,CUST_163,2023-03-09 12:00:00,Milk,Groceries,1,103.42,103.42
TXN_01372,CUST_163,2023-03-09 12:00:00,Lamp,Home & Garden,1,350.58,350.58
TXN_01373,CUST_009,2023-10-28 02:00:00,Laptop,Electronics,1,321.52,321.52
TXN_01373,CUST_009,2023-10-28 02:00:00,Mouse,Electronics,1,369.55,369.55
TXN_01374,CUST_260,2023-05-27 20:00:00,Chair,Home & Garden,1,173.42,173.42
TXN_01374,CUST_260,2023-05-27 20:00:00,Headphones,Electronics,1,141.14,141.14
TXN_01374,CUST_260,2023-05-27 20:00:00,Milk,Groceries,2,103.42,206.84
TXN_01374,CUST_260,2023-05-27 20:00:00,Socks,Clothing,1,18.14,18.14
TXN_01375,CUST_143,2023-02-12 09:00:00,Keyboard,Electronics,1,339.97,339.97
TXN_01375,CUST_143,2023-02-12 09:00:00,Mouse,Electronics,1,369.55,369.55
TXN_01376,CUST_034,2023-06-08 22:00:00,Laptop,Electronics,1,321.52,321.52
TXN_01376,CUST_034,2023-06-08 22:00:00,Mouse,Electronics,1,369.55,369.55
TXN_01377,CUST_223,2023-03-01 14:00:00,Sneakers,Clothing,1,19.75,19.75
TXN_01378,CUST_090,2023-03-03 00:00:00,Keyboard,Electronics,1,339.97,339.97
TXN_01379,CUST_255,2023-06-27 16:00:00,Sweater,Clothing,1,255.15,255.15
TXN_01379,CUST_255,2023-06-27 16:00:00,Keyboard,Electronics,1,339.97,339.97
TXN_01379,CUST_255,2023-06-27 16:00:00,Mouse,Electronics,1,369.55,369.55
TXN_01380,CUST_138,2023-03-02 00:00:00,T-Shirt,Clothing,1,48.03,48.03
TXN_01380,CUST_138,2023-03-02 00:00:00,Jeans,Clothing,1,213.85,213.85
TXN_01380,CUST_138,2023-03-02 00:00:00,Sneakers,Clothing,1,19.75,19.75
TXN_01381,CUST_296,2023-11-18 02:00:00,Sweater,Clothing,1,255.15,255.15
TXN_01381,CUST_296,2023-11-18 02:00:00,Eggs,Groceries,3,274.75,824.25
TXN_01381,CUST_296,2023-11-18 02:00:00,Coffee,Groceries,2,405.67,811.34
TXN_01381,CUST_296,2023-11-18 02:00:00,Keyboard,Electronics,1,339.97,339.97
TXN_01381,CUST_296,2023-11-18 02:00:00,Smartphone,Electronics,1,17.38,17.38
TXN_01382,CUST_131,2023-02-22 18:00:00,T-Shirt,Clothing,1,48.03,48.03
TXN_01383,CUST_261,2023-01-02 01:00:00,T-Shirt,Clothing,1,48.03,48.03
TXN_01384,CUST_024,2023-08-30 11:00:00,Laptop,Electronics,1,321.52,321.52
TXN_01384,CUST_024,2023-08-30 11:00:00,Keyboard,Electronics,1,339.97,339.97
TXN_01385,CUST_215,2023-04-25 10:00:00,Laptop,Electronics,1,321.52,321.52
TXN_01385,CUST_215,2023-04-25 10:00:00,Monitor,Electronics,1,115.49,115.49
TXN_01386,CUST_293,2023-07-10 03:00:00,Keyboard,Electronics,1,339.97,339.97
TXN_01387,CUST_115,2023-09-22 01:00:00,Bread,Groceries,3,326.69,980.07
TXN_01388,CUST_160,2023-06-17 02:00:00,Sweater,Clothing,1,255.15,255.15
TXN_01389,CUST_103,2023-05-30 18:00:00,Bread,Groceries,2,326.69,653.38
TXN_01389,CUST_103,2023-05-30 18:00:00,Sweater,Clothing,1,255.15,255.15
TXN_01389,CUST_103,2023-05-30 18:00:00,Eggs,Groceries,2,274.75,549.5
TXN_01389,CUST_103,2023-05-30 18:00:00,Coffee,Groceries,2,405.67,811.34
TXN_01389,CUST_103,2023-05-30 18:00:00,T-Shirt,Clothing,1,48.03,48.03
TXN_01390,CUST_004,2023-07-29 00:00:00,Headphones,Electronics,1,141.14,141.14
TXN_01390,CUST_004,2023-07-29 00:00:00,Smartphone,Electronics,1,17.38,17.38
TXN_01391,CUST_193,2023-06-07 03:00:00,Laptop,Electronics,1,321.52,321.52
TXN_01391,CUST_193,2023-06-07 03:00:00,Webcam,Electronics,1,446.63,446.63
TXN_01391,CUST_193,2023-06-07 03:00:00,Keyboard,Electronics,1,339.97,339.97
TXN_01392,CUST_144,2023-02-17 01:00:00,Bread,Groceries,1,326.69,326.69
TXN_01392,CUST_144,2023-02-17 01:00:00,Sweater,Clothing,1,255.15,255.15
TXN_01392,CUST_144,2023-02-17 01:00:00,Milk,Groceries,1,103.42,103.42
TXN_01392,CUST_144,2023-02-17 01:00:00,Table,Home & Garden,1,81.96,81.96
TXN_01392,CUST_144,2023-02-17 01:00:00,Chair,Home & Garden,1,173.42,173.42
TXN_01393,CUST_259,2023-03-10 20:00:00,Coffee,Groceries,1,405.67,405.67
TXN_01394,CUST_223,2023-12-06 04:00:00,Headphones,Electronics,1,141.14,141.14
TXN_01394,CUST_223,2023-12-06 04:00:00,Smartphone,Electronics,1,17.38,17.38
TXN_01395,CUST_163,2023-08-20 08:00:00,Laptop,Electronics,1,321.52,321.52
TXN_01395,CUST_163,2023-08-20 08:00:00,Webcam,Electronics,1,446.63,446.63
TXN_01396,CUST_055,2023-03-26 14:00:00,Sweater,Clothing,1,255.15,255.15
TXN_01396,CUST_055,2023-03-26 14:00:00,Banana,Groceries,2,296.69,593.38
TXN_01396,CUST_055,2023-03-26 14:00:00,Monitor,Electronics,1,115.49,115.49
TXN_01396,CUST_055,2023-03-26 14:00:00,Cushion,Home & Garden,1,478.82,478.82
TXN_01397,CUST_232,2023-06-07 14:00:00,Bread,Groceries,3,326.69,980.07
TXN_01397,CUST_232,2023-06-07 14:00:00,Eggs,Groceries,1,274.75,274.75
TXN_01398,CUST_111,2023-06-17 04:00:00,Keyboard,Electronics,1,339.97,339.97
TXN_01398,CUST_111,2023-06-17 04:00:00,Webcam,Electronics,1,446.63,446.63
TXN_01398,CUST_111,2023-06-17 04:00:00,Laptop,Electronics,1,321.52,321.52
TXN_01399,CUST_154,2023-05-14 05:00:00,T-Shirt,Clothing,1,48.03,48.03
TXN_01399,CUST_154,2023-05-14 05:00:00,Jeans,Clothing,1,213.85,213.85
TXN_01399,CUST_154,2023-05-14 05:00:00,Sneakers,Clothing,1,19.75,19.75
TXN_01400,CUST_237,2023-02-22 04:00:00,Bread,Groceries,4,326.69,1306.76
TXN_01400,CUST_237,2023-02-22 04:00:00,Milk,Groceries,3,103.42,310.26
TXN_01401,CUST_044,2023-10-26 18:00:00,Milk,Groceries,4,103.42,413.68
TXN_01401,CUST_044,2023-10-26 18:00:00,Butter,Groceries,2,8.22,16.44
TXN_01402,CUST_048,2023-06-19 03:00:00,T-Shirt,Clothing,1,48.03,48.03
TXN_01402,CUST_048,2023-06-19 03:00:00,Jeans,Clothing,1,213.85,213.85
TXN_01403,CUST_203,2023-09-12 00:00:00,T-Shirt,Clothing,1,48.03,48.03
TXN_01403,CUST_203,2023-09-12 00:00:00,Jeans,Clothing,1,213.85,213.85
TXN_01404,CUST_096,2023-05-21 08:00:00,Keyboard,Electronics,1,339.97,339.97
TXN_01404,CUST_096,2023-05-21 08:00:00,Mouse,Electronics,1,369.55,369.55
TXN_01405,CUST_152,2023-09-13 13:00:00,Headphones,Electronics,1,141.14,141.14
TXN_01405,CUST_152,2023-09-13 13:00:00,Socks,Clothing,1,18.14,18.14
TXN_01405,CUST_152,2023-09-13 13:00:00,Smartphone,Electronics,1,17.38,17.38
TXN_01405,CUST_152,2023-09-13 13:00:00,Jeans,Clothing,1,213.85,213.85
TXN_01406,CUST_071,2023-08-03 06:00:00,Mug,Home & Garden,1,171.61,171.61
TXN_01406,CUST_071,2023-08-03 06:00:00,Plant,Home & Garden,1,403.88,403.88
TXN_01406,CUST_071,2023-08-03 06:00:00,T-Shirt,Clothing,1,48.03,48.03
TXN_01406,CUST_071,2023-08-03 06:00:00,Banana,Groceries,1,296.69,296.69
TXN_01407,CUST_196,2024-01-01 11:00:00,Apples,Groceries,4,114.12,456.48
TXN_01407,CUST_196,2024-01-01 11:00:00,Sweater,Clothing,1,255.15,255.15
TXN_01407,CUST_196,2024-01-01 11:00:00,Coffee,Groceries,3,405.67,1217.01
TXN_01407,CUST_196,2024-01-01 11:00:00,Jacket,Clothing,1,113.23,113.23
TXN_01408,CUST_093,2023-01-14 10:00:00,Mug,Home & Garden,1,171.61,171.61
TXN_01409,CUST_144,2023-01-30 15:00:00,T-Shirt,Clothing,1,48.03,48.03
TXN_01409,CUST_144,2023-01-30 15:00:00,Keyboard,Electronics,1,339.97,339.97
TXN_01409,CUST_144,2023-01-30 15:00:00,Monitor,Electronics,1,115.49,115.49
TXN_01409,CUST_144,2023-01-30 15:00:00,Lamp,Home & Garden,1,350.58,350.58
TXN_01410,CUST_124,2023-05-17 17:00:00,Cushion,Home & Garden,1,478.82,478.82
TXN_01411,CUST_113,2023-10-22 12:00:00,Keyboard,Electronics,1,339.97,339.97
TXN_01411,CUST_113,2023-10-22 12:00:00,Mouse,Electronics,1,369.55,369.55
TXN_01412,CUST_163,2023-12-24 11:00:00,Chair,Home & Garden,1,173.42,173.42
TXN_01413,CUST_181,2023-10-18 18:00:00,Laptop,Electronics,1,321.52,321.52
TXN_01413,CUST_181,2023-10-18 18:00:00,Keyboard,Electronics,1,339.97,339.97
TXN_01413,CUST_181,2023-10-18 18:00:00,Mouse,Electronics,1,369.55,369.55
TXN_01414,CUST_020,2023-02-16 01:00:00,Laptop,Electronics,1,321.52,321.52
TXN_01414,CUST_020,2023-02-16 01:00:00,Webcam,Electronics,1,446.63,446.63
TXN_01415,CUST_170,2023-11-11 06:00:00,Chair,Home & Garden,1,173.42,173.42
TXN_01415,CUST_170,2023-11-11 06:00:00,Mug,Home & Garden,1,171.61,171.61
TXN_01415,CUST_170,2023-11-11 06:00:00,Keyboard,Electronics,1,339.97,339.97
TXN_01416,CUST_166,2023-01-31 00:00:00,Laptop,Electronics,1,321.52,321.52
TXN_01416,CUST_166,2023-01-31 00:00:00,Monitor,Electronics,1,115.49,115.49
TXN_01417,CUST_038,2023-07-11 22:00:00,Monitor,Electronics,1,115.49,115.49
TXN_01417,CUST_038,2023-07-11 22:00:00,Coffee,Groceries,3,405.67,1217.01
TXN_01417,CUST_038,2023-07-11 22:00:00,Jacket,Clothing,1,113.23,113.23
TXN_01417,CUST_038,2023-07-11 22:00:00,Sneakers,Clothing,1,19.75,19.75
TXN_01418,CUST_070,2023-03-22 23:00:00,Chair,Home & Garden,1,173.42,173.42
TXN_01418,CUST_070,2023-03-22 23:00:00,Plant,Home & Garden,1,403.88,403.88
TXN_01418,CUST_070,2023-03-22 23:00:00,Keyboard,Electronics,1,339.97,339.97
TXN_01418,CUST_070,2023-03-22 23:00:00,Jacket,Clothing,1,113.23,113.23
TXN_01419,CUST_288,2023-12-22 19:00:00,Coffee,Groceries,2,405.67,811.34
TXN_01419,CUST_288,2023-12-22 19:00:00,Lamp,Home & Garden,1,350.58,350.58
TXN_01420,CUST_194,2023-06-07 23:00:00,Table,Home & Garden,1,81.96,81.96
TXN_01420,CUST_194,2023-06-07 23:00:00,Keyboard,Electronics,1,339.97,339.97
TXN_01421,CUST_001,2023-12-26 18:00:00,Mug,Home & Garden,1,171.61,171.61
TXN_01421,CUST_001,2023-12-26 18:00:00,Coffee,Groceries,2,405.67,811.34
TXN_01422,CUST_290,2023-02-23 15:00:00,Laptop,Electronics,1,321.52,321.52
TXN_01422,CUST_290,2023-02-23 15:00:00,Monitor,Electronics,1,115.49,115.49
TXN_01423,CUST_164,2023-03-27 20:00:00,Chair,Home & Garden,1,173.42,173.42
TXN_01424,CUST_172,2023-08-17 00:00:00,Webcam,Electronics,1,446.63,446.63
TXN_01424,CUST_172,2023-08-17 00:00:00,Laptop,Electronics,1,321.52,321.52
TXN_01424,CUST_172,2023-08-17 00:00:00,Keyboard,Electronics,1,339.97,339.97
TXN_01424,CUST_172,2023-08-17 00:00:00,Mouse,Electronics,1,369.55,369.55
TXN_01425,CUST_001,2023-01-25 12:00:00,T-Shirt,Clothing,1,48.03,48.03
TXN_01425,CUST_001,2023-01-25 12:00:00,Sneakers,Clothing,1,19.75,19.75
TXN_01426,CUST_194,2023-06-29 17:00:00,T-Shirt,Clothing,1,48.03,48.03
TXN_01426,CUST_194,2023-06-29 17:00:00,Jeans,Clothing,1,213.85,213.85
TXN_01427,CUST_038,2023-01-18 09:00:00,Headphones,Electronics,1,141.14,141.14
TXN_01427,CUST_038,2023-01-18 09:00:00,Smartphone,Electronics,1,17.38,17.38
TXN_01428,CUST_088,2023-07-12 05:00:00,Headphones,Electronics,1,141.14,141.14
TXN_01428,CUST_088,2023-07-12 05:00:00,Eggs,Groceries,1,274.75,274.75
TXN_01428,CUST_088,2023-07-12 05:00:00,Butter,Groceries,4,8.22,32.88
TXN_01428,CUST_088,2023-07-12 05:00:00,Jacket,Clothing,1,113.23,113.23
TXN_01429,CUST_085,2023-11-07 13:00:00,Bread,Groceries,3,326.69,980.07
TXN_01429,CUST_085,2023-11-07 13:00:00,Milk,Groceries,3,103.42,310.26
TXN_01429,CUST_085,2023-11-07 13:00:00,Butter,Groceries,3,8.22,24.66
TXN_01430,CUST_122,2023-02-19 01:00:00,Mug,Home & Garden,1,171.61,171.61
TXN_01430,CUST_122,2023-02-19 01:00:00,Coffee,Groceries,3,405.67,1217.01
TXN_01431,CUST_002,2023-08-07 02:00:00,Laptop,Electronics,1,321.52,321.52
TXN_01431,CUST_002,2023-08-07 02:00:00,Monitor,Electronics,1,115.49,115.49
TXN_01432,CUST_014,2023-04-16 05:00:00,Eggs,Groceries,1,274.75,274.75
TXN_01433,CUST_158,2023-07-23 15:00:00,Headphones,Electronics,1,141.14,141.14
TXN_01433,CUST_158,2023-07-23 15:00:00,Plant,Home & Garden,1,403.88,403.88
TXN_01433,CUST_158,2023-07-23 15:00:00,Banana,Groceries,4,296.69,1186.76
TXN_01434,CUST_095,2023-07-09 12:00:00,T-Shirt,Clothing,1,48.03,48.03
TXN_01434,CUST_095,2023-07-09 12:00:00,Sneakers,Clothing,1,19.75,19.75
TXN_01435,CUST_239,2023-05-15 07:00:00,Mouse,Electronics,1,369.55,369.55
TXN_01435,CUST_239,2023-05-15 07:00:00,Smartphone,Electronics,1,17.38,17.38
TXN_01435,CUST_239,2023-05-15 07:00:00,Lamp,Home & Garden,1,350.58,350.58
TXN_01435,CUST_239,2023-05-15 07:00:00,Chair,Home & Garden,1,173.42,173.42
TXN_01435,CUST_239,2023-05-15 07:00:00,Cushion,Home & Garden,1,478.82,478.82
TXN_01436,CUST_050,2023-02-13 21:00:00,Mug,Home & Garden,1,171.61,171.61
TXN_01436,CUST_050,2023-02-13 21:00:00,Coffee,Groceries,4,405.67,1622.68
TXN_01437,CUST_268,2023-08-03 17:00:00,T-Shirt,Clothing,1,48.03,48.03
TXN_01437,CUST_268,2023-08-03 17:00:00,Eggs,Groceries,1,274.75,274.75
TXN_01437,CUST_268,2023-08-03 17:00:00,Coffee,Groceries,4,405.67,1622.68
TXN_01437,CUST_268,2023-08-03 17:00:00,Sneakers,Clothing,1,19.75,19.75
TXN_01438,CUST_018,2023-09-15 18:00:00,Butter,Groceries,4,8.22,32.88
TXN_01438,CUST_018,2023-09-15 18:00:00,Mouse,Electronics,1,369.55,369.55
TXN_01438,CUST_018,2023-09-15 18:00:00,Lamp,Home & Garden,1,350.58,350.58
TXN_01438,CUST_018,2023-09-15 18:00:00,Monitor,Electronics,1,115.49,115.49
TXN_01438,CUST_018,2023-09-15 18:00:00,Cushion,Home & Garden,1,478.82,478.82
TXN_01439,CUST_089,2023-03-27 06:00:00,Milk,Groceries,1,103.42,103.42
TXN_01439,CUST_089,2023-03-27 06:00:00,Smartphone,Electronics,1,17.38,17.38
TXN_01440,CUST_223,2023-04-14 20:00:00,Mug,Home & Garden,1,171.61,171.61
TXN_01440,CUST_223,2023-04-14 20:00:00,Coffee,Groceries,1,405.67,405.67
TXN_01441,CUST_199,2023-10-12 12:00:00,Apples,Groceries,4,114.12,456.48
TXN_01441,CUST_199,2023-10-12 12:00:00,Laptop,Electronics,1,321.52,321.52
TXN_01441,CUST_199,2023-10-12 12:00:00,Bread,Groceries,1,326.69,326.69
TXN_01442,CUST_213,2023-03-18 04:00:00,Coffee,Groceries,1,405.67,405.67
TXN_01442,CUST_213,2023-03-18 04:00:00,Monitor,Electronics,1,115.49,115.49
TXN_01442,CUST_213,2023-03-18 04:00:00,Cushion,Home & Garden,1,478.82,478.82
TXN_01443,CUST_147,2023-10-02 11:00:00,Plant,Home & Garden,1,403.88,403.88
TXN_01443,CUST_147,2023-10-02 11:00:00,Eggs,Groceries,4,274.75,1099.0
TXN_01443,CUST_147,2023-10-02 11:00:00,Socks,Clothing,1,18.14,18.14
TXN_01444,CUST_020,2023-03-30 08:00:00,Mug,Home & Garden,1,171.61,171.61
TXN_01444,CUST_020,2023-03-30 08:00:00,Coffee,Groceries,3,405.67,1217.01
TXN_01445,CUST_122,2023-01-26 23:00:00,Sweater,Clothing,1,255.15,255.15
TXN_01445,CUST_122,2023-01-26 23:00:00,Laptop,Electronics,1,321.52,321.52
TXN_01445,CUST_122,2023-01-26 23:00:00,Jacket,Clothing,1,113.23,113.23
TXN_01446,CUST_156,2023-06-09 08:00:00,T-Shirt,Clothing,1,48.03,48.03
TXN_01447,CUST_069,2023-06-03 23:00:00,Headphones,Electronics,1,141.14,141.14
TXN_01447,CUST_069,2023-06-03 23:00:00,Smartphone,Electronics,1,17.38,17.38
TXN_01448,CUST_097,2023-08-15 06:00:00,Apples,Groceries,3,114.12,342.36
TXN_01448,CUST_097,2023-08-15 06:00:00,Eggs,Groceries,1,274.75,274.75
TXN_01448,CUST_097,2023-08-15 06:00:00,Table,Home & Garden,1,81.96,81.96
TXN_01448,CUST_097,2023-08-15 06:00:00,Cushion,Home & Garden,1,478.82,478.82
TXN_01449,CUST_264,2023-03-23 02:00:00,Mug,Home & Garden,1,171.61,171.61
TXN_01449,CUST_264,2023-03-23 02:00:00,Coffee,Groceries,2,405.67,811.34
TXN_01450,CUST_099,2023-04-13 01:00:00,T-Shirt,Clothing,1,48.03,48.03
TXN_01450,CUST_099,2023-04-13 01:00:00,Jeans,Clothing,1,213.85,213.85
TXN_01451,CUST_141,2023-07-08 14:00:00,Lamp,Home & Garden,1,350.58,350.58
TXN_01452,CUST_016,2023-05-04 11:00:00,Banana,Groceries,3,296.69,890.07
TXN_01452,CUST_016,2023-05-04 11:00:00,Eggs,Groceries,3,274.75,824.25
TXN_01452,CUST_016,2023-05-04 11:00:00,Keyboard,Electronics,1,339.97,339.97
TXN_01452,CUST_016,2023-05-04 11:00:00,Coffee,Groceries,2,405.67,811.34
TXN_01453,CUST_133,2023-12-19 02:00:00,Jeans,Clothing,1,213.85,213.85
TXN_01453,CUST_133,2023-12-19 02:00:00,Sneakers,Clothing,1,19.75,19.75
TXN_01454,CUST_114,2023-11-28 07:00:00,Apples,Groceries,1,114.12,114.12
TXN_01454,CUST_114,2023-11-28 07:00:00,Plant,Home & Garden,1,403.88,403.88
TXN_01454,CUST_114,2023-11-28 07:00:00,Milk,Groceries,1,103.42,103.42
TXN_01455,CUST_243,2023-03-09 20:00:00,Eggs,Groceries,3,274.75,824.25
TXN_01455,CUST_243,2023-03-09 20:00:00,Butter,Groceries,3,8.22,24.66
TXN_01456,CUST_217,2023-07-12 11:00:00,Bread,Groceries,4,326.69,1306.76
TXN_01456,CUST_217,2023-07-12 11:00:00,Sneakers,Clothing,1,19.75,19.75
TXN_01457,CUST_300,2023-02-22 00:00:00,Plant,Home & Garden,1,403.88,403.88
TXN_01457,CUST_300,2023-02-22 00:00:00,Banana,Groceries,3,296.69,890.07
TXN_01457,CUST_300,2023-02-22 00:00:00,Butter,Groceries,3,8.22,24.66
TXN_01458,CUST_056,2023-09-04 02:00:00,Headphones,Electronics,1,141.14,141.14
TXN_01458,CUST_056,2023-09-04 02:00:00,Smartphone,Electronics,1,17.38,17.38
TXN_01459,CUST_153,2023-04-07 04:00:00,Mug,Home & Garden,1,171.61,171.61
TXN_01459,CUST_153,2023-04-07 04:00:00,Smartphone,Electronics,1,17.38,17.38
TXN_01460,CUST_207,2023-12-05 10:00:00,Plant,Home & Garden,1,403.88,403.88
TXN_01461,CUST_255,2023-06-01 08:00:00,Table,Home & Garden,1,81.96,81.96
TXN_01461,CUST_255,2023-06-01 08:00:00,Coffee,Groceries,2,405.67,811.34
TXN_01461,CUST_255,2023-06-01 08:00:00,Smartphone,Electronics,1,17.38,17.38
TXN_01461,CUST_255,2023-06-01 08:00:00,Socks,Clothing,1,18.14,18.14
TXN_01462,CUST_176,2024-01-01 07:00:00,Apples,Groceries,2,114.12,228.24
TXN_01462,CUST_176,2024-01-01 07:00:00,Sweater,Clothing,1,255.15,255.15
TXN_01462,CUST_176,2024-01-01 07:00:00,Sneakers,Clothing,1,19.75,19.75
TXN_01462,CUST_176,2024-01-01 07:00:00,Lamp,Home & Garden,1,350.58,350.58
TXN_01463,CUST_286,2023-04-03 09:00:00,Laptop,Electronics,1,321.52,321.52
TXN_01463,CUST_286,2023-04-03 09:00:00,Keyboard,Electronics,1,339.97,339.97
TXN_01463,CUST_286,2023-04-03 09:00:00,Mouse,Electronics,1,369.55,369.55
TXN_01463,CUST_286,2023-04-03 09:00:00,Webcam,Electronics,1,446.63,446.63
TXN_01464,CUST_046,2023-04-24 11:00:00,Headphones,Electronics,1,141.14,141.14
TXN_01464,CUST_046,2023-04-24 11:00:00,Smartphone,Electronics,1,17.38,17.38
TXN_01465,CUST_134,2023-10-27 09:00:00,Eggs,Groceries,1,274.75,274.75
TXN_01466,CUST_299,2023-10-25 19:00:00,Webcam,Electronics,1,446.63,446.63
TXN_01466,CUST_299,2023-10-25 19:00:00,Laptop,Electronics,1,321.52,321.52
TXN_01466,CUST_299,2023-10-25 19:00:00,Keyboard,Electronics,1,339.97,339.97
TXN_01466,CUST_299,2023-10-25 19:00:00,Mouse,Electronics,1,369.55,369.55
TXN_01467,CUST_212,2023-01-28 04:00:00,Keyboard,Electronics,1,339.97,339.97
TXN_01467,CUST_212,2023-01-28 04:00:00,Webcam,Electronics,1,446.63,446.63
TXN_01467,CUST_212,2023-01-28 04:00:00,Mouse,Electronics,1,369.55,369.55
TXN_01468,CUST_074,2023-06-11 22:00:00,Milk,Groceries,3,103.42,310.26
TXN_01468,CUST_074,2023-06-11 22:00:00,Eggs,Groceries,1,274.75,274.75
TXN_01468,CUST_074,2023-06-11 22:00:00,Butter,Groceries,1,8.22,8.22
TXN_01469,CUST_232,2023-05-21 06:00:00,Coffee,Groceries,2,405.67,811.34
TXN_01469,CUST_232,2023-05-21 06:00:00,Cushion,Home & Garden,1,478.82,478.82
TXN_01470,CUST_251,2023-02-15 04:00:00,Milk,Groceries,1,103.42,103.42
TXN_01470,CUST_251,2023-02-15 04:00:00,Eggs,Groceries,1,274.75,274.75
TXN_01470,CUST_251,2023-02-15 04:00:00,Socks,Clothing,1,18.14,18.14
TXN_01471,CUST_274,2023-04-13 23:00:00,Bread,Groceries,2,326.69,653.38
TXN_01471,CUST_274,2023-04-13 23:00:00,Milk,Groceries,2,103.42,206.84
TXN_01471,CUST_274,2023-04-13 23:00:00,Eggs,Groceries,3,274.75,824.25
TXN_01472,CUST_160,2023-03-08 03:00:00,Mug,Home & Garden,1,171.61,171.61
TXN_01472,CUST_160,2023-03-08 03:00:00,Coffee,Groceries,1,405.67,405.67
TXN_01473,CUST_153,2023-05-29 14:00:00,Apples,Groceries,3,114.12,342.36
TXN_01473,CUST_153,2023-05-29 14:00:00,Mouse,Electronics,1,369.55,369.55
TXN_01473,CUST_153,2023-05-29 14:00:00,Milk,Groceries,4,103.42,413.68
TXN_01473,CUST_153,2023-05-29 14:00:00,Lamp,Home & Garden,1,350.58,350.58
TXN_01473,CUST_153,2023-05-29 14:00:00,Jacket,Clothing,1,113.23,113.23
TXN_01474,CUST_184,2023-04-07 05:00:00,Laptop,Electronics,1,321.52,321.52
TXN_01474,CUST_184,2023-04-07 05:00:00,T-Shirt,Clothing,1,48.03,48.03
TXN_01474,CUST_184,2023-04-07 05:00:00,Table,Home & Garden,1,81.96,81.96
TXN_01475,CUST_068,2023-04-19 23:00:00,Mug,Home & Garden,1,171.61,171.61
TXN_01475,CUST_068,2023-04-19 23:00:00,Coffee,Groceries,1,405.67,405.67
TXN_01476,CUST_193,2023-11-24 08:00:00,Monitor,Electronics,1,115.49,115.49
TXN_01476,CUST_193,2023-11-24 08:00:00,Smartphone,Electronics,1,17.38,17.38
TXN_01476,CUST_193,2023-11-24 08:00:00,Butter,Groceries,1,8.22,8.22
TXN_01476,CUST_193,2023-11-24 08:00:00,Lamp,Home & Garden,1,350.58,350.58
TXN_01477,CUST_025,2023-12-20 03:00:00,T-Shirt,Clothing,1,48.03,48.03
TXN_01477,CUST_025,2023-12-20 03:00:00,Sneakers,Clothing,1,19.75,19.75
TXN_01478,CUST_243,2023-12-26 04:00:00,Laptop,Electronics,1,321.52,321.52
TXN_01478,CUST_243,2023-12-26 04:00:00,Monitor,Electronics,1,115.49,115.49
TXN_01479,CUST_052,2023-12-06 16:00:00,Mug,Home & Garden,1,171.61,171.61
TXN_01479,CUST_052,2023-12-06 16:00:00,Coffee,Groceries,1,405.67,405.67
TXN_01480,CUST_145,2023-02-28 03:00:00,Apples,Groceries,3,114.12,342.36
TXN_01480,CUST_145,2023-02-28 03:00:00,Webcam,Electronics,1,446.63,446.63
TXN_01480,CUST_145,2023-02-28 03:00:00,Jeans,Clothing,1,213.85,213.85
TXN_01480,CUST_145,2023-02-28 03:00:00,Cushion,Home & Garden,1,478.82,478.82
TXN_01481,CUST_210,2023-06-01 05:00:00,T-Shirt,Clothing,1,48.03,48.03
TXN_01481,CUST_210,2023-06-01 05:00:00,Sneakers,Clothing,1,19.75,19.75
TXN_01482,CUST_170,2023-05-01 00:00:00,Milk,Groceries,1,103.42,103.42
TXN_01482,CUST_170,2023-05-01 00:00:00,Butter,Groceries,1,8.22,8.22
TXN_01483,CUST_052,2023-05-12 20:00:00,Headphones,Electronics,1,141.14,141.14
TXN_01483,CUST_052,2023-05-12 20:00:00,Smartphone,Electronics,1,17.38,17.38
TXN_01484,CUST_052,2023-03-31 01:00:00,Mug,Home & Garden,1,171.61,171.61
TXN_01484,CUST_052,2023-03-31 01:00:00,Jacket,Clothing,1,113.23,113.23
TXN_01484,CUST_052,2023-03-31 01:00:00,Lamp,Home & Garden,1,350.58,350.58
TXN_01485,CUST_219,2023-03-01 03:00:00,Laptop,Electronics,1,321.52,321.52
TXN_01486,CUST_071,2023-12-06 20:00:00,Headphones,Electronics,1,141.14,141.14
TXN_01486,CUST_071,2023-12-06 20:00:00,Smartphone,Electronics,1,17.38,17.38
TXN_01487,CUST_191,2023-06-25 05:00:00,T-Shirt,Clothing,1,48.03,48.03
TXN_01487,CUST_191,2023-06-25 05:00:00,Jeans,Clothing,1,213.85,213.85
TXN_01487,CUST_191,2023-06-25 05:00:00,Sneakers,Clothing,1,19.75,19.75
TXN_01488,CUST_216,2023-11-29 05:00:00,Laptop,Electronics,1,321.52,321.52
TXN_01488,CUST_216,2023-11-29 05:00:00,Monitor,Electronics,1,115.49,115.49
TXN_01489,CUST_214,2023-10-30 15:00:00,Keyboard,Electronics,1,339.97,339.97
TXN_01489,CUST_214,2023-10-30 15:00:00,Butter,Groceries,3,8.22,24.66
TXN_01489,CUST_214,2023-10-30 15:00:00,Socks,Clothing,1,18.14,18.14
TXN_01489,CUST_214,2023-10-30 15:00:00,Cushion,Home & Garden,1,478.82,478.82
TXN_01490,CUST_015,2023-12-17 23:00:00,Eggs,Groceries,1,274.75,274.75
TXN_01491,CUST_211,2023-08-14 01:00:00,Laptop,Electronics,1,321.52,321.52
TXN_01491,CUST_211,2023-08-14 01:00:00,Monitor,Electronics,1,115.49,115.49
TXN_01492,CUST_174,2023-09-23 16:00:00,Milk,Groceries,4,103.42,413.68
TXN_01492,CUST_174,2023-09-23 16:00:00,Table,Home & Garden,1,81.96,81.96
TXN_01492,CUST_174,2023-09-23 16:00:00,T-Shirt,Clothing,1,48.03,48.03
TXN_01492,CUST_174,2023-09-23 16:00:00,Lamp,Home & Garden,1,350.58,350.58
TXN_01492,CUST_174,2023-09-23 16:00:00,Monitor,Electronics,1,115.49,115.49
TXN_01493,CUST_178,2023-12-06 21:00:00,Banana,Groceries,1,296.69,296.69
TXN_01493,CUST_178,2023-12-06 21:00:00,Butter,Groceries,1,8.22,8.22
TXN_01494,CUST_081,2023-09-16 15:00:00,Headphones,Electronics,1,141.14,141.14
TXN_01494,CUST_081,2023-09-16 15:00:00,Cushion,Home & Garden,1,478.82,478.82
TXN_01495,CUST_252,2023-06-14 07:00:00,Headphones,Electronics,1,141.14,141.14
TXN_01495,CUST_252,2023-06-14 07:00:00,Smartphone,Electronics,1,17.38,17.38
TXN_01496,CUST_207,2023-05-01 02:00:00,Bread,Groceries,1,326.69,326.69
TXN_01496,CUST_207,2023-05-01 02:00:00,Headphones,Electronics,1,141.14,141.14
TXN_01496,CUST_207,2023-05-01 02:00:00,Eggs,Groceries,4,274.75,1099.0
TXN_01496,CUST_207,2023-05-01 02:00:00,Jacket,Clothing,1,113.23,113.23
TXN_01497,CUST_010,2023-02-22 12:00:00,Mug,Home & Garden,1,171.61,171.61
TXN_01497,CUST_010,2023-02-22 12:00:00,Coffee,Groceries,2,405.67,811.34
TXN_01498,CUST_234,2023-06-24 11:00:00,Bread,Groceries,4,326.69,1306.76
TXN_01498,CUST_234,2023-06-24 11:00:00,Jacket,Clothing,1,113.23,113.23
TXN_01499,CUST_187,2023-08-20 03:00:00,Laptop,Electronics,1,321.52,321.52
TXN_01499,CUST_187,2023-08-20 03:00:00,Monitor,Electronics,1,115.49,115.49
TXN_01500,CUST_182,2023-11-21 09:00:00,Chair,Home & Garden,1,173.42,173.42
TXN_01500,CUST_182,2023-11-21 09:00:00,Smartphone,Electronics,1,17.38,17.38
TXN_01500,CUST_182,2023-11-21 09:00:00,Monitor,Electronics,1,115.49,115.49
TXN_01501,CUST_085,2023-09-10 04:00:00,Webcam,Electronics,1,446.63,446.63
TXN_01501,CUST_085,2023-09-10 04:00:00,Jeans,Clothing,1,213.85,213.85
TXN_01501,CUST_085,2023-09-10 04:00:00,Monitor,Electronics,1,115.49,115.49
TXN_01501,CUST_085,2023-09-10 04:00:00,Butter,Groceries,2,8.22,16.44
TXN_01502,CUST_062,2023-07-21 06:00:00,Chair,Home & Garden,1,173.42,173.42
TXN_01502,CUST_062,2023-07-21 06:00:00,Jacket,Clothing,1,113.23,113.23
TXN_01503,CUST_056,2023-08-01 01:00:00,Bread,Groceries,2,326.69,653.38
TXN_01503,CUST_056,2023-08-01 01:00:00,Monitor,Electronics,1,115.49,115.49
TXN_01503,CUST_056,2023-08-01 01:00:00,Lamp,Home & Garden,1,350.58,350.58
TXN_01503,CUST_056,2023-08-01 01:00:00,Cushion,Home & Garden,1,478.82,478.82
TXN_01504,CUST_256,2023-01-03 16:00:00,Apples,Groceries,2,114.12,228.24
TXN_01504,CUST_256,2023-01-03 16:00:00,Eggs,Groceries,2,274.75,549.5
TXN_01504,CUST_256,2023-01-03 16:00:00,Coffee,Groceries,2,405.67,811.34
TXN_01504,CUST_256,2023-01-03 16:00:00,Milk,Groceries,1,103.42,103.42
TXN_01504,CUST_256,2023-01-03 16:00:00,Cushion,Home & Garden,1,478.82,478.82
TXN_01505,CUST_199,2023-12-03 19:00:00,Apples,Groceries,2,114.12,228.24
TXN_01505,CUST_199,2023-12-03 19:00:00,Milk,Groceries,3,103.42,310.26
TXN_01505,CUST_199,2023-12-03 19:00:00,Socks,Clothing,1,18.14,18.14
TXN_01506,CUST_204,2023-06-25 09:00:00,Milk,Groceries,3,103.42,310.26
TXN_01506,CUST_204,2023-06-25 09:00:00,Mouse,Electronics,1,369.55,369.55
TXN_01507,CUST_281,2023-06-10 22:00:00,Plant,Home & Garden,1,403.88,403.88
TXN_01507,CUST_281,2023-06-10 22:00:00,Webcam,Electronics,1,446.63,446.63
TXN_01507,CUST_281,2023-06-10 22:00:00,Butter,Groceries,3,8.22,24.66
TXN_01508,CUST_177,2023-12-11 04:00:00,Apples,Groceries,3,114.12,342.36
TXN_01508,CUST_177,2023-12-11 04:00:00,Banana,Groceries,1,296.69,296.69
TXN_01509,CUST_181,2023-10-15 15:00:00,Banana,Groceries,4,296.69,1186.76
TXN_01509,CUST_181,2023-10-15 15:00:00,Table,Home & Garden,1,81.96,81.96
TXN_01509,CUST_181,2023-10-15 15:00:00,Sneakers,Clothing,1,19.75,19.75
TXN_01509,CUST_181,2023-10-15 15:00:00,Lamp,Home & Garden,1,350.58,350.58
TXN_01510,CUST_007,2023-09-25 03:00:00,Laptop,Electronics,1,321.52,321.52
TXN_01510,CUST_007,2023-09-25 03:00:00,Webcam,Electronics,1,446.63,446.63
TXN_01511,CUST_137,2023-03-24 09:00:00,Chair,Home & Garden,1,173.42,173.42
TXN_01511,CUST_137,2023-03-24 09:00:00,Smartphone,Electronics,1,17.38,17.38
TXN_01512,CUST_152,2023-04-15 17:00:00,Jeans,Clothing,1,213.85,213.85
TXN_01512,CUST_152,2023-04-15 17:00:00,Sneakers,Clothing,1,19.75,19.75
TXN_01513,CUST_288,2023-07-19 07:00:00,Chair,Home & Garden,1,173.42,173.42
TXN_01513,CUST_288,2023-07-19 07:00:00,Smartphone,Electronics,1,17.38,17.38
TXN_01513,CUST_288,2023-07-19 07:00:00,Lamp,Home & Garden,1,350.58,350.58
TXN_01514,CUST_196,2023-07-18 13:00:00,Laptop,Electronics,1,321.52,321.52
TXN_01514,CUST_196,2023-07-18 13:00:00,Banana,Groceries,3,296.69,890.07
TXN_01514,CUST_196,2023-07-18 13:00:00,Smartphone,Electronics,1,17.38,17.38
TXN_01515,CUST_104,2023-11-14 14:00:00,Banana,Groceries,2,296.69,593.38
TXN_01515,CUST_104,2023-11-14 14:00:00,Coffee,Groceries,2,405.67,811.34
TXN_01515,CUST_104,2023-11-14 14:00:00,Cushion,Home & Garden,1,478.82,478.82
TXN_01516,CUST_151,2023-08-18 05:00:00,Keyboard,Electronics,1,339.97,339.97
TXN_01517,CUST_089,2023-09-21 03:00:00,T-Shirt,Clothing,1,48.03,48.03
TXN_01517,CUST_089,2023-09-21 03:00:00,Jeans,Clothing,1,213.85,213.85
TXN_01517,CUST_089,2023-09-21 03:00:00,Sneakers,Clothing,1,19.75,19.75
TXN_01518,CUST_083,2023-10-27 08:00:00,Jeans,Clothing,1,213.85,213.85
TXN_01518,CUST_083,2023-10-27 08:00:00,Sneakers,Clothing,1,19.75,19.75
TXN_01519,CUST_166,2023-11-02 01:00:00,Eggs,Groceries,3,274.75,824.25
TXN_01519,CUST_166,2023-11-02 01:00:00,Coffee,Groceries,1,405.67,405.67
TXN_01519,CUST_166,2023-11-02 01:00:00,Lamp,Home & Garden,1,350.58,350.58
TXN_01519,CUST_166,2023-11-02 01:00:00,Sneakers,Clothing,1,19.75,19.75
TXN_01519,CUST_166,2023-11-02 01:00:00,Mug,Home & Garden,1,171.61,171.61
TXN_01520,CUST_163,2023-09-27 07:00:00,Apples,Groceries,4,114.12,456.48
TXN_01520,CUST_163,2023-09-27 07:00:00,Keyboard,Electronics,1,339.97,339.97
TXN_01520,CUST_163,2023-09-27 07:00:00,Milk,Groceries,1,103.42,103.42
TXN_01520,CUST_163,2023-09-27 07:00:00,Headphones,Electronics,1,141.14,141.14
TXN_01520,CUST_163,2023-09-27 07:00:00,Mug,Home & Garden,1,171.61,171.61
TXN_01521,CUST_179,2023-04-24 06:00:00,Sweater,Clothing,1,255.15,255.15
TXN_01521,CUST_179,2023-04-24 06:00:00,Webcam,Electronics,1,446.63,446.63
TXN_01521,CUST_179,2023-04-24 06:00:00,Sneakers,Clothing,1,19.75,19.75
TXN_01522,CUST_272,2023-09-01 17:00:00,Monitor,Electronics,1,115.49,115.49
TXN_01523,CUST_178,2023-08-17 07:00:00,Butter,Groceries,4,8.22,32.88
TXN_01523,CUST_178,2023-08-17 07:00:00,T-Shirt,Clothing,1,48.03,48.03
TXN_01523,CUST_178,2023-08-17 07:00:00,Smartphone,Electronics,1,17.38,17.38
TXN_01523,CUST_178,2023-08-17 07:00:00,Lamp,Home & Garden,1,350.58,350.58
TXN_01523,CUST_178,2023-08-17 07:00:00,Jacket,Clothing,1,113.23,113.23
TXN_01524,CUST_059,2023-07-17 08:00:00,Apples,Groceries,3,114.12,342.36
TXN_01524,CUST_059,2023-07-17 08:00:00,Laptop,Electronics,1,321.52,321.52
TXN_01524,CUST_059,2023-07-17 08:00:00,Cushion,Home & Garden,1,478.82,478.82
TXN_01525,CUST_264,2023-09-18 14:00:00,Plant,Home & Garden,1,403.88,403.88
TXN_01525,CUST_264,2023-09-18 14:00:00,Webcam,Electronics,1,446.63,446.63
TXN_01525,CUST_264,2023-09-18 14:00:00,Jacket,Clothing,1,113.23,113.23
TXN_01526,CUST_264,2023-02-12 03:00:00,Mug,Home & Garden,1,171.61,171.61
TXN_01526,CUST_264,2023-02-12 03:00:00,Coffee,Groceries,2,405.67,811.34
TXN_01527,CUST_218,2023-02-23 06:00:00,Headphones,Electronics,1,141.14,141.14
TXN_01527,CUST_218,2023-02-23 06:00:00,Plant,Home & Garden,1,403.88,403.88
TXN_01527,CUST_218,2023-02-23 06:00:00,Table,Home & Garden,1,81.96,81.96
TXN_01527,CUST_218,2023-02-23 06:00:00,Lamp,Home & Garden,1,350.58,350.58
TXN_01528,CUST_079,2023-01-13 14:00:00,Headphones,Electronics,1,141.14,141.14
TXN_01529,CUST_038,2023-01-28 05:00:00,Coffee,Groceries,4,405.67,1622.68
TXN_01529,CUST_038,2023-01-28 05:00:00,T-Shirt,Clothing,1,48.03,48.03
TXN_01529,CUST_038,2023-01-28 05:00:00,Milk,Groceries,4,103.42,413.68
TXN_01529,CUST_038,2023-01-28 05:00:00,Headphones,Electronics,1,141.14,141.14
TXN_01529,CUST_038,2023-01-28 05:00:00,Jeans,Clothing,1,213.85,213.85
TXN_01530,CUST_208,2023-08-10 10:00:00,Laptop,Electronics,1,321.52,321.52
TXN_01530,CUST_208,2023-08-10 10:00:00,Monitor,Electronics,1,115.49,115.49
TXN_01531,CUST_300,2023-01-24 22:00:00,Apples,Groceries,3,114.12,342.36
TXN_01531,CUST_300,2023-01-24 22:00:00,Monitor,Electronics,1,115.49,115.49
TXN_01531,CUST_300,2023-01-24 22:00:00,Sneakers,Clothing,1,19.75,19.75
TXN_01532,CUST_045,2023-05-25 14:00:00,Laptop,Electronics,1,321.52,321.52
TXN_01532,CUST_045,2023-05-25 14:00:00,Monitor,Electronics,1,115.49,115.49
TXN_01533,CUST_274,2023-04-23 04:00:00,Plant,Home & Garden,1,403.88,403.88
TXN_01533,CUST_274,2023-04-23 04:00:00,Sneakers,Clothing,1,19.75,19.75
TXN_01533,CUST_274,2023-04-23 04:00:00,Mouse,Electronics,1,369.55,369.55
TXN_01533,CUST_274,2023-04-23 04:00:00,Lamp,Home & Garden,1,350.58,350.58
TXN_01534,CUST_192,2023-01-06 17:00:00,Smartphone,Electronics,1,17.38,17.38
TXN_01534,CUST_192,2023-01-06 17:00:00,Monitor,Electronics,1,115.49,115.49
TXN_01535,CUST_003,2023-10-21 19:00:00,Mug,Home & Garden,1,171.61,171.61
TXN_01535,CUST_003,2023-10-21 19:00:00,Coffee,Groceries,3,405.67,1217.01
TXN_01536,CUST_109,2023-07-31 20:00:00,Keyboard,Electronics,1,339.97,339.97
TXN_01537,CUST_114,2023-11-12 08:00:00,Webcam,Electronics,1,446.63,446.63
TXN_01537,CUST_114,2023-11-12 08:00:00,Laptop,Electronics,1,321.52,321.52
TXN_01537,CUST_114,2023-11-12 08:00:00,Keyboard,Electronics,1,339.97,339.97
TXN_01537,CUST_114,2023-11-12 08:00:00,Mouse,Electronics,1,369.55,369.55
TXN_01538,CUST_149,2023-12-10 02:00:00,Keyboard,Electronics,1,339.97,339.97
TXN_01538,CUST_149,2023-12-10 02:00:00,Webcam,Electronics,1,446.63,446.63
TXN_01538,CUST_149,2023-12-10 02:00:00,Laptop,Electronics,1,321.52,321.52
TXN_01538,CUST_149,2023-12-10 02:00:00,Mouse,Electronics,1,369.55,369.55
TXN_01539,CUST_121,2023-02-21 09:00:00,Eggs,Groceries,4,274.75,1099.0
TXN_01539,CUST_121,2023-02-21 09:00:00,Jacket,Clothing,1,113.23,113.23
TXN_01540,CUST_169,2023-11-12 21:00:00,Mug,Home & Garden,1,171.61,171.61
TXN_01540,CUST_169,2023-11-12 21:00:00,Coffee,Groceries,4,405.67,1622.68
TXN_01541,CUST_087,2023-01-03 10:00:00,Keyboard,Electronics,1,339.97,339.97
TXN_01541,CUST_087,2023-01-03 10:00:00,Webcam,Electronics,1,446.63,446.63
TXN_01541,CUST_087,2023-01-03 10:00:00,Laptop,Electronics,1,321.52,321.52
TXN_01541,CUST_087,2023-01-03 10:00:00,Mouse,Electronics,1,369.55,369.55
TXN_01542,CUST_170,2023-09-03 14:00:00,Headphones,Electronics,1,141.14,141.14
TXN_01542,CUST_170,2023-09-03 14:00:00,Smartphone,Electronics,1,17.38,17.38
TXN_01543,CUST_042,2023-05-24 04:00:00,Table,Home & Garden,1,81.96,81.96
TXN_01543,CUST_042,2023-05-24 04:00:00,Jeans,Clothing,1,213.85,213.85
TXN_01544,CUST_040,2023-02-08 00:00:00,Coffee,Groceries,4,405.67,1622.68
TXN_01545,CUST_109,2023-01-19 17:00:00,Mug,Home & Garden,1,171.61,171.61
TXN_01545,CUST_109,2023-01-19 17:00:00,Coffee,Groceries,4,405.67,1622.68
TXN_01546,CUST_115,2023-10-29 23:00:00,Bread,Groceries,1,326.69,326.69
TXN_01546,CUST_115,2023-10-29 23:00:00,Apples,Groceries,4,114.12,456.48
TXN_01547,CUST_187,2023-09-15 00:00:00,Apples,Groceries,4,114.12,456.48
TXN_01547,CUST_187,2023-09-15 00:00:00,Keyboard,Electronics,1,339.97,339.97
TXN_01547,CUST_187,2023-09-15 00:00:00,Mouse,Electronics,1,369.55,369.55
TXN_01547,CUST_187,2023-09-15 00:00:00,Lamp,Home & Garden,1,350.58,350.58
TXN_01547,CUST_187,2023-09-15 00:00:00,Cushion,Home & Garden,1,478.82,478.82
TXN_01548,CUST_082,2023-04-02 18:00:00,Table,Home & Garden,1,81.96,81.96
TXN_01549,CUST_248,2023-07-03 01:00:00,T-Shirt,Clothing,1,48.03,48.03
TXN_01549,CUST_248,2023-07-03 01:00:00,Jeans,Clothing,1,213.85,213.85
TXN_01550,CUST_190,2023-04-30 01:00:00,Bread,Groceries,1,326.69,326.69
TXN_01550,CUST_190,2023-04-30 01:00:00,Sweater,Clothing,1,255.15,255.15
TXN_01550,CUST_190,2023-04-30 01:00:00,Eggs,Groceries,1,274.75,274.75
TXN_01550,CUST_190,2023-04-30 01:00:00,Socks,Clothing,1,18.14,18.14
TXN_01550,CUST_190,2023-04-30 01:00:00,Mug,Home & Garden,1,171.61,171.61
TXN_01551,CUST_166,2023-02-22 22:00:00,Table,Home & Garden,1,81.96,81.96
TXN_01551,CUST_166,2023-02-22 22:00:00,Coffee,Groceries,2,405.67,811.34
TXN_01551,CUST_166,2023-02-22 22:00:00,Jeans,Clothing,1,213.85,213.85
TXN_01552,CUST_193,2023-12-01 12:00:00,Laptop,Electronics,1,321.52,321.52
TXN_01552,CUST_193,2023-12-01 12:00:00,Monitor,Electronics,1,115.49,115.49
TXN_01553,CUST_115,2023-09-22 12:00:00,Headphones,Electronics,1,141.14,141.14
TXN_01553,CUST_115,2023-09-22 12:00:00,Smartphone,Electronics,1,17.38,17.38
TXN_01554,CUST_257,2023-03-13 14:00:00,Bread,Groceries,2,326.69,653.38
TXN_01554,CUST_257,2023-03-13 14:00:00,Milk,Groceries,3,103.42,310.26
TXN_01554,CUST_257,2023-03-13 14:00:00,Eggs,Groceries,1,274.75,274.75
TXN_01554,CUST_257,2023-03-13 14:00:00,Butter,Groceries,2,8.22,16.44
TXN_01555,CUST_213,2023-06-19 23:00:00,Laptop,Electronics,1,321.52,321.52
TXN_01555,CUST_213,2023-06-19 23:00:00,Monitor,Electronics,1,115.49,115.49
TXN_01556,CUST_083,2023-11-28 13:00:00,Bread,Groceries,1,326.69,326.69
TXN_01556,CUST_083,2023-11-28 13:00:00,Milk,Groceries,2,103.42,206.84
TXN_01557,CUST_029,2023-03-27 08:00:00,Butter,Groceries,3,8.22,24.66
TXN_01557,CUST_029,2023-03-27 08:00:00,Coffee,Groceries,1,405.67,405.67
TXN_01557,CUST_029,2023-03-27 08:00:00,Socks,Clothing,1,18.14,18.14
TXN_01557,CUST_029,2023-03-27 08:00:00,Laptop,Electronics,1,321.52,321.52
TXN_01557,CUST_029,2023-03-27 08:00:00,Plant,Home & Garden,1,403.88,403.88
TXN_01558,CUST_111,2023-08-18 19:00:00,T-Shirt,Clothing,1,48.03,48.03
TXN_01558,CUST_111,2023-08-18 19:00:00,Keyboard,Electronics,1,339.97,339.97
TXN_01558,CUST_111,2023-08-18 19:00:00,Butter,Groceries,2,8.22,16.44
TXN_01558,CUST_111,2023-08-18 19:00:00,Milk,Groceries,2,103.42,206.84
TXN_01559,CUST_262,2023-05-16 05:00:00,Bread,Groceries,1,326.69,326.69
TXN_01559,CUST_262,2023-05-16 05:00:00,Butter,Groceries,2,8.22,16.44
TXN_01559,CUST_262,2023-05-16 05:00:00,Coffee,Groceries,4,405.67,1622.68
TXN_01560,CUST_198,2023-03-09 03:00:00,Mug,Home & Garden,1,171.61,171.61
TXN_01560,CUST_198,2023-03-09 03:00:00,Coffee,Groceries,2,405.67,811.34
TXN_01561,CUST_244,2023-11-11 19:00:00,Mug,Home & Garden,1,171.61,171.61
TXN_01561,CUST_244,2023-11-11 19:00:00,Coffee,Groceries,2,405.67,811.34
TXN_01562,CUST_277,2023-01-01 21:00:00,Apples,Groceries,4,114.12,456.48
TXN_01562,CUST_277,2023-01-01 21:00:00,Sweater,Clothing,1,255.15,255.15
TXN_01562,CUST_277,2023-01-01 21:00:00,Milk,Groceries,2,103.42,206.84
TXN_01562,CUST_277,2023-01-01 21:00:00,Smartphone,Electronics,1,17.38,17.38
TXN_01562,CUST_277,2023-01-01 21:00:00,Chair,Home & Garden,1,173.42,173.42
TXN_01563,CUST_247,2023-07-15 11:00:00,Eggs,Groceries,2,274.75,549.5
TXN_01563,CUST_247,2023-07-15 11:00:00,Mouse,Electronics,1,369.55,369.55
TXN_01563,CUST_247,2023-07-15 11:00:00,Milk,Groceries,1,103.42,103.42
TXN_01563,CUST_247,2023-07-15 11:00:00,Jeans,Clothing,1,213.85,213.85
TXN_01563,CUST_247,2023-07-15 11:00:00,Monitor,Electronics,1,115.49,115.49
TXN_01564,CUST_146,2023-11-03 17:00:00,Laptop,Electronics,1,321.52,321.52
TXN_01564,CUST_146,2023-11-03 17:00:00,Keyboard,Electronics,1,339.97,339.97
TXN_01565,CUST_268,2023-03-02 16:00:00,Laptop,Electronics,1,321.52,321.52
TXN_01565,CUST_268,2023-03-02 16:00:00,Monitor,Electronics,1,115.49,115.49
TXN_01566,CUST_186,2023-02-24 04:00:00,Mug,Home & Garden,1,171.61,171.61
TXN_01566,CUST_186,2023-02-24 04:00:00,Coffee,Groceries,3,405.67,1217.01
TXN_01567,CUST_142,2023-12-15 12:00:00,Mug,Home & Garden,1,171.61,171.61
TXN_01567,CUST_142,2023-12-15 12:00:00,Banana,Groceries,2,296.69,593.38
TXN_01567,CUST_142,2023-12-15 12:00:00,Eggs,Groceries,3,274.75,824.25
TXN_01568,CUST_287,2023-10-12 15:00:00,Headphones,Electronics,1,141.14,141.14
TXN_01568,CUST_287,2023-10-12 15:00:00,Smartphone,Electronics,1,17.38,17.38
TXN_01569,CUST_061,2023-04-28 14:00:00,Webcam,Electronics,1,446.63,446.63
TXN_01569,CUST_061,2023-04-28 14:00:00,Monitor,Electronics,1,115.49,115.49
TXN_01570,CUST_261,2023-07-25 10:00:00,Chair,Home & Garden,1,173.42,173.42
TXN_01570,CUST_261,2023-07-25 10:00:00,Keyboard,Electronics,1,339.97,339.97
TXN_01570,CUST_261,2023-07-25 10:00:00,Smartphone,Electronics,1,17.38,17.38
TXN_01570,CUST_261,2023-07-25 10:00:00,Lamp,Home & Garden,1,350.58,350.58
TXN_01571,CUST_200,2023-11-22 00:00:00,Eggs,Groceries,4,274.75,1099.0
TXN_01571,CUST_200,2023-11-22 00:00:00,Butter,Groceries,1,8.22,8.22
TXN_01572,CUST_033,2023-05-15 07:00:00,Mug,Home & Garden,1,171.61,171.61
TXN_01572,CUST_033,2023-05-15 07:00:00,Coffee,Groceries,3,405.67,1217.01
TXN_01573,CUST_030,2023-03-31 20:00:00,Webcam,Electronics,1,446.63,446.63
TXN_01574,CUST_266,2023-05-27 06:00:00,Mug,Home & Garden,1,171.61,171.61
TXN_01574,CUST_266,2023-05-27 06:00:00,Coffee,Groceries,3,405.67,1217.01
TXN_01575,CUST_123,2023-12-02 00:00:00,Jeans,Clothing,1,213.85,213.85
TXN_01576,CUST_205,2023-06-30 21:00:00,Mug,Home & Garden,1,171.61,171.61
TXN_01576,CUST_205,2023-06-30 21:00:00,Coffee,Groceries,1,405.67,405.67
TXN_01577,CUST_282,2023-05-26 23:00:00,Sweater,Clothing,1,255.15,255.15
TXN_01577,CUST_282,2023-05-26 23:00:00,T-Shirt,Clothing,1,48.03,48.03
TXN_01577,CUST_282,2023-05-26 23:00:00,Jeans,Clothing,1,213.85,213.85
TXN_01577,CUST_282,2023-05-26 23:00:00,Butter,Groceries,2,8.22,16.44
TXN_01578,CUST_233,2023-07-26 18:00:00,Laptop,Electronics,1,321.52,321.52
TXN_01578,CUST_233,2023-07-26 18:00:00,Keyboard,Electronics,1,339.97,339.97
TXN_01578,CUST_233,2023-07-26 18:00:00,Webcam,Electronics,1,446.63,446.63
TXN_01579,CUST_258,2023-05-31 10:00:00,Mug,Home & Garden,1,171.61,171.61
TXN_01579,CUST_258,2023-05-31 10:00:00,Banana,Groceries,4,296.69,1186.76
TXN_01579,CUST_258,2023-05-31 10:00:00,Jeans,Clothing,1,213.85,213.85
TXN_01579,CUST_258,2023-05-31 10:00:00,Coffee,Groceries,4,405.67,1622.68
TXN_01580,CUST_289,2023-09-05 07:00:00,Bread,Groceries,4,326.69,1306.76
TXN_01580,CUST_289,2023-09-05 07:00:00,Laptop,Electronics,1,321.52,321.52
TXN_01580,CUST_289,2023-09-05 07:00:00,Coffee,Groceries,1,405.67,405.67
TXN_01580,CUST_289,2023-09-05 07:00:00,Lamp,Home & Garden,1,350.58,350.58
TXN_01581,CUST_133,2023-02-04 12:00:00,Chair,Home & Garden,1,173.42,173.42
TXN_01581,CUST_133,2023-02-04 12:00:00,Lamp,Home & Garden,1,350.58,350.58
TXN_01582,CUST_118,2023-06-11 13:00:00,Laptop,Electronics,1,321.52,321.52
TXN_01582,CUST_118,2023-06-11 13:00:00,Banana,Groceries,3,296.69,890.07
TXN_01582,CUST_118,2023-06-11 13:00:00,T-Shirt,Clothing,1,48.03,48.03
TXN_01582,CUST_118,2023-06-11 13:00:00,Jeans,Clothing,1,213.85,213.85
TXN_01582,CUST_118,2023-06-11 13:00:00,Chair,Home & Garden,1,173.42,173.42
TXN_01583,CUST_048,2023-07-24 21:00:00,Headphones,Electronics,1,141.14,141.14
TXN_01583,CUST_048,2023-07-24 21:00:00,Banana,Groceries,4,296.69,1186.76
TXN_01583,CUST_048,2023-07-24 21:00:00,Keyboard,Electronics,1,339.97,339.97
TXN_01584,CUST_161,2023-07-01 06:00:00,Table,Home & Garden,1,81.96,81.96
TXN_01584,CUST_161,2023-07-01 06:00:00,Keyboard,Electronics,1,339.97,339.97
TXN_01584,CUST_161,2023-07-01 06:00:00,Lamp,Home & Garden,1,350.58,350.58
TXN_01585,CUST_098,2023-09-13 23:00:00,Laptop,Electronics,1,321.52,321.52
TXN_01585,CUST_098,2023-09-13 23:00:00,Monitor,Electronics,1,115.49,115.49
TXN_01586,CUST_118,2023-04-14 07:00:00,Monitor,Electronics,1,115.49,115.49
TXN_01586,CUST_118,2023-04-14 07:00:00,Mouse,Electronics,1,369.55,369.55
TXN_01586,CUST_118,2023-04-14 07:00:00,Cushion,Home & Garden,1,478.82,478.82
TXN_01587,CUST_062,2023-02-10 21:00:00,Laptop,Electronics,1,321.52,321.52
TXN_01587,CUST_062,2023-02-10 21:00:00,Banana,Groceries,1,296.69,296.69
TXN_01587,CUST_062,2023-02-10 21:00:00,Butter,Groceries,4,8.22,32.88
TXN_01587,CUST_062,2023-02-10 21:00:00,Cushion,Home & Garden,1,478.82,478.82
TXN_01588,CUST_191,2023-11-14 10:00:00,Apples,Groceries,3,114.12,342.36
TXN_01588,CUST_191,2023-11-14 10:00:00,Keyboard,Electronics,1,339.97,339.97
TXN_01588,CUST_191,2023-11-14 10:00:00,Eggs,Groceries,4,274.75,1099.0
TXN_01588,CUST_191,2023-11-14 10:00:00,Jeans,Clothing,1,213.85,213.85
TXN_01588,CUST_191,2023-11-14 10:00:00,Cushion,Home & Garden,1,478.82,478.82
TXN_01589,CUST_114,2023-10-23 04:00:00,T-Shirt,Clothing,1,48.03,48.03
TXN_01589,CUST_114,2023-10-23 04:00:00,Jeans,Clothing,1,213.85,213.85
TXN_01589,CUST_114,2023-10-23 04:00:00,Sneakers,Clothing,1,19.75,19.75
TXN_01590,CUST_202,2023-12-18 05:00:00,Chair,Home & Garden,1,173.42,173.42
TXN_01591,CUST_266,2023-08-24 10:00:00,Lamp,Home & Garden,1,350.58,350.58
TXN_01592,CUST_108,2023-07-14 18:00:00,Headphones,Electronics,1,141.14,141.14
TXN_01592,CUST_108,2023-07-14 18:00:00,Smartphone,Electronics,1,17.38,17.38
TXN_01593,CUST_122,2023-05-18 15:00:00,Sweater,Clothing,1,255.15,255.15
TXN_01593,CUST_122,2023-05-18 15:00:00,Eggs,Groceries,4,274.75,1099.0
TXN_01593,CUST_122,2023-05-18 15:00:00,Keyboard,Electronics,1,339.97,339.97
TXN_01594,CUST_108,2023-08-03 22:00:00,Bread,Groceries,2,326.69,653.38
TXN_01594,CUST_108,2023-08-03 22:00:00,Jeans,Clothing,1,213.85,213.85
TXN_01594,CUST_108,2023-08-03 22:00:00,Socks,Clothing,1,18.14,18.14
TXN_01595,CUST_293,2023-03-09 18:00:00,Table,Home & Garden,1,81.96,81.96
TXN_01596,CUST_139,2023-05-01 17:00:00,Jeans,Clothing,1,213.85,213.85
TXN_01596,CUST_139,2023-05-01 17:00:00,Sneakers,Clothing,1,19.75,19.75
TXN_01597,CUST_243,2023-01-05 05:00:00,Webcam,Electronics,1,446.63,446.63
TXN_01597,CUST_243,2023-01-05 05:00:00,Laptop,Electronics,1,321.52,321.52
TXN_01597,CUST_243,2023-01-05 05:00:00,Keyboard,Electronics,1,339.97,339.97
TXN_01597,CUST_243,2023-01-05 05:00:00,Mouse,Electronics,1,369.55,369.55
TXN_01598,CUST_288,2023-10-18 01:00:00,Laptop,Electronics,1,321.52,321.52
TXN_01598,CUST_288,2023-10-18 01:00:00,Monitor,Electronics,1,115.49,115.49
TXN_01599,CUST_131,2023-09-01 20:00:00,Laptop,Electronics,1,321.52,321.52
TXN_01599,CUST_131,2023-09-01 20:00:00,Monitor,Electronics,1,115.49,115.49
TXN_01600,CUST_185,2023-10-14 17:00:00,Sweater,Clothing,1,255.15,255.15
TXN_01600,CUST_185,2023-10-14 17:00:00,Milk,Groceries,1,103.42,103.42
TXN_01600,CUST_185,2023-10-14 17:00:00,Laptop,Electronics,1,321.52,321.52
TXN_01601,CUST_180,2023-12-14 19:00:00,Mug,Home & Garden,1,171.61,171.61
TXN_01601,CUST_180,2023-12-14 19:00:00,Coffee,Groceries,3,405.67,1217.01
TXN_01602,CUST_262,2023-09-07 23:00:00,Bread,Groceries,2,326.69,653.38
TXN_01602,CUST_262,2023-09-07 23:00:00,Milk,Groceries,3,103.42,310.26
TXN_01602,CUST_262,2023-09-07 23:00:00,Eggs,Groceries,4,274.75,1099.0
TXN_01603,CUST_293,2023-07-27 02:00:00,Headphones,Electronics,1,141.14,141.14
TXN_01603,CUST_293,2023-07-27 02:00:00,Smartphone,Electronics,1,17.38,17.38
TXN_01604,CUST_150,2023-12-30 08:00:00,Bread,Groceries,4,326.69,1306.76
TXN_01604,CUST_150,2023-12-30 08:00:00,Sweater,Clothing,1,255.15,255.15
TXN_01604,CUST_150,2023-12-30 08:00:00,Jeans,Clothing,1,213.85,213.85
TXN_01604,CUST_150,2023-12-30 08:00:00,Cushion,Home & Garden,1,478.82,478.82
TXN_01605,CUST_212,2023-03-27 05:00:00,T-Shirt,Clothing,1,48.03,48.03
TXN_01605,CUST_212,2023-03-27 05:00:00,Table,Home & Garden,1,81.96,81.96
TXN_01606,CUST_129,2023-12-25 23:00:00,Laptop,Electronics,1,321.52,321.52
TXN_01606,CUST_129,2023-12-25 23:00:00,Webcam,Electronics,1,446.63,446.63
TXN_01606,CUST_129,2023-12-25 23:00:00,Keyboard,Electronics,1,339.97,339.97
TXN_01607,CUST_243,2023-10-08 01:00:00,T-Shirt,Clothing,1,48.03,48.03
TXN_01607,CUST_243,2023-10-08 01:00:00,Jeans,Clothing,1,213.85,213.85
TXN_01608,CUST_080,2023-02-13 20:00:00,T-Shirt,Clothing,1,48.03,48.03
TXN_01608,CUST_080,2023-02-13 20:00:00,Table,Home & Garden,1,81.96,81.96
TXN_01608,CUST_080,2023-02-13 20:00:00,Sneakers,Clothing,1,19.75,19.75
TXN_01609,CUST_146,2023-08-15 20:00:00,Mug,Home & Garden,1,171.61,171.61
TXN_01609,CUST_146,2023-08-15 20:00:00,Coffee,Groceries,3,405.67,1217.01
TXN_01610,CUST_167,2023-09-01 14:00:00,Bread,Groceries,2,326.69,653.38
TXN_01610,CUST_167,2023-09-01 14:00:00,Mouse,Electronics,1,369.55,369.55
TXN_01610,CUST_167,2023-09-01 14:00:00,Banana,Groceries,4,296.69,1186.76
TXN_01610,CUST_167,2023-09-01 14:00:00,Jeans,Clothing,1,213.85,213.85
TXN_01610,CUST_167,2023-09-01 14:00:00,Chair,Home & Garden,1,173.42,173.42
TXN_01611,CUST_289,2023-08-11 16:00:00,Sweater,Clothing,1,255.15,255.15
TXN_01611,CUST_289,2023-08-11 16:00:00,Eggs,Groceries,1,274.75,274.75
TXN_01611,CUST_289,2023-08-11 16:00:00,Banana,Groceries,4,296.69,1186.76
TXN_01611,CUST_289,2023-08-11 16:00:00,T-Shirt,Clothing,1,48.03,48.03
TXN_01611,CUST_289,2023-08-11 16:00:00,Sneakers,Clothing,1,19.75,19.75
TXN_01612,CUST_158,2023-07-07 13:00:00,Headphones,Electronics,1,141.14,141.14
TXN_01612,CUST_158,2023-07-07 13:00:00,Smartphone,Electronics,1,17.38,17.38
TXN_01613,CUST_177,2023-05-27 15:00:00,Laptop,Electronics,1,321.52,321.52
TXN_01613,CUST_177,2023-05-27 15:00:00,Eggs,Groceries,4,274.75,1099.0
TXN_01613,CUST_177,2023-05-27 15:00:00,Sneakers,Clothing,1,19.75,19.75
TXN_01613,CUST_177,2023-05-27 15:00:00,Cushion,Home & Garden,1,478.82,478.82
TXN_01614,CUST_150,2023-11-02 07:00:00,Banana,Groceries,4,296.69,1186.76
TXN_01614,CUST_150,2023-11-02 07:00:00,Sweater,Clothing,1,255.15,255.15
TXN_01614,CUST_150,2023-11-02 07:00:00,Milk,Groceries,2,103.42,206.84
TXN_01614,CUST_150,2023-11-02 07:00:00,Webcam,Electronics,1,446.63,446.63
TXN_01615,CUST_084,2023-11-27 12:00:00,Headphones,Electronics,1,141.14,141.14
TXN_01615,CUST_084,2023-11-27 12:00:00,Jeans,Clothing,1,213.85,213.85
TXN_01616,CUST_217,2023-11-17 07:00:00,Lamp,Home & Garden,1,350.58,350.58
TXN_01616,CUST_217,2023-11-17 07:00:00,Jeans,Clothing,1,213.85,213.85
TXN_01616,CUST_217,2023-11-17 07:00:00,Sneakers,Clothing,1,19.75,19.75
TXN_01616,CUST_217,2023-11-17 07:00:00,Chair,Home & Garden,1,173.42,173.42
TXN_01616,CUST_217,2023-11-17 07:00:00,Mug,Home & Garden,1,171.61,171.61
TXN_01617,CUST_273,2023-05-18 13:00:00,Bread,Groceries,1,326.69,326.69
TXN_01617,CUST_273,2023-05-18 13:00:00,Butter,Groceries,4,8.22,32.88
TXN_01618,CUST_232,2023-05-20 22:00:00,Laptop,Electronics,1,321.52,321.52
TXN_01618,CUST_232,2023-05-20 22:00:00,Jacket,Clothing,1,113.23,113.23
TXN_01619,CUST_078,2023-01-26 17:00:00,Bread,Groceries,1,326.69,326.69
TXN_01619,CUST_078,2023-01-26 17:00:00,Milk,Groceries,2,103.42,206.84
TXN_01619,CUST_078,2023-01-26 17:00:00,Eggs,Groceries,1,274.75,274.75
TXN_01620,CUST_078,2023-01-08 15:00:00,T-Shirt,Clothing,1,48.03,48.03
TXN_01620,CUST_078,2023-01-08 15:00:00,Jeans,Clothing,1,213.85,213.85
TXN_01620,CUST_078,2023-01-08 15:00:00,Sneakers,Clothing,1,19.75,19.75
TXN_01621,CUST_017,2023-06-19 02:00:00,Smartphone,Electronics,1,17.38,17.38
TXN_01621,CUST_017,2023-06-19 02:00:00,Jeans,Clothing,1,213.85,213.85
TXN_01622,CUST_201,2023-02-06 17:00:00,Jeans,Clothing,1,213.85,213.85
TXN_01622,CUST_201,2023-02-06 17:00:00,Socks,Clothing,1,18.14,18.14
TXN_01623,CUST_007,2023-03-04 22:00:00,Jeans,Clothing,1,213.85,213.85
TXN_01623,CUST_007,2023-03-04 22:00:00,Sneakers,Clothing,1,19.75,19.75
TXN_01624,CUST_102,2023-08-24 23:00:00,Socks,Clothing,1,18.14,18.14
TXN_01624,CUST_102,2023-08-24 23:00:00,Eggs,Groceries,3,274.75,824.25
TXN_01624,CUST_102,2023-08-24 23:00:00,Webcam,Electronics,1,446.63,446.63
TXN_01624,CUST_102,2023-08-24 23:00:00,Lamp,Home & Garden,1,350.58,350.58
TXN_01625,CUST_166,2023-03-23 20:00:00,Apples,Groceries,3,114.12,342.36
TXN_01625,CUST_166,2023-03-23 20:00:00,Eggs,Groceries,2,274.75,549.5
TXN_01625,CUST_166,2023-03-23 20:00:00,Plant,Home & Garden,1,403.88,403.88
TXN_01625,CUST_166,2023-03-23 20:00:00,Jeans,Clothing,1,213.85,213.85
TXN_01625,CUST_166,2023-03-23 20:00:00,Monitor,Electronics,1,115.49,115.49
TXN_01626,CUST_185,2023-01-27 21:00:00,Bread,Groceries,1,326.69,326.69
TXN_01626,CUST_185,2023-01-27 21:00:00,Butter,Groceries,2,8.22,16.44
TXN_01627,CUST_142,2023-10-27 03:00:00,Laptop,Electronics,1,321.52,321.52
TXN_01627,CUST_142,2023-10-27 03:00:00,Keyboard,Electronics,1,339.97,339.97
TXN_01628,CUST_244,2023-12-19 19:00:00,Bread,Groceries,1,326.69,326.69
TXN_01628,CUST_244,2023-12-19 19:00:00,Butter,Groceries,3,8.22,24.66
TXN_01629,CUST_031,2023-01-31 11:00:00,Eggs,Groceries,3,274.75,824.25
TXN_01629,CUST_031,2023-01-31 11:00:00,Mouse,Electronics,1,369.55,369.55
TXN_01629,CUST_031,2023-01-31 11:00:00,T-Shirt,Clothing,1,48.03,48.03
TXN_01629,CUST_031,2023-01-31 11:00:00,Monitor,Electronics,1,115.49,115.49
TXN_01629,CUST_031,2023-01-31 11:00:00,Mug,Home & Garden,1,171.61,171.61
TXN_01630,CUST_286,2023-11-27 11:00:00,Chair,Home & Garden,1,173.42,173.42
TXN_01630,CUST_286,2023-11-27 11:00:00,Laptop,Electronics,1,321.52,321.52
TXN_01630,CUST_286,2023-11-27 11:00:00,Table,Home & Garden,1,81.96,81.96
TXN_01630,CUST_286,2023-11-27 11:00:00,Webcam,Electronics,1,446.63,446.63
TXN_01631,CUST_194,2023-07-03 23:00:00,Bread,Groceries,4,326.69,1306.76
TXN_01631,CUST_194,2023-07-03 23:00:00,Eggs,Groceries,2,274.75,549.5
TXN_01631,CUST_194,2023-07-03 23:00:00,Butter,Groceries,2,8.22,16.44
TXN_01632,CUST_279,2023-06-28 10:00:00,Banana,Groceries,1,296.69,296.69
TXN_01632,CUST_279,2023-06-28 10:00:00,Keyboard,Electronics,1,339.97,339.97
TXN_01632,CUST_279,2023-06-28 10:00:00,Butter,Groceries,2,8.22,16.44
TXN_01633,CUST_231,2023-06-01 08:00:00,Apples,Groceries,4,114.12,456.48
TXN_01633,CUST_231,2023-06-01 08:00:00,Laptop,Electronics,1,321.52,321.52
TXN_01633,CUST_231,2023-06-01 08:00:00,Plant,Home & Garden,1,403.88,403.88
TXN_01633,CUST_231,2023-06-01 08:00:00,Cushion,Home & Garden,1,478.82,478.82
TXN_01634,CUST_095,2023-01-10 19:00:00,T-Shirt,Clothing,1,48.03,48.03
TXN_01634,CUST_095,2023-01-10 19:00:00,Table,Home & Garden,1,81.96,81.96
TXN_01634,CUST_095,2023-01-10 19:00:00,Lamp,Home & Garden,1,350.58,350.58
TXN_01634,CUST_095,2023-01-10 19:00:00,Headphones,Electronics,1,141.14,141.14
TXN_01634,CUST_095,2023-01-10 19:00:00,Jacket,Clothing,1,113.23,113.23
TXN_01635,CUST_276,2023-07-18 06:00:00,Banana,Groceries,3,296.69,890.07
TXN_01635,CUST_276,2023-07-18 06:00:00,Butter,Groceries,3,8.22,24.66
TXN_01635,CUST_276,2023-07-18 06:00:00,Mouse,Electronics,1,369.55,369.55
TXN_01635,CUST_276,2023-07-18 06:00:00,Cushion,Home & Garden,1,478.82,478.82
TXN_01636,CUST_210,2023-11-25 10:00:00,Mug,Home & Garden,1,171.61,171.61
TXN_01636,CUST_210,2023-11-25 10:00:00,Coffee,Groceries,2,405.67,811.34
TXN_01637,CUST_017,2023-04-14 03:00:00,Smartphone,Electronics,1,17.38,17.38
TXN_01638,CUST_293,2023-11-25 12:00:00,Butter,Groceries,3,8.22,24.66
TXN_01638,CUST_293,2023-11-25 12:00:00,Coffee,Groceries,2,405.67,811.34
TXN_01638,CUST_293,2023-11-25 12:00:00,Smartphone,Electronics,1,17.38,17.38
TXN_01638,CUST_293,2023-11-25 12:00:00,Jeans,Clothing,1,213.85,213.85
TXN_01638,CUST_293,2023-11-25 12:00:00,Chair,Home & Garden,1,173.42,173.42
TXN_01639,CUST_037,2023-01-07 06:00:00,Bread,Groceries,1,326.69,326.69
TXN_01640,CUST_185,2023-10-13 23:00:00,Mug,Home & Garden,1,171.61,171.61
TXN_01640,CUST_185,2023-10-13 23:00:00,Sweater,Clothing,1,255.15,255.15
TXN_01640,CUST_185,2023-10-13 23:00:00,Smartphone,Electronics,1,17.38,17.38
TXN_01640,CUST_185,2023-10-13 23:00:00,Chair,Home & Garden,1,173.42,173.42
TXN_01641,CUST_137,2023-09-28 01:00:00,Headphones,Electronics,1,141.14,141.14
TXN_01641,CUST_137,2023-09-28 01:00:00,Webcam,Electronics,1,446.63,446.63
TXN_01641,CUST_137,2023-09-28 01:00:00,Apples,Groceries,1,114.12,114.12
TXN_01642,CUST_052,2023-04-29 17:00:00,Webcam,Electronics,1,446.63,446.63
TXN_01642,CUST_052,2023-04-29 17:00:00,Laptop,Electronics,1,321.52,321.52
TXN_01642,CUST_052,2023-04-29 17:00:00,Keyboard,Electronics,1,339.97,339.97
TXN_01642,CUST_052,2023-04-29 17:00:00,Mouse,Electronics,1,369.55,369.55
TXN_01643,CUST_055,2023-11-23 18:00:00,T-Shirt,Clothing,1,48.03,48.03
TXN_01643,CUST_055,2023-11-23 18:00:00,Jeans,Clothing,1,213.85,213.85
TXN_01643,CUST_055,2023-11-23 18:00:00,Sneakers,Clothing,1,19.75,19.75
TXN_01644,CUST_282,2023-07-25 16:00:00,Keyboard,Electronics,1,339.97,339.97
TXN_01644,CUST_282,2023-07-25 16:00:00,Webcam,Electronics,1,446.63,446.63
TXN_01644,CUST_282,2023-07-25 16:00:00,Laptop,Electronics,1,321.52,321.52
TXN_01644,CUST_282,2023-07-25 16:00:00,Mouse,Electronics,1,369.55,369.55
TXN_01645,CUST_191,2023-07-31 20:00:00,Laptop,Electronics,1,321.52,321.52
TXN_01645,CUST_191,2023-07-31 20:00:00,Monitor,Electronics,1,115.49,115.49
TXN_01646,CUST_193,2023-10-09 23:00:00,T-Shirt,Clothing,1,48.03,48.03
TXN_01646,CUST_193,2023-10-09 23:00:00,Jeans,Clothing,1,213.85,213.85
TXN_01646,CUST_193,2023-10-09 23:00:00,Sneakers,Clothing,1,19.75,19.75
TXN_01647,CUST_146,2023-11-02 00:00:00,Laptop,Electronics,1,321.52,321.52
TXN_01647,CUST_146,2023-11-02 00:00:00,T-Shirt,Clothing,1,48.03,48.03
TXN_01647,CUST_146,2023-11-02 00:00:00,Sneakers,Clothing,1,19.75,19.75
TXN_01648,CUST_110,2023-06-11 00:00:00,Apples,Groceries,2,114.12,228.24
TXN_01648,CUST_110,2023-06-11 00:00:00,Banana,Groceries,1,296.69,296.69
TXN_01649,CUST_020,2023-08-24 11:00:00,Headphones,Electronics,1,141.14,141.14
TXN_01649,CUST_020,2023-08-24 11:00:00,Smartphone,Electronics,1,17.38,17.38
TXN_01650,CUST_132,2023-06-03 02:00:00,Table,Home & Garden,1,81.96,81.96
TXN_01650,CUST_132,2023-06-03 02:00:00,Headphones,Electronics,1,141.14,141.14
TXN_01650,CUST_132,2023-06-03 02:00:00,Webcam,Electronics,1,446.63,446.63
TXN_01650,CUST_132,2023-06-03 02:00:00,Jacket,Clothing,1,113.23,113.23
TXN_01651,CUST_248,2023-03-30 15:00:00,Butter,Groceries,4,8.22,32.88
TXN_01651,CUST_248,2023-03-30 15:00:00,Plant,Home & Garden,1,403.88,403.88
TXN_01651,CUST_248,2023-03-30 15:00:00,Smartphone,Electronics,1,17.38,17.38
TXN_01651,CUST_248,2023-03-30 15:00:00,Monitor,Electronics,1,115.49,115.49
TXN_01651,CUST_248,2023-03-30 15:00:00,Sneakers,Clothing,1,19.75,19.75
TXN_01652,CUST_041,2023-01-29 10:00:00,T-Shirt,Clothing,1,48.03,48.03
TXN_01652,CUST_041,2023-01-29 10:00:00,Jeans,Clothing,1,213.85,213.85
TXN_01652,CUST_041,2023-01-29 10:00:00,Sneakers,Clothing,1,19.75,19.75
TXN_01653,CUST_196,2023-01-28 09:00:00,Banana,Groceries,3,296.69,890.07
TXN_01653,CUST_196,2023-01-28 09:00:00,Coffee,Groceries,2,405.67,811.34
TXN_01653,CUST_196,2023-01-28 09:00:00,Mouse,Electronics,1,369.55,369.55
TXN_01654,CUST_079,2023-01-26 21:00:00,Bread,Groceries,1,326.69,326.69
TXN_01654,CUST_079,2023-01-26 21:00:00,Coffee,Groceries,2,405.67,811.34
TXN_01654,CUST_079,2023-01-26 21:00:00,Butter,Groceries,4,8.22,32.88
TXN_01654,CUST_079,2023-01-26 21:00:00,Cushion,Home & Garden,1,478.82,478.82
TXN_01655,CUST_149,2023-07-21 04:00:00,Bread,Groceries,3,326.69,980.07
TXN_01655,CUST_149,2023-07-21 04:00:00,Milk,Groceries,1,103.42,103.42
TXN_01655,CUST_149,2023-07-21 04:00:00,Eggs,Groceries,4,274.75,1099.0
TXN_01656,CUST_257,2023-08-11 22:00:00,Keyboard,Electronics,1,339.97,339.97
TXN_01656,CUST_257,2023-08-11 22:00:00,Webcam,Electronics,1,446.63,446.63
TXN_01656,CUST_257,2023-08-11 22:00:00,Mouse,Electronics,1,369.55,369.55
TXN_01657,CUST_293,2023-04-11 17:00:00,Headphones,Electronics,1,141.14,141.14
TXN_01657,CUST_293,2023-04-11 17:00:00,T-Shirt,Clothing,1,48.03,48.03
TXN_01657,CUST_293,2023-04-11 17:00:00,Jeans,Clothing,1,213.85,213.85
TXN_01657,CUST_293,2023-04-11 17:00:00,Cushion,Home & Garden,1,478.82,478.82
TXN_01658,CUST_221,2023-06-15 21:00:00,Monitor,Electronics,1,115.49,115.49
TXN_01659,CUST_212,2023-08-05 11:00:00,Headphones,Electronics,1,141.14,141.14
TXN_01659,CUST_212,2023-08-05 11:00:00,Smartphone,Electronics,1,17.38,17.38
TXN_01660,CUST_087,2023-06-29 19:00:00,Bread,Groceries,2,326.69,653.38
TXN_01660,CUST_087,2023-06-29 19:00:00,Smartphone,Electronics,1,17.38,17.38
TXN_01660,CUST_087,2023-06-29 19:00:00,Butter,Groceries,2,8.22,16.44
TXN_01660,CUST_087,2023-06-29 19:00:00,Mouse,Electronics,1,369.55,369.55
TXN_01661,CUST_192,2023-03-21 23:00:00,Table,Home & Garden,1,81.96,81.96
TXN_01662,CUST_028,2023-05-05 19:00:00,Chair,Home & Garden,1,173.42,173.42
TXN_01662,CUST_028,2023-05-05 19:00:00,Laptop,Electronics,1,321.52,321.52
TXN_01662,CUST_028,2023-05-05 19:00:00,Jacket,Clothing,1,113.23,113.23
TXN_01663,CUST_057,2023-06-06 14:00:00,Table,Home & Garden,1,81.96,81.96
TXN_01663,CUST_057,2023-06-06 14:00:00,Banana,Groceries,2,296.69,593.38
TXN_01663,CUST_057,2023-06-06 14:00:00,Webcam,Electronics,1,446.63,446.63
TXN_01664,CUST_105,2023-10-07 16:00:00,Eggs,Groceries,1,274.75,274.75
TXN_01664,CUST_105,2023-10-07 16:00:00,Butter,Groceries,4,8.22,32.88
TXN_01664,CUST_105,2023-10-07 16:00:00,Mouse,Electronics,1,369.55,369.55
TXN_01664,CUST_105,2023-10-07 16:00:00,Table,Home & Garden,1,81.96,81.96
TXN_01664,CUST_105,2023-10-07 16:00:00,Chair,Home & Garden,1,173.42,173.42
TXN_01665,CUST_299,2023-12-06 16:00:00,Laptop,Electronics,1,321.52,321.52
TXN_01665,CUST_299,2023-12-06 16:00:00,Keyboard,Electronics,1,339.97,339.97
TXN_01666,CUST_139,2023-01-28 14:00:00,Headphones,Electronics,1,141.14,141.14
TXN_01667,CUST_199,2023-12-05 08:00:00,Laptop,Electronics,1,321.52,321.52
TXN_01667,CUST_199,2023-12-05 08:00:00,Monitor,Electronics,1,115.49,115.49
TXN_01667,CUST_199,2023-12-05 08:00:00,Sneakers,Clothing,1,19.75,19.75
TXN_01668,CUST_198,2023-04-29 12:00:00,Jacket,Clothing,1,113.23,113.23
TXN_01669,CUST_249,2023-11-02 17:00:00,Keyboard,Electronics,1,339.97,339.97
TXN_01669,CUST_249,2023-11-02 17:00:00,Webcam,Electronics,1,446.63,446.63
TXN_01669,CUST_249,2023-11-02 17:00:00,Laptop,Electronics,1,321.52,321.52
TXN_01669,CUST_249,2023-11-02 17:00:00,Mouse,Electronics,1,369.55,369.55
TXN_01670,CUST_127,2023-09-29 09:00:00,T-Shirt,Clothing,1,48.03,48.03
TXN_01670,CUST_127,2023-09-29 09:00:00,Jeans,Clothing,1,213.85,213.85
TXN_01671,CUST_181,2023-07-01 20:00:00,Mug,Home & Garden,1,171.61,171.61
TXN_01671,CUST_181,2023-07-01 20:00:00,Coffee,Groceries,4,405.67,1622.68
TXN_01672,CUST_016,2023-10-12 08:00:00,Headphones,Electronics,1,141.14,141.14
TXN_01672,CUST_016,2023-10-12 08:00:00,Smartphone,Electronics,1,17.38,17.38
TXN_01673,CUST_196,2023-09-24 21:00:00,Milk,Groceries,2,103.42,206.84
TXN_01673,CUST_196,2023-09-24 21:00:00,T-Shirt,Clothing,1,48.03,48.03
TXN_01674,CUST_219,2023-06-09 19:00:00,Mug,Home & Garden,1,171.61,171.61
TXN_01674,CUST_219,2023-06-09 19:00:00,Coffee,Groceries,2,405.67,811.34
TXN_01675,CUST_071,2023-06-08 22:00:00,Plant,Home & Garden,1,403.88,403.88
TXN_01675,CUST_071,2023-06-08 22:00:00,Milk,Groceries,2,103.42,206.84
TXN_01675,CUST_071,2023-06-08 22:00:00,Mouse,Electronics,1,369.55,369.55
TXN_01675,CUST_071,2023-06-08 22:00:00,Cushion,Home & Garden,1,478.82,478.82
TXN_01676,CUST_163,2023-02-04 17:00:00,Keyboard,Electronics,1,339.97,339.97
TXN_01677,CUST_163,2023-03-16 23:00:00,Headphones,Electronics,1,141.14,141.14
TXN_01677,CUST_163,2023-03-16 23:00:00,Smartphone,Electronics,1,17.38,17.38
TXN_01678,CUST_227,2023-11-23 23:00:00,Laptop,Electronics,1,321.52,321.52
TXN_01678,CUST_227,2023-11-23 23:00:00,Mouse,Electronics,1,369.55,369.55
TXN_01679,CUST_014,2023-11-10 19:00:00,Mug,Home & Garden,1,171.61,171.61
TXN_01679,CUST_014,2023-11-10 19:00:00,Coffee,Groceries,1,405.67,405.67
TXN_01680,CUST_184,2023-02-10 22:00:00,Apples,Groceries,4,114.12,456.48
TXN_01680,CUST_184,2023-02-10 22:00:00,Butter,Groceries,3,8.22,24.66
TXN_01681,CUST_095,2023-07-18 15:00:00,T-Shirt,Clothing,1,48.03,48.03
TXN_01681,CUST_095,2023-07-18 15:00:00,Webcam,Electronics,1,446.63,446.63
TXN_01682,CUST_017,2023-07-29 00:00:00,T-Shirt,Clothing,1,48.03,48.03
TXN_01682,CUST_017,2023-07-29 00:00:00,Table,Home & Garden,1,81.96,81.96
TXN_01682,CUST_017,2023-07-29 00:00:00,Webcam,Electronics,1,446.63,446.63
TXN_01682,CUST_017,2023-07-29 00:00:00,Lamp,Home & Garden,1,350.58,350.58
TXN_01683,CUST_105,2023-02-03 05:00:00,Chair,Home & Garden,1,173.42,173.42
TXN_01683,CUST_105,2023-02-03 05:00:00,Eggs,Groceries,4,274.75,1099.0
TXN_01683,CUST_105,2023-02-03 05:00:00,Butter,Groceries,2,8.22,16.44
TXN_01683,CUST_105,2023-02-03 05:00:00,Jacket,Clothing,1,113.23,113.23
TXN_01684,CUST_219,2023-07-27 01:00:00,Table,Home & Garden,1,81.96,81.96
TXN_01684,CUST_219,2023-07-27 01:00:00,Butter,Groceries,1,8.22,8.22
TXN_01684,CUST_219,2023-07-27 01:00:00,Jacket,Clothing,1,113.23,113.23
TXN_01684,CUST_219,2023-07-27 01:00:00,Socks,Clothing,1,18.14,18.14
TXN_01685,CUST_267,2023-02-25 14:00:00,T-Shirt,Clothing,1,48.03,48.03
TXN_01686,CUST_266,2023-10-03 12:00:00,Banana,Groceries,4,296.69,1186.76
TXN_01687,CUST_265,2023-11-19 01:00:00,T-Shirt,Clothing,1,48.03,48.03
TXN_01687,CUST_265,2023-11-19 01:00:00,Jeans,Clothing,1,213.85,213.85
TXN_01687,CUST_265,2023-11-19 01:00:00,Sneakers,Clothing,1,19.75,19.75
TXN_01688,CUST_086,2023-08-05 09:00:00,Chair,Home & Garden,1,173.42,173.42
TXN_01689,CUST_265,2023-03-14 14:00:00,Headphones,Electronics,1,141.14,141.14
TXN_01689,CUST_265,2023-03-14 14:00:00,Table,Home & Garden,1,81.96,81.96
TXN_01689,CUST_265,2023-03-14 14:00:00,Monitor,Electronics,1,115.49,115.49
TXN_01689,CUST_265,2023-03-14 14:00:00,Apples,Groceries,2,114.12,228.24
TXN_01690,CUST_300,2023-12-23 17:00:00,T-Shirt,Clothing,1,48.03,48.03
TXN_01690,CUST_300,2023-12-23 17:00:00,Jeans,Clothing,1,213.85,213.85
TXN_01690,CUST_300,2023-12-23 17:00:00,Sneakers,Clothing,1,19.75,19.75
TXN_01691,CUST_233,2023-10-30 22:00:00,Headphones,Electronics,1,141.14,141.14
TXN_01691,CUST_233,2023-10-30 22:00:00,Jeans,Clothing,1,213.85,213.85
TXN_01691,CUST_233,2023-10-30 22:00:00,Chair,Home & Garden,1,173.42,173.42
TXN_01691,CUST_233,2023-10-30 22:00:00,Jacket,Clothing,1,113.23,113.23
TXN_01692,CUST_084,2023-03-05 02:00:00,T-Shirt,Clothing,1,48.03,48.03
TXN_01692,CUST_084,2023-03-05 02:00:00,Jeans,Clothing,1,213.85,213.85
TXN_01692,CUST_084,2023-03-05 02:00:00,Sneakers,Clothing,1,19.75,19.75
TXN_01693,CUST_194,2023-10-09 12:00:00,Laptop,Electronics,1,321.52,321.52
TXN_01693,CUST_194,2023-10-09 12:00:00,Keyboard,Electronics,1,339.97,339.97
TXN_01693,CUST_194,2023-10-09 12:00:00,Mouse,Electronics,1,369.55,369.55
TXN_01694,CUST_092,2023-12-31 01:00:00,Headphones,Electronics,1,141.14,141.14
TXN_01694,CUST_092,2023-12-31 01:00:00,Smartphone,Electronics,1,17.38,17.38
TXN_01695,CUST_061,2023-03-09 06:00:00,Headphones,Electronics,1,141.14,141.14
TXN_01695,CUST_061,2023-03-09 06:00:00,Smartphone,Electronics,1,17.38,17.38
TXN_01696,CUST_256,2023-10-06 00:00:00,T-Shirt,Clothing,1,48.03,48.03
TXN_01696,CUST_256,2023-10-06 00:00:00,Webcam,Electronics,1,446.63,446.63
TXN_01696,CUST_256,2023-10-06 00:00:00,Coffee,Groceries,4,405.67,1622.68
TXN_01696,CUST_256,2023-10-06 00:00:00,Lamp,Home & Garden,1,350.58,350.58
TXN_01697,CUST_233,2023-07-29 14:00:00,Mug,Home & Garden,1,171.61,171.61
TXN_01697,CUST_233,2023-07-29 14:00:00,Coffee,Groceries,2,405.67,811.34
TXN_01698,CUST_026,2023-04-05 04:00:00,Headphones,Electronics,1,141.14,141.14
TXN_01698,CUST_026,2023-04-05 04:00:00,Smartphone,Electronics,1,17.38,17.38
TXN_01699,CUST_296,2023-11-05 09:00:00,Bread,Groceries,2,326.69,653.38
TXN_01699,CUST_296,2023-11-05 09:00:00,Milk,Groceries,2,103.42,206.84
TXN_01700,CUST_146,2023-11-09 21:00:00,Bread,Groceries,3,326.69,980.07
TXN_01700,CUST_146,2023-11-09 21:00:00,Keyboard,Electronics,1,339.97,339.97
TXN_01700,CUST_146,2023-11-09 21:00:00,Coffee,Groceries,1,405.67,405.67
TXN_01700,CUST_146,2023-11-09 21:00:00,Banana,Groceries,1,296.69,296.69
TXN_01700,CUST_146,2023-11-09 21:00:00,Mug,Home & Garden,1,171.61,171.61
TXN_01701,CUST_154,2023-06-15 11:00:00,Cushion,Home & Garden,1,478.82,478.82
TXN_01702,CUST_219,2023-10-09 02:00:00,Keyboard,Electronics,1,339.97,339.97
TXN_01702,CUST_219,2023-10-09 02:00:00,Mouse,Electronics,1,369.55,369.55
TXN_01703,CUST_270,2023-07-31 16:00:00,Laptop,Electronics,1,321.52,321.52
TXN_01703,CUST_270,2023-07-31 16:00:00,Webcam,Electronics,1,446.63,446.63
TXN_01703,CUST_270,2023-07-31 16:00:00,Mouse,Electronics,1,369.55,369.55
TXN_01703,CUST_270,2023-07-31 16:00:00,Keyboard,Electronics,1,339.97,339.97
TXN_01704,CUST_148,2023-08-07 19:00:00,Apples,Groceries,3,114.12,342.36
TXN_01704,CUST_148,2023-08-07 19:00:00,Coffee,Groceries,2,405.67,811.34
TXN_01704,CUST_148,2023-08-07 19:00:00,Butter,Groceries,4,8.22,32.88
TXN_01705,CUST_267,2023-11-20 15:00:00,T-Shirt,Clothing,1,48.03,48.03
TXN_01705,CUST_267,2023-11-20 15:00:00,Butter,Groceries,3,8.22,24.66
TXN_01706,CUST_100,2023-01-01 03:00:00,Laptop,Electronics,1,321.52,321.52
TXN_01706,CUST_100,2023-01-01 03:00:00,Monitor,Electronics,1,115.49,115.49
TXN_01707,CUST_212,2023-01-24 10:00:00,Laptop,Electronics,1,321.52,321.52
TXN_01707,CUST_212,2023-01-24 10:00:00,Monitor,Electronics,1,115.49,115.49
TXN_01708,CUST_145,2023-05-11 02:00:00,Mug,Home & Garden,1,171.61,171.61
TXN_01708,CUST_145,2023-05-11 02:00:00,Coffee,Groceries,3,405.67,1217.01
TXN_01709,CUST_175,2023-07-22 23:00:00,Keyboard,Electronics,1,339.97,339.97
TXN_01710,CUST_100,2023-06-19 10:00:00,Mug,Home & Garden,1,171.61,171.61
TXN_01710,CUST_100,2023-06-19 10:00:00,Plant,Home & Garden,1,403.88,403.88
TXN_01710,CUST_100,2023-06-19 10:00:00,Eggs,Groceries,2,274.75,549.5
TXN_01710,CUST_100,2023-06-19 10:00:00,Smartphone,Electronics,1,17.38,17.38
TXN_01711,CUST_247,2023-03-21 20:00:00,Bread,Groceries,1,326.69,326.69
TXN_01711,CUST_247,2023-03-21 20:00:00,Milk,Groceries,3,103.42,310.26
TXN_01711,CUST_247,2023-03-21 20:00:00,Table,Home & Garden,1,81.96,81.96
TXN_01711,CUST_247,2023-03-21 20:00:00,Mug,Home & Garden,1,171.61,171.61
TXN_01711,CUST_247,2023-03-21 20:00:00,Jacket,Clothing,1,113.23,113.23
TXN_01712,CUST_290,2023-12-14 10:00:00,Webcam,Electronics,1,446.63,446.63
TXN_01713,CUST_296,2023-12-17 10:00:00,Headphones,Electronics,1,141.14,141.14
TXN_01713,CUST_296,2023-12-17 10:00:00,Jeans,Clothing,1,213.85,213.85
TXN_01713,CUST_296,2023-12-17 10:00:00,Mouse,Electronics,1,369.55,369.55
TXN_01714,CUST_016,2023-06-23 12:00:00,Coffee,Groceries,4,405.67,1622.68
TXN_01714,CUST_016,2023-06-23 12:00:00,Butter,Groceries,2,8.22,16.44
TXN_01715,CUST_060,2023-06-07 22:00:00,Jeans,Clothing,1,213.85,213.85
TXN_01716,CUST_212,2023-02-14 15:00:00,Bread,Groceries,3,326.69,980.07
TXN_01716,CUST_212,2023-02-14 15:00:00,Webcam,Electronics,1,446.63,446.63
TXN_01716,CUST_212,2023-02-14 15:00:00,Sneakers,Clothing,1,19.75,19.75
TXN_01717,CUST_090,2023-02-27 11:00:00,Headphones,Electronics,1,141.14,141.14
TXN_01717,CUST_090,2023-02-27 11:00:00,Bread,Groceries,1,326.69,326.69
TXN_01718,CUST_248,2023-09-14 04:00:00,T-Shirt,Clothing,1,48.03,48.03
TXN_01718,CUST_248,2023-09-14 04:00:00,Jeans,Clothing,1,213.85,213.85
TXN_01718,CUST_248,2023-09-14 04:00:00,Sneakers,Clothing,1,19.75,19.75
TXN_01719,CUST_265,2023-12-13 04:00:00,Milk,Groceries,1,103.42,103.42
TXN_01719,CUST_265,2023-12-13 04:00:00,Eggs,Groceries,3,274.75,824.25
TXN_01719,CUST_265,2023-12-13 04:00:00,Butter,Groceries,1,8.22,8.22
TXN_01720,CUST_045,2023-06-20 14:00:00,Apples,Groceries,3,114.12,342.36
TXN_01721,CUST_012,2023-10-23 09:00:00,Webcam,Electronics,1,446.63,446.63
TXN_01721,CUST_012,2023-10-23 09:00:00,Jacket,Clothing,1,113.23,113.23
TXN_01722,CUST_099,2023-05-27 08:00:00,Jeans,Clothing,1,213.85,213.85
TXN_01722,CUST_099,2023-05-27 08:00:00,Monitor,Electronics,1,115.49,115.49
TXN_01722,CUST_099,2023-05-27 08:00:00,Mouse,Electronics,1,369.55,369.55
TXN_01722,CUST_099,2023-05-27 08:00:00,Lamp,Home & Garden,1,350.58,350.58
TXN_01723,CUST_081,2023-05-21 03:00:00,Mug,Home & Garden,1,171.61,171.61
TXN_01723,CUST_081,2023-05-21 03:00:00,Coffee,Groceries,3,405.67,1217.01
TXN_01724,CUST_139,2023-03-14 22:00:00,Keyboard,Electronics,1,339.97,339.97
TXN_01724,CUST_139,2023-03-14 22:00:00,Butter,Groceries,3,8.22,24.66
TXN_01724,CUST_139,2023-03-14 22:00:00,T-Shirt,Clothing,1,48.03,48.03
TXN_01724,CUST_139,2023-03-14 22:00:00,Headphones,Electronics,1,141.14,141.14
TXN_01724,CUST_139,2023-03-14 22:00:00,Sneakers,Clothing,1,19.75,19.75
TXN_01725,CUST_277,2023-08-16 01:00:00,T-Shirt,Clothing,1,48.03,48.03
TXN_01725,CUST_277,2023-08-16 01:00:00,Jeans,Clothing,1,213.85,213.85
TXN_01726,CUST_028,2023-02-14 13:00:00,Laptop,Electronics,1,321.52,321.52
TXN_01726,CUST_028,2023-02-14 13:00:00,Monitor,Electronics,1,115.49,115.49
TXN_01727,CUST_171,2023-04-12 22:00:00,Headphones,Electronics,1,141.14,141.14
TXN_01727,CUST_171,2023-04-12 22:00:00,Coffee,Groceries,2,405.67,811.34
TXN_01727,CUST_171,2023-04-12 22:00:00,Bread,Groceries,1,326.69,326.69
TXN_01727,CUST_171,2023-04-12 22:00:00,Cushion,Home & Garden,1,478.82,478.82
TXN_01728,CUST_240,2023-02-19 14:00:00,Laptop,Electronics,1,321.52,321.52
TXN_01728,CUST_240,2023-02-19 14:00:00,Monitor,Electronics,1,115.49,115.49
TXN_01729,CUST_115,2023-03-15 19:00:00,Headphones,Electronics,1,141.14,141.14
TXN_01729,CUST_115,2023-03-15 19:00:00,Smartphone,Electronics,1,17.38,17.38
TXN_01730,CUST_167,2023-08-21 15:00:00,T-Shirt,Clothing,1,48.03,48.03
TXN_01730,CUST_167,2023-08-21 15:00:00,Sneakers,Clothing,1,19.75,19.75
TXN_01731,CUST_237,2023-03-29 09:00:00,Apples,Groceries,1,114.12,114.12
TXN_01731,CUST_237,2023-03-29 09:00:00,Coffee,Groceries,3,405.67,1217.01
TXN_01731,CUST_237,2023-03-29 09:00:00,Mouse,Electronics,1,369.55,369.55
TXN_01731,CUST_237,2023-03-29 09:00:00,Socks,Clothing,1,18.14,18.14
TXN_01731,CUST_237,2023-03-29 09:00:00,Monitor,Electronics,1,115.49,115.49
TXN_01732,CUST_285,2023-11-29 02:00:00,Bread,Groceries,2,326.69,653.38
TXN_01732,CUST_285,2023-11-29 02:00:00,Coffee,Groceries,2,405.67,811.34
TXN_01732,CUST_285,2023-11-29 02:00:00,Socks,Clothing,1,18.14,18.14
TXN_01732,CUST_285,2023-11-29 02:00:00,Milk,Groceries,4,103.42,413.68
TXN_01732,CUST_285,2023-11-29 02:00:00,T-Shirt,Clothing,1,48.03,48.03
TXN_01733,CUST_197,2023-02-03 10:00:00,Laptop,Electronics,1,321.52,321.52
TXN_01733,CUST_197,2023-02-03 10:00:00,Monitor,Electronics,1,115.49,115.49
TXN_01734,CUST_279,2023-12-22 07:00:00,Laptop,Electronics,1,321.52,321.52
TXN_01734,CUST_279,2023-12-22 07:00:00,Monitor,Electronics,1,115.49,115.49
TXN_01735,CUST_238,2023-06-16 17:00:00,T-Shirt,Clothing,1,48.03,48.03
TXN_01735,CUST_238,2023-06-16 17:00:00,Sneakers,Clothing,1,19.75,19.75
TXN_01736,CUST_036,2023-11-03 03:00:00,Eggs,Groceries,1,274.75,274.75
TXN_01736,CUST_036,2023-11-03 03:00:00,Socks,Clothing,1,18.14,18.14
TXN_01736,CUST_036,2023-11-03 03:00:00,Plant,Home & Garden,1,403.88,403.88
TXN_01736,CUST_036,2023-11-03 03:00:00,Jacket,Clothing,1,113.23,113.23
TXN_01736,CUST_036,2023-11-03 03:00:00,Cushion,Home & Garden,1,478.82,478.82
TXN_01737,CUST_047,2023-04-22 04:00:00,Cushion,Home & Garden,1,478.82,478.82
TXN_01738,CUST_076,2023-12-05 04:00:00,Butter,Groceries,4,8.22,32.88
TXN_01738,CUST_076,2023-12-05 04:00:00,Socks,Clothing,1,18.14,18.14
TXN_01738,CUST_076,2023-12-05 04:00:00,Coffee,Groceries,2,405.67,811.34
TXN_01739,CUST_106,2023-12-15 10:00:00,Laptop,Electronics,1,321.52,321.52
TXN_01739,CUST_106,2023-12-15 10:00:00,Monitor,Electronics,1,115.49,115.49
TXN_01740,CUST_046,2023-10-26 00:00:00,Sweater,Clothing,1,255.15,255.15
TXN_01740,CUST_046,2023-10-26 00:00:00,Mouse,Electronics,1,369.55,369.55
TXN_01740,CUST_046,2023-10-26 00:00:00,Socks,Clothing,1,18.14,18.14
TXN_01740,CUST_046,2023-10-26 00:00:00,Smartphone,Electronics,1,17.38,17.38
TXN_01740,CUST_046,2023-10-26 00:00:00,Sneakers,Clothing,1,19.75,19.75
TXN_01741,CUST_282,2023-01-28 00:00:00,Laptop,Electronics,1,321.52,321.52
TXN_01741,CUST_282,2023-01-28 00:00:00,Monitor,Electronics,1,115.49,115.49
TXN_01741,CUST_282,2023-01-28 00:00:00,Sneakers,Clothing,1,19.75,19.75
TXN_01742,CUST_121,2023-08-10 22:00:00,Chair,Home & Garden,1,173.42,173.42
TXN_01742,CUST_121,2023-08-10 22:00:00,Socks,Clothing,1,18.14,18.14
TXN_01743,CUST_196,2023-08-11 17:00:00,Laptop,Electronics,1,321.52,321.52
TXN_01743,CUST_196,2023-08-11 17:00:00,Webcam,Electronics,1,446.63,446.63
TXN_01743,CUST_196,2023-08-11 17:00:00,Mouse,Electronics,1,369.55,369.55
TXN_01744,CUST_185,2023-08-02 04:00:00,Laptop,Electronics,1,321.52,321.52
TXN_01744,CUST_185,2023-08-02 04:00:00,Monitor,Electronics,1,115.49,115.49
TXN_01745,CUST_037,2023-11-28 00:00:00,T-Shirt,Clothing,1,48.03,48.03
TXN_01745,CUST_037,2023-11-28 00:00:00,Jeans,Clothing,1,213.85,213.85
TXN_01745,CUST_037,2023-11-28 00:00:00,Sneakers,Clothing,1,19.75,19.75
TXN_01746,CUST_213,2023-08-22 22:00:00,Bread,Groceries,4,326.69,1306.76
TXN_01746,CUST_213,2023-08-22 22:00:00,Keyboard,Electronics,1,339.97,339.97
TXN_01746,CUST_213,2023-08-22 22:00:00,Butter,Groceries,4,8.22,32.88
TXN_01746,CUST_213,2023-08-22 22:00:00,Apples,Groceries,4,114.12,456.48
TXN_01747,CUST_182,2023-04-26 05:00:00,Bread,Groceries,4,326.69,1306.76
TXN_01747,CUST_182,2023-04-26 05:00:00,Milk,Groceries,3,103.42,310.26
TXN_01747,CUST_182,2023-04-26 05:00:00,Eggs,Groceries,1,274.75,274.75
TXN_01747,CUST_182,2023-04-26 05:00:00,Butter,Groceries,1,8.22,8.22
TXN_01748,CUST_291,2023-09-05 22:00:00,Mug,Home & Garden,1,171.61,171.61
TXN_01748,CUST_291,2023-09-05 22:00:00,Coffee,Groceries,3,405.67,1217.01
TXN_01749,CUST_239,2023-09-22 02:00:00,Eggs,Groceries,1,274.75,274.75
TXN_01749,CUST_239,2023-09-22 02:00:00,Plant,Home & Garden,1,403.88,403.88
TXN_01749,CUST_239,2023-09-22 02:00:00,T-Shirt,Clothing,1,48.03,48.03
TXN_01749,CUST_239,2023-09-22 02:00:00,Table,Home & Garden,1,81.96,81.96
TXN_01749,CUST_239,2023-09-22 02:00:00,Headphones,Electronics,1,141.14,141.14
TXN_01750,CUST_277,2023-10-24 09:00:00,Laptop,Electronics,1,321.52,321.52
TXN_01750,CUST_277,2023-10-24 09:00:00,Banana,Groceries,4,296.69,1186.76
TXN_01750,CUST_277,2023-10-24 09:00:00,Cushion,Home & Garden,1,478.82,478.82
TXN_01751,CUST_233,2023-09-20 15:00:00,Mug,Home & Garden,1,171.61,171.61
TXN_01751,CUST_233,2023-09-20 15:00:00,Sweater,Clothing,1,255.15,255.15
TXN_01751,CUST_233,2023-09-20 15:00:00,Milk,Groceries,3,103.42,310.26
TXN_01752,CUST_149,2023-03-27 01:00:00,Mug,Home & Garden,1,171.61,171.61
TXN_01752,CUST_149,2023-03-27 01:00:00,Table,Home & Garden,1,81.96,81.96
TXN_01752,CUST_149,2023-03-27 01:00:00,Sneakers,Clothing,1,19.75,19.75
TXN_01752,CUST_149,2023-03-27 01:00:00,Coffee,Groceries,3,405.67,1217.01
TXN_01753,CUST_032,2023-11-19 15:00:00,Table,Home & Garden,1,81.96,81.96
TXN_01753,CUST_032,2023-11-19 15:00:00,Smartphone,Electronics,1,17.38,17.38
TXN_01753,CUST_032,2023-11-19 15:00:00,Lamp,Home & Garden,1,350.58,350.58
TXN_01753,CUST_032,2023-11-19 15:00:00,Sneakers,Clothing,1,19.75,19.75
TXN_01753,CUST_032,2023-11-19 15:00:00,Mug,Home & Garden,1,171.61,171.61
TXN_01754,CUST_014,2023-05-27 15:00:00,Mug,Home & Garden,1,171.61,171.61
TXN_01754,CUST_014,2023-05-27 15:00:00,Coffee,Groceries,2,405.67,811.34
TXN_01755,CUST_144,2023-05-21 08:00:00,Bread,Groceries,3,326.69,980.07
TXN_01755,CUST_144,2023-05-21 08:00:00,Milk,Groceries,2,103.42,206.84
TXN_01755,CUST_144,2023-05-21 08:00:00,Eggs,Groceries,3,274.75,824.25
TXN_01755,CUST_144,2023-05-21 08:00:00,Butter,Groceries,2,8.22,16.44
TXN_01756,CUST_249,2023-04-03 16:00:00,Headphones,Electronics,1,141.14,141.14
TXN_01756,CUST_249,2023-04-03 16:00:00,Butter,Groceries,2,8.22,16.44
TXN_01756,CUST_249,2023-04-03 16:00:00,Mouse,Electronics,1,369.55,369.55
TXN_01757,CUST_254,2023-07-31 12:00:00,T-Shirt,Clothing,1,48.03,48.03
TXN_01757,CUST_254,2023-07-31 12:00:00,Jeans,Clothing,1,213.85,213.85
TXN_01758,CUST_028,2023-11-25 08:00:00,Smartphone,Electronics,1,17.38,17.38
TXN_01759,CUST_086,2023-08-26 12:00:00,Banana,Groceries,4,296.69,1186.76
TXN_01759,CUST_086,2023-08-26 12:00:00,Table,Home & Garden,1,81.96,81.96
TXN_01759,CUST_086,2023-08-26 12:00:00,T-Shirt,Clothing,1,48.03,48.03
TXN_01759,CUST_086,2023-08-26 12:00:00,Cushion,Home & Garden,1,478.82,478.82
TXN_01760,CUST_200,2023-08-31 08:00:00,T-Shirt,Clothing,1,48.03,48.03
TXN_01760,CUST_200,2023-08-31 08:00:00,Sneakers,Clothing,1,19.75,19.75
TXN_01761,CUST_196,2023-12-14 10:00:00,Monitor,Electronics,1,115.49,115.49
TXN_01762,CUST_273,2023-11-23 11:00:00,Plant,Home & Garden,1,403.88,403.88
TXN_01762,CUST_273,2023-11-23 11:00:00,Jeans,Clothing,1,213.85,213.85
TXN_01762,CUST_273,2023-11-23 11:00:00,Butter,Groceries,3,8.22,24.66
TXN_01762,CUST_273,2023-11-23 11:00:00,Jacket,Clothing,1,113.23,113.23
TXN_01763,CUST_137,2023-02-20 08:00:00,Bread,Groceries,2,326.69,653.38
TXN_01763,CUST_137,2023-02-20 08:00:00,Table,Home & Garden,1,81.96,81.96
TXN_01763,CUST_137,2023-02-20 08:00:00,Lamp,Home & Garden,1,350.58,350.58
TXN_01763,CUST_137,2023-02-20 08:00:00,Cushion,Home & Garden,1,478.82,478.82
TXN_01764,CUST_100,2023-09-24 10:00:00,Banana,Groceries,1,296.69,296.69
TXN_01764,CUST_100,2023-09-24 10:00:00,Jacket,Clothing,1,113.23,113.23
TXN_01765,CUST_005,2023-02-04 00:00:00,Mug,Home & Garden,1,171.61,171.61
TXN_01765,CUST_005,2023-02-04 00:00:00,Coffee,Groceries,2,405.67,811.34
TXN_01766,CUST_146,2023-05-09 06:00:00,Mug,Home & Garden,1,171.61,171.61
TXN_01766,CUST_146,2023-05-09 06:00:00,Coffee,Groceries,1,405.67,405.67
TXN_01767,CUST_062,2023-02-14 19:00:00,Laptop,Electronics,1,321.52,321.52
TXN_01767,CUST_062,2023-02-14 19:00:00,Monitor,Electronics,1,115.49,115.49
TXN_01768,CUST_130,2023-05-31 14:00:00,Plant,Home & Garden,1,403.88,403.88
TXN_01769,CUST_233,2023-05-22 13:00:00,Keyboard,Electronics,1,339.97,339.97
TXN_01769,CUST_233,2023-05-22 13:00:00,Jeans,Clothing,1,213.85,213.85
TXN_01769,CUST_233,2023-05-22 13:00:00,Cushion,Home & Garden,1,478.82,478.82
TXN_01770,CUST_038,2023-05-22 01:00:00,Headphones,Electronics,1,141.14,141.14
TXN_01770,CUST_038,2023-05-22 01:00:00,Smartphone,Electronics,1,17.38,17.38
TXN_01771,CUST_092,2023-08-14 02:00:00,Butter,Groceries,2,8.22,16.44
TXN_01771,CUST_092,2023-08-14 02:00:00,Socks,Clothing,1,18.14,18.14
TXN_01772,CUST_252,2023-02-25 04:00:00,Monitor,Electronics,1,115.49,115.49
TXN_01772,CUST_252,2023-02-25 04:00:00,Plant,Home & Garden,1,403.88,403.88
TXN_01772,CUST_252,2023-02-25 04:00:00,Webcam,Electronics,1,446.63,446.63
TXN_01772,CUST_252,2023-02-25 04:00:00,Butter,Groceries,4,8.22,32.88
TXN_01773,CUST_133,2023-02-22 01:00:00,Mug,Home & Garden,1,171.61,171.61
TXN_01773,CUST_133,2023-02-22 01:00:00,Coffee,Groceries,4,405.67,1622.68
TXN_01774,CUST_077,2023-12-01 20:00:00,Bread,Groceries,4,326.69,1306.76
TXN_01774,CUST_077,2023-12-01 20:00:00,Milk,Groceries,1,103.42,103.42
TXN_01774,CUST_077,2023-12-01 20:00:00,Eggs,Groceries,4,274.75,1099.0
TXN_01774,CUST_077,2023-12-01 20:00:00,Butter,Groceries,4,8.22,32.88
TXN_01775,CUST_224,2023-07-26 23:00:00,Banana,Groceries,2,296.69,593.38
TXN_01776,CUST_002,2023-07-16 22:00:00,Sweater,Clothing,1,255.15,255.15
TXN_01776,CUST_002,2023-07-16 22:00:00,Banana,Groceries,3,296.69,890.07
TXN_01776,CUST_002,2023-07-16 22:00:00,Monitor,Electronics,1,115.49,115.49
TXN_01776,CUST_002,2023-07-16 22:00:00,Coffee,Groceries,3,405.67,1217.01
TXN_01777,CUST_206,2023-01-29 20:00:00,Sweater,Clothing,1,255.15,255.15
TXN_01778,CUST_274,2023-06-24 02:00:00,Keyboard,Electronics,1,339.97,339.97
TXN_01778,CUST_274,2023-06-24 02:00:00,Plant,Home & Garden,1,403.88,403.88
TXN_01778,CUST_274,2023-06-24 02:00:00,Webcam,Electronics,1,446.63,446.63
TXN_01779,CUST_284,2023-01-21 12:00:00,Chair,Home & Garden,1,173.42,173.42
TXN_01779,CUST_284,2023-01-21 12:00:00,Monitor,Electronics,1,115.49,115.49
TXN_01779,CUST_284,2023-01-21 12:00:00,Socks,Clothing,1,18.14,18.14
TXN_01780,CUST_184,2023-09-07 02:00:00,Table,Home & Garden,1,81.96,81.96
TXN_01780,CUST_184,2023-09-07 02:00:00,Mouse,Electronics,1,369.55,369.55
TXN_01780,CUST_184,2023-09-07 02:00:00,Webcam,Electronics,1,446.63,446.63
TXN_01780,CUST_184,2023-09-07 02:00:00,Smartphone,Electronics,1,17.38,17.38
TXN_01781,CUST_099,2023-01-13 23:00:00,Eggs,Groceries,1,274.75,274.75
TXN_01781,CUST_099,2023-01-13 23:00:00,Socks,Clothing,1,18.14,18.14
TXN_01782,CUST_277,2023-11-26 09:00:00,Laptop,Electronics,1,321.52,321.52
TXN_01782,CUST_277,2023-11-26 09:00:00,Smartphone,Electronics,1,17.38,17.38
TXN_01782,CUST_277,2023-11-26 09:00:00,Jacket,Clothing,1,113.23,113.23
TXN_01783,CUST_173,2023-01-22 12:00:00,Laptop,Electronics,1,321.52,321.52
TXN_01783,CUST_173,2023-01-22 12:00:00,Monitor,Electronics,1,115.49,115.49
TXN_01784,CUST_037,2023-01-19 23:00:00,Laptop,Electronics,1,321.52,321.52
TXN_01784,CUST_037,2023-01-19 23:00:00,Monitor,Electronics,1,115.49,115.49
TXN_01785,CUST_125,2023-12-26 20:00:00,Laptop,Electronics,1,321.52,321.52
TXN_01785,CUST_125,2023-12-26 20:00:00,Webcam,Electronics,1,446.63,446.63
TXN_01785,CUST_125,2023-12-26 20:00:00,Mouse,Electronics,1,369.55,369.55
TXN_01785,CUST_125,2023-12-26 20:00:00,Keyboard,Electronics,1,339.97,339.97
TXN_01786,CUST_088,2023-10-30 02:00:00,Monitor,Electronics,1,115.49,115.49
TXN_01787,CUST_255,2023-11-01 19:00:00,Keyboard,Electronics,1,339.97,339.97
TXN_01787,CUST_255,2023-11-01 19:00:00,Mouse,Electronics,1,369.55,369.55
TXN_01787,CUST_255,2023-11-01 19:00:00,Webcam,Electronics,1,446.63,446.63
TXN_01788,CUST_167,2023-03-03 21:00:00,Mug,Home & Garden,1,171.61,171.61
TXN_01788,CUST_167,2023-03-03 21:00:00,Jacket,Clothing,1,113.23,113.23
TXN_01789,CUST_110,2023-01-24 18:00:00,Milk,Groceries,4,103.42,413.68
TXN_01789,CUST_110,2023-01-24 18:00:00,Eggs,Groceries,2,274.75,549.5
TXN_01790,CUST_190,2023-10-11 05:00:00,Mug,Home & Garden,1,171.61,171.61
TXN_01790,CUST_190,2023-10-11 05:00:00,Coffee,Groceries,4,405.67,1622.68
TXN_01791,CUST_081,2023-01-09 15:00:00,Milk,Groceries,3,103.42,310.26
TXN_01791,CUST_081,2023-01-09 15:00:00,Eggs,Groceries,4,274.75,1099.0
TXN_01792,CUST_244,2023-12-21 04:00:00,Laptop,Electronics,1,321.52,321.52
TXN_01792,CUST_244,2023-12-21 04:00:00,Monitor,Electronics,1,115.49,115.49
TXN_01793,CUST_123,2023-03-31 19:00:00,Eggs,Groceries,3,274.75,824.25
TXN_01793,CUST_123,2023-03-31 19:00:00,Keyboard,Electronics,1,339.97,339.97
TXN_01793,CUST_123,2023-03-31 19:00:00,Butter,Groceries,3,8.22,24.66
TXN_01793,CUST_123,2023-03-31 19:00:00,Headphones,Electronics,1,141.14,141.14
TXN_01793,CUST_123,2023-03-31 19:00:00,Chair,Home & Garden,1,173.42,173.42
TXN_01794,CUST_215,2023-01-03 17:00:00,Bread,Groceries,4,326.69,1306.76
TXN_01794,CUST_215,2023-01-03 17:00:00,Milk,Groceries,2,103.42,206.84
TXN_01794,CUST_215,2023-01-03 17:00:00,Eggs,Groceries,3,274.75,824.25
TXN_01794,CUST_215,2023-01-03 17:00:00,Butter,Groceries,1,8.22,8.22
TXN_01795,CUST_100,2023-02-27 04:00:00,Keyboard,Electronics,1,339.97,339.97
TXN_01795,CUST_100,2023-02-27 04:00:00,Eggs,Groceries,1,274.75,274.75
TXN_01795,CUST_100,2023-02-27 04:00:00,Lamp,Home & Garden,1,350.58,350.58
TXN_01796,CUST_028,2023-11-27 11:00:00,T-Shirt,Clothing,1,48.03,48.03
TXN_01796,CUST_028,2023-11-27 11:00:00,Jeans,Clothing,1,213.85,213.85
TXN_01796,CUST_028,2023-11-27 11:00:00,Sneakers,Clothing,1,19.75,19.75
TXN_01797,CUST_054,2023-01-27 17:00:00,Milk,Groceries,4,103.42,413.68
TXN_01797,CUST_054,2023-01-27 17:00:00,Eggs,Groceries,3,274.75,824.25
TXN_01797,CUST_054,2023-01-27 17:00:00,Butter,Groceries,4,8.22,32.88
TXN_01798,CUST_102,2023-12-13 10:00:00,Bread,Groceries,4,326.69,1306.76
TXN_01798,CUST_102,2023-12-13 10:00:00,Milk,Groceries,2,103.42,206.84
TXN_01798,CUST_102,2023-12-13 10:00:00,Eggs,Groceries,4,274.75,1099.0
TXN_01799,CUST_113,2023-02-07 15:00:00,Milk,Groceries,2,103.42,206.84
TXN_01800,CUST_111,2023-11-09 14:00:00,Headphones,Electronics,1,141.14,141.14
TXN_01800,CUST_111,2023-11-09 14:00:00,Smartphone,Electronics,1,17.38,17.38
TXN_01801,CUST_184,2023-05-19 06:00:00,Bread,Groceries,4,326.69,1306.76
TXN_01801,CUST_184,2023-05-19 06:00:00,Milk,Groceries,4,103.42,413.68
TXN_01801,CUST_184,2023-05-19 06:00:00,Eggs,Groceries,4,274.75,1099.0
TXN_01801,CUST_184,2023-05-19 06:00:00,Butter,Groceries,2,8.22,16.44
TXN_01802,CUST_176,2023-04-23 09:00:00,Keyboard,Electronics,1,339.97,339.97
TXN_01802,CUST_176,2023-04-23 09:00:00,Coffee,Groceries,4,405.67,1622.68
TXN_01802,CUST_176,2023-04-23 09:00:00,Banana,Groceries,4,296.69,1186.76
TXN_01802,CUST_176,2023-04-23 09:00:00,T-Shirt,Clothing,1,48.03,48.03
TXN_01802,CUST_176,2023-04-23 09:00:00,Headphones,Electronics,1,141.14,141.14
TXN_01803,CUST_111,2023-10-30 15:00:00,Laptop,Electronics,1,321.52,321.52
TXN_01803,CUST_111,2023-10-30 15:00:00,Milk,Groceries,2,103.42,206.84
TXN_01803,CUST_111,2023-10-30 15:00:00,Table,Home & Garden,1,81.96,81.96
TXN_01804,CUST_127,2023-06-17 13:00:00,Coffee,Groceries,1,405.67,405.67
TXN_01804,CUST_127,2023-06-17 13:00:00,Mouse,Electronics,1,369.55,369.55
TXN_01804,CUST_127,2023-06-17 13:00:00,Laptop,Electronics,1,321.52,321.52
TXN_01804,CUST_127,2023-06-17 13:00:00,Milk,Groceries,4,103.42,413.68
TXN_01804,CUST_127,2023-06-17 13:00:00,Smartphone,Electronics,1,17.38,17.38
TXN_01805,CUST_259,2023-01-18 13:00:00,Chair,Home & Garden,1,173.42,173.42
TXN_01805,CUST_259,2023-01-18 13:00:00,Mug,Home & Garden,1,171.61,171.61
TXN_01805,CUST_259,2023-01-18 13:00:00,Monitor,Electronics,1,115.49,115.49
TXN_01806,CUST_232,2023-09-11 07:00:00,Bread,Groceries,3,326.69,980.07
TXN_01806,CUST_232,2023-09-11 07:00:00,Milk,Groceries,2,103.42,206.84
TXN_01806,CUST_232,2023-09-11 07:00:00,Eggs,Groceries,1,274.75,274.75
TXN_01806,CUST_232,2023-09-11 07:00:00,Butter,Groceries,1,8.22,8.22
TXN_01807,CUST_246,2023-12-09 09:00:00,T-Shirt,Clothing,1,48.03,48.03
TXN_01807,CUST_246,2023-12-09 09:00:00,Sneakers,Clothing,1,19.75,19.75
TXN_01808,CUST_071,2023-12-27 12:00:00,Headphones,Electronics,1,141.14,141.14
TXN_01808,CUST_071,2023-12-27 12:00:00,Smartphone,Electronics,1,17.38,17.38
TXN_01809,CUST_198,2023-12-20 10:00:00,Milk,Groceries,2,103.42,206.84
TXN_01809,CUST_198,2023-12-20 10:00:00,Jeans,Clothing,1,213.85,213.85
TXN_01809,CUST_198,2023-12-20 10:00:00,Cushion,Home & Garden,1,478.82,478.82
TXN_01810,CUST_042,2023-11-14 10:00:00,Apples,Groceries,3,114.12,342.36
TXN_01811,CUST_027,2023-02-26 12:00:00,Mug,Home & Garden,1,171.61,171.61
TXN_01811,CUST_027,2023-02-26 12:00:00,Coffee,Groceries,2,405.67,811.34
TXN_01812,CUST_287,2023-12-27 02:00:00,Jacket,Clothing,1,113.23,113.23
TXN_01812,CUST_287,2023-12-27 02:00:00,Mouse,Electronics,1,369.55,369.55
TXN_01813,CUST_123,2023-10-04 03:00:00,Chair,Home & Garden,1,173.42,173.42
TXN_01813,CUST_123,2023-10-04 03:00:00,Webcam,Electronics,1,446.63,446.63
TXN_01813,CUST_123,2023-10-04 03:00:00,Table,Home & Garden,1,81.96,81.96
TXN_01813,CUST_123,2023-10-04 03:00:00,Cushion,Home & Garden,1,478.82,478.82
TXN_01814,CUST_116,2023-06-14 11:00:00,Milk,Groceries,3,103.42,310.26
TXN_01814,CUST_116,2023-06-14 11:00:00,Smartphone,Electronics,1,17.38,17.38
TXN_01814,CUST_116,2023-06-14 11:00:00,Lamp,Home & Garden,1,350.58,350.58
TXN_01814,CUST_116,2023-06-14 11:00:00,Headphones,Electronics,1,141.14,141.14
TXN_01814,CUST_116,2023-06-14 11:00:00,Jeans,Clothing,1,213.85,213.85
TXN_01815,CUST_177,2023-08-20 15:00:00,Eggs,Groceries,3,274.75,824.25
TXN_01816,CUST_232,2023-11-14 11:00:00,Webcam,Electronics,1,446.63,446.63
TXN_01817,CUST_235,2023-02-14 02:00:00,Laptop,Electronics,1,321.52,321.52
TXN_01817,CUST_235,2023-02-14 02:00:00,Webcam,Electronics,1,446.63,446.63
TXN_01817,CUST_235,2023-02-14 02:00:00,Keyboard,Electronics,1,339.97,339.97
TXN_01818,CUST_142,2023-02-27 22:00:00,Laptop,Electronics,1,321.52,321.52
TXN_01818,CUST_142,2023-02-27 22:00:00,Mouse,Electronics,1,369.55,369.55
TXN_01819,CUST_214,2023-12-16 17:00:00,Bread,Groceries,1,326.69,326.69
TXN_01819,CUST_214,2023-12-16 17:00:00,Sweater,Clothing,1,255.15,255.15
TXN_01819,CUST_214,2023-12-16 17:00:00,Milk,Groceries,3,103.42,310.26
TXN_01819,CUST_214,2023-12-16 17:00:00,Table,Home & Garden,1,81.96,81.96
TXN_01820,CUST_097,2023-02-02 00:00:00,Apples,Groceries,3,114.12,342.36
TXN_01820,CUST_097,2023-02-02 00:00:00,Plant,Home & Garden,1,403.88,403.88
TXN_01821,CUST_211,2023-10-24 10:00:00,Eggs,Groceries,4,274.75,1099.0
TXN_01821,CUST_211,2023-10-24 10:00:00,Coffee,Groceries,4,405.67,1622.68
TXN_01821,CUST_211,2023-10-24 10:00:00,Lamp,Home & Garden,1,350.58,350.58
TXN_01822,CUST_156,2023-10-18 04:00:00,Mug,Home & Garden,1,171.61,171.61
TXN_01822,CUST_156,2023-10-18 04:00:00,Keyboard,Electronics,1,339.97,339.97
TXN_01822,CUST_156,2023-10-18 04:00:00,Jeans,Clothing,1,213.85,213.85
TXN_01823,CUST_117,2023-09-05 11:00:00,Mouse,Electronics,1,369.55,369.55
TXN_01824,CUST_181,2023-05-26 14:00:00,Chair,Home & Garden,1,173.42,173.42
TXN_01824,CUST_181,2023-05-26 14:00:00,Banana,Groceries,2,296.69,593.38
TXN_01824,CUST_181,2023-05-26 14:00:00,Keyboard,Electronics,1,339.97,339.97
TXN_01824,CUST_181,2023-05-26 14:00:00,Sneakers,Clothing,1,19.75,19.75
TXN_01825,CUST_079,2023-03-24 07:00:00,Headphones,Electronics,1,141.14,141.14
TXN_01825,CUST_079,2023-03-24 07:00:00,Smartphone,Electronics,1,17.38,17.38
TXN_01826,CUST_190,2023-04-05 06:00:00,Lamp,Home & Garden,1,350.58,350.58
TXN_01827,CUST_163,2023-06-26 04:00:00,Mug,Home & Garden,1,171.61,171.61
TXN_01827,CUST_163,2023-06-26 04:00:00,Coffee,Groceries,1,405.67,405.67
TXN_01828,CUST_208,2023-09-13 04:00:00,Laptop,Electronics,1,321.52,321.52
TXN_01828,CUST_208,2023-09-13 04:00:00,Table,Home & Garden,1,81.96,81.96
TXN_01828,CUST_208,2023-09-13 04:00:00,Mouse,Electronics,1,369.55,369.55
TXN_01829,CUST_280,2023-09-17 10:00:00,Eggs,Groceries,2,274.75,549.5
TXN_01829,CUST_280,2023-09-17 10:00:00,Sneakers,Clothing,1,19.75,19.75
TXN_01829,CUST_280,2023-09-17 10:00:00,Cushion,Home & Garden,1,478.82,478.82
TXN_01830,CUST_290,2023-08-15 10:00:00,Banana,Groceries,1,296.69,296.69
TXN_01830,CUST_290,2023-08-15 10:00:00,Smartphone,Electronics,1,17.38,17.38
TXN_01830,CUST_290,2023-08-15 10:00:00,Mouse,Electronics,1,369.55,369.55
TXN_01830,CUST_290,2023-08-15 10:00:00,Lamp,Home & Garden,1,350.58,350.58
TXN_01831,CUST_158,2023-01-13 12:00:00,Bread,Groceries,1,326.69,326.69
TXN_01831,CUST_158,2023-01-13 12:00:00,Sweater,Clothing,1,255.15,255.15
TXN_01832,CUST_168,2023-01-29 19:00:00,Apples,Groceries,2,114.12,228.24
TXN_01832,CUST_168,2023-01-29 19:00:00,T-Shirt,Clothing,1,48.03,48.03
TXN_01832,CUST_168,2023-01-29 19:00:00,Jeans,Clothing,1,213.85,213.85
TXN_01832,CUST_168,2023-01-29 19:00:00,Mug,Home & Garden,1,171.61,171.61
TXN_01832,CUST_168,2023-01-29 19:00:00,Cushion,Home & Garden,1,478.82,478.82
TXN_01833,CUST_012,2023-02-12 17:00:00,Apples,Groceries,4,114.12,456.48
TXN_01834,CUST_100,2023-09-09 10:00:00,Sweater,Clothing,1,255.15,255.15
TXN_01834,CUST_100,2023-09-09 10:00:00,Mouse,Electronics,1,369.55,369.55
TXN_01834,CUST_100,2023-09-09 10:00:00,Socks,Clothing,1,18.14,18.14
TXN_01834,CUST_100,2023-09-09 10:00:00,Smartphone,Electronics,1,17.38,17.38
TXN_01834,CUST_100,2023-09-09 10:00:00,Lamp,Home & Garden,1,350.58,350.58
TXN_01835,CUST_219,2023-07-09 12:00:00,Headphones,Electronics,1,141.14,141.14
TXN_01835,CUST_219,2023-07-09 12:00:00,Smartphone,Electronics,1,17.38,17.38
TXN_01836,CUST_229,2023-10-15 02:00:00,T-Shirt,Clothing,1,48.03,48.03
TXN_01836,CUST_229,2023-10-15 02:00:00,Jeans,Clothing,1,213.85,213.85
TXN_01836,CUST_229,2023-10-15 02:00:00,Sneakers,Clothing,1,19.75,19.75
TXN_01837,CUST_218,2023-08-01 04:00:00,Eggs,Groceries,3,274.75,824.25
TXN_01837,CUST_218,2023-08-01 04:00:00,Mouse,Electronics,1,369.55,369.55
TXN_01837,CUST_218,2023-08-01 04:00:00,Webcam,Electronics,1,446.63,446.63
TXN_01837,CUST_218,2023-08-01 04:00:00,Headphones,Electronics,1,141.14,141.14
TXN_01837,CUST_218,2023-08-01 04:00:00,Sneakers,Clothing,1,19.75,19.75
TXN_01838,CUST_034,2023-10-30 12:00:00,T-Shirt,Clothing,1,48.03,48.03
TXN_01838,CUST_034,2023-10-30 12:00:00,Jeans,Clothing,1,213.85,213.85
TXN_01838,CUST_034,2023-10-30 12:00:00,Sneakers,Clothing,1,19.75,19.75
TXN_01839,CUST_291,2023-03-12 06:00:00,T-Shirt,Clothing,1,48.03,48.03
TXN_01839,CUST_291,2023-03-12 06:00:00,Jeans,Clothing,1,213.85,213.85
TXN_01839,CUST_291,2023-03-12 06:00:00,Sneakers,Clothing,1,19.75,19.75
TXN_01840,CUST_155,2023-10-27 09:00:00,Mug,Home & Garden,1,171.61,171.61
TXN_01840,CUST_155,2023-10-27 09:00:00,Laptop,Electronics,1,321.52,321.52
TXN_01840,CUST_155,2023-10-27 09:00:00,T-Shirt,Clothing,1,48.03,48.03
TXN_01841,CUST_079,2023-05-15 09:00:00,Plant,Home & Garden,1,403.88,403.88
TXN_01841,CUST_079,2023-05-15 09:00:00,Monitor,Electronics,1,115.49,115.49
TXN_01841,CUST_079,2023-05-15 09:00:00,Lamp,Home & Garden,1,350.58,350.58
TXN_01841,CUST_079,2023-05-15 09:00:00,Sneakers,Clothing,1,19.75,19.75
TXN_01842,CUST_214,2023-04-02 15:00:00,Laptop,Electronics,1,321.52,321.52
TXN_01842,CUST_214,2023-04-02 15:00:00,Monitor,Electronics,1,115.49,115.49
TXN_01843,CUST_142,2023-09-10 02:00:00,Eggs,Groceries,4,274.75,1099.0
TXN_01843,CUST_142,2023-09-10 02:00:00,Coffee,Groceries,3,405.67,1217.01
TXN_01844,CUST_244,2023-12-22 03:00:00,Laptop,Electronics,1,321.52,321.52
TXN_01844,CUST_244,2023-12-22 03:00:00,Monitor,Electronics,1,115.49,115.49
TXN_01845,CUST_298,2023-01-30 04:00:00,Laptop,Electronics,1,321.52,321.52
TXN_01845,CUST_298,2023-01-30 04:00:00,Monitor,Electronics,1,115.49,115.49
TXN_01846,CUST_028,2023-05-20 11:00:00,Headphones,Electronics,1,141.14,141.14
TXN_01846,CUST_028,2023-05-20 11:00:00,Smartphone,Electronics,1,17.38,17.38
TXN_01847,CUST_272,2023-11-24 02:00:00,Monitor,Electronics,1,115.49,115.49
TXN_01847,CUST_272,2023-11-24 02:00:00,Cushion,Home & Garden,1,478.82,478.82
TXN_01848,CUST_086,2023-10-06 10:00:00,Chair,Home & Garden,1,173.42,173.42
TXN_01848,CUST_086,2023-10-06 10:00:00,Jeans,Clothing,1,213.85,213.85
TXN_01848,CUST_086,2023-10-06 10:00:00,Lamp,Home & Garden,1,350.58,350.58
TXN_01849,CUST_186,2023-02-19 17:00:00,Laptop,Electronics,1,321.52,321.52
TXN_01849,CUST_186,2023-02-19 17:00:00,Mouse,Electronics,1,369.55,369.55
TXN_01850,CUST_266,2023-05-25 11:00:00,Webcam,Electronics,1,446.63,446.63
TXN_01850,CUST_266,2023-05-25 11:00:00,Keyboard,Electronics,1,339.97,339.97
TXN_01850,CUST_266,2023-05-25 11:00:00,Monitor,Electronics,1,115.49,115.49
TXN_01850,CUST_266,2023-05-25 11:00:00,Jacket,Clothing,1,113.23,113.23
TXN_01851,CUST_080,2023-09-15 07:00:00,Chair,Home & Garden,1,173.42,173.42
TXN_01851,CUST_080,2023-09-15 07:00:00,Banana,Groceries,1,296.69,296.69
TXN_01851,CUST_080,2023-09-15 07:00:00,Butter,Groceries,4,8.22,32.88
TXN_01851,CUST_080,2023-09-15 07:00:00,Apples,Groceries,4,114.12,456.48
TXN_01852,CUST_040,2023-03-01 04:00:00,Chair,Home & Garden,1,173.42,173.42
TXN_01852,CUST_040,2023-03-01 04:00:00,Sweater,Clothing,1,255.15,255.15
TXN_01852,CUST_040,2023-03-01 04:00:00,Sneakers,Clothing,1,19.75,19.75
TXN_01853,CUST_072,2023-08-15 19:00:00,Chair,Home & Garden,1,173.42,173.42
TXN_01853,CUST_072,2023-08-15 19:00:00,Keyboard,Electronics,1,339.97,339.97
TXN_01853,CUST_072,2023-08-15 19:00:00,Sneakers,Clothing,1,19.75,19.75
TXN_01854,CUST_015,2023-03-02 07:00:00,Laptop,Electronics,1,321.52,321.52
TXN_01854,CUST_015,2023-03-02 07:00:00,Monitor,Electronics,1,115.49,115.49
TXN_01855,CUST_065,2023-04-18 04:00:00,Chair,Home & Garden,1,173.42,173.42
TXN_01855,CUST_065,2023-04-18 04:00:00,Mug,Home & Garden,1,171.61,171.61
TXN_01855,CUST_065,2023-04-18 04:00:00,Monitor,Electronics,1,115.49,115.49
TXN_01855,CUST_065,2023-04-18 04:00:00,Cushion,Home & Garden,1,478.82,478.82
TXN_01856,CUST_040,2023-01-10 15:00:00,Webcam,Electronics,1,446.63,446.63
TXN_01857,CUST_056,2023-01-17 21:00:00,Eggs,Groceries,1,274.75,274.75
TXN_01858,CUST_130,2023-01-23 02:00:00,Milk,Groceries,2,103.42,206.84
TXN_01858,CUST_130,2023-01-23 02:00:00,Eggs,Groceries,2,274.75,549.5
TXN_01859,CUST_095,2023-12-10 11:00:00,Laptop,Electronics,1,321.52,321.52
TXN_01859,CUST_095,2023-12-10 11:00:00,Keyboard,Electronics,1,339.97,339.97
TXN_01859,CUST_095,2023-12-10 11:00:00,Mouse,Electronics,1,369.55,369.55
TXN_01859,CUST_095,2023-12-10 11:00:00,Webcam,Electronics,1,446.63,446.63
TXN_01860,CUST_083,2023-09-14 23:00:00,Headphones,Electronics,1,141.14,141.14
TXN_01860,CUST_083,2023-09-14 23:00:00,Monitor,Electronics,1,115.49,115.49
TXN_01860,CUST_083,2023-09-14 23:00:00,Coffee,Groceries,1,405.67,405.67
TXN_01860,CUST_083,2023-09-14 23:00:00,Cushion,Home & Garden,1,478.82,478.82
TXN_01861,CUST_271,2023-04-22 22:00:00,Headphones,Electronics,1,141.14,141.14
TXN_01861,CUST_271,2023-04-22 22:00:00,Smartphone,Electronics,1,17.38,17.38
TXN_01862,CUST_110,2023-09-16 22:00:00,Bread,Groceries,3,326.69,980.07
TXN_01862,CUST_110,2023-09-16 22:00:00,Keyboard,Electronics,1,339.97,339.97
TXN_01862,CUST_110,2023-09-16 22:00:00,Monitor,Electronics,1,115.49,115.49
TXN_01862,CUST_110,2023-09-16 22:00:00,Lamp,Home & Garden,1,350.58,350.58
TXN_01863,CUST_195,2023-08-06 06:00:00,Monitor,Electronics,1,115.49,115.49
TXN_01863,CUST_195,2023-08-06 06:00:00,Jacket,Clothing,1,113.23,113.23
TXN_01863,CUST_195,2023-08-06 06:00:00,Cushion,Home & Garden,1,478.82,478.82
TXN_01864,CUST_239,2023-02-26 16:00:00,Headphones,Electronics,1,141.14,141.14
TXN_01864,CUST_239,2023-02-26 16:00:00,Smartphone,Electronics,1,17.38,17.38
TXN_01865,CUST_168,2023-09-10 03:00:00,T-Shirt,Clothing,1,48.03,48.03
TXN_01865,CUST_168,2023-09-10 03:00:00,Jeans,Clothing,1,213.85,213.85
TXN_01865,CUST_168,2023-09-10 03:00:00,Sneakers,Clothing,1,19.75,19.75
TXN_01866,CUST_284,2023-07-28 09:00:00,Headphones,Electronics,1,141.14,141.14
TXN_01866,CUST_284,2023-07-28 09:00:00,Mug,Home & Garden,1,171.61,171.61
TXN_01866,CUST_284,2023-07-28 09:00:00,Eggs,Groceries,3,274.75,824.25
TXN_01866,CUST_284,2023-07-28 09:00:00,Webcam,Electronics,1,446.63,446.63
TXN_01867,CUST_092,2023-01-07 21:00:00,Socks,Clothing,1,18.14,18.14
TXN_01868,CUST_225,2023-09-25 21:00:00,Mouse,Electronics,1,369.55,369.55
TXN_01869,CUST_203,2023-07-25 22:00:00,Table,Home & Garden,1,81.96,81.96
TXN_01870,CUST_087,2023-02-03 11:00:00,Webcam,Electronics,1,446.63,446.63
TXN_01870,CUST_087,2023-02-03 11:00:00,Butter,Groceries,1,8.22,8.22
TXN_01870,CUST_087,2023-02-03 11:00:00,Socks,Clothing,1,18.14,18.14
TXN_01871,CUST_120,2023-08-06 23:00:00,Mug,Home & Garden,1,171.61,171.61
TXN_01871,CUST_120,2023-08-06 23:00:00,Jeans,Clothing,1,213.85,213.85
TXN_01871,CUST_120,2023-08-06 23:00:00,Coffee,Groceries,4,405.67,1622.68
TXN_01871,CUST_120,2023-08-06 23:00:00,Cushion,Home & Garden,1,478.82,478.82
TXN_01872,CUST_183,2023-09-01 21:00:00,Apples,Groceries,4,114.12,456.48
TXN_01872,CUST_183,2023-09-01 21:00:00,Eggs,Groceries,1,274.75,274.75
TXN_01872,CUST_183,2023-09-01 21:00:00,Mouse,Electronics,1,369.55,369.55
TXN_01872,CUST_183,2023-09-01 21:00:00,Jeans,Clothing,1,213.85,213.85
TXN_01873,CUST_063,2023-05-09 15:00:00,Laptop,Electronics,1,321.52,321.52
TXN_01873,CUST_063,2023-05-09 15:00:00,Monitor,Electronics,1,115.49,115.49
TXN_01874,CUST_028,2023-02-04 15:00:00,Butter,Groceries,3,8.22,24.66
TXN_01874,CUST_028,2023-02-04 15:00:00,Socks,Clothing,1,18.14,18.14
TXN_01875,CUST_079,2023-06-05 19:00:00,Lamp,Home & Garden,1,350.58,350.58
TXN_01876,CUST_267,2023-09-10 14:00:00,Laptop,Electronics,1,321.52,321.52
TXN_01876,CUST_267,2023-09-10 14:00:00,Monitor,Electronics,1,115.49,115.49
TXN_01877,CUST_278,2023-06-25 17:00:00,Milk,Groceries,1,103.42,103.42
TXN_01878,CUST_197,2023-08-19 10:00:00,Bread,Groceries,3,326.69,980.07
TXN_01878,CUST_197,2023-08-19 10:00:00,Keyboard,Electronics,1,339.97,339.97
TXN_01878,CUST_197,2023-08-19 10:00:00,Smartphone,Electronics,1,17.38,17.38
TXN_01879,CUST_085,2023-09-09 13:00:00,Laptop,Electronics,1,321.52,321.52
TXN_01879,CUST_085,2023-09-09 13:00:00,Monitor,Electronics,1,115.49,115.49
TXN_01880,CUST_292,2023-12-12 15:00:00,Keyboard,Electronics,1,339.97,339.97
TXN_01880,CUST_292,2023-12-12 15:00:00,Banana,Groceries,1,296.69,296.69
TXN_01880,CUST_292,2023-12-12 15:00:00,Eggs,Groceries,4,274.75,1099.0
TXN_01880,CUST_292,2023-12-12 15:00:00,Coffee,Groceries,3,405.67,1217.01
TXN_01881,CUST_254,2023-10-30 12:00:00,Sneakers,Clothing,1,19.75,19.75
TXN_01881,CUST_254,2023-10-30 12:00:00,Jacket,Clothing,1,113.23,113.23
TXN_01881,CUST_254,2023-10-30 12:00:00,Cushion,Home & Garden,1,478.82,478.82
TXN_01882,CUST_032,2023-01-15 18:00:00,Headphones,Electronics,1,141.14,141.14
TXN_01882,CUST_032,2023-01-15 18:00:00,Smartphone,Electronics,1,17.38,17.38
TXN_01883,CUST_195,2023-02-19 13:00:00,Headphones,Electronics,1,141.14,141.14
TXN_01883,CUST_195,2023-02-19 13:00:00,Smartphone,Electronics,1,17.38,17.38
TXN_01884,CUST_126,2023-05-07 07:00:00,Headphones,Electronics,1,141.14,141.14
TXN_01884,CUST_126,2023-05-07 07:00:00,Monitor,Electronics,1,115.49,115.49
TXN_01884,CUST_126,2023-05-07 07:00:00,Chair,Home & Garden,1,173.42,173.42
TXN_01884,CUST_126,2023-05-07 07:00:00,Sneakers,Clothing,1,19.75,19.75
TXN_01885,CUST_173,2023-03-28 00:00:00,Bread,Groceries,4,326.69,1306.76
TXN_01886,CUST_291,2023-09-21 13:00:00,Laptop,Electronics,1,321.52,321.52
TXN_01886,CUST_291,2023-09-21 13:00:00,Monitor,Electronics,1,115.49,115.49
TXN_01887,CUST_194,2023-10-20 12:00:00,Milk,Groceries,3,103.42,310.26
TXN_01887,CUST_194,2023-10-20 12:00:00,Eggs,Groceries,4,274.75,1099.0
TXN_01887,CUST_194,2023-10-20 12:00:00,Butter,Groceries,3,8.22,24.66
TXN_01888,CUST_086,2023-11-11 09:00:00,T-Shirt,Clothing,1,48.03,48.03
TXN_01888,CUST_086,2023-11-11 09:00:00,Jeans,Clothing,1,213.85,213.85
TXN_01889,CUST_275,2023-04-20 09:00:00,Headphones,Electronics,1,141.14,141.14
TXN_01889,CUST_275,2023-04-20 09:00:00,Smartphone,Electronics,1,17.38,17.38
TXN_01890,CUST_297,2023-02-18 18:00:00,Bread,Groceries,1,326.69,326.69
TXN_01890,CUST_297,2023-02-18 18:00:00,Milk,Groceries,3,103.42,310.26
TXN_01890,CUST_297,2023-02-18 18:00:00,Eggs,Groceries,3,274.75,824.25
TXN_01890,CUST_297,2023-02-18 18:00:00,Butter,Groceries,4,8.22,32.88
TXN_01891,CUST_277,2023-06-10 06:00:00,Headphones,Electronics,1,141.14,141.14
TXN_01891,CUST_277,2023-06-10 06:00:00,Smartphone,Electronics,1,17.38,17.38
TXN_01892,CUST_265,2023-04-06 18:00:00,Banana,Groceries,4,296.69,1186.76
TXN_01892,CUST_265,2023-04-06 18:00:00,Mug,Home & Garden,1,171.61,171.61
TXN_01892,CUST_265,2023-04-06 18:00:00,Plant,Home & Garden,1,403.88,403.88
TXN_01892,CUST_265,2023-04-06 18:00:00,Jeans,Clothing,1,213.85,213.85
TXN_01893,CUST_290,2023-11-17 01:00:00,Bread,Groceries,2,326.69,653.38
TXN_01893,CUST_290,2023-11-17 01:00:00,T-Shirt,Clothing,1,48.03,48.03
TXN_01893,CUST_290,2023-11-17 01:00:00,Mouse,Electronics,1,369.55,369.55
TXN_01894,CUST_154,2023-08-11 13:00:00,Bread,Groceries,2,326.69,653.38
TXN_01894,CUST_154,2023-08-11 13:00:00,Milk,Groceries,3,103.42,310.26
TXN_01894,CUST_154,2023-08-11 13:00:00,Eggs,Groceries,2,274.75,549.5
TXN_01894,CUST_154,2023-08-11 13:00:00,Butter,Groceries,4,8.22,32.88
TXN_01895,CUST_123,2023-02-28 04:00:00,Keyboard,Electronics,1,339.97,339.97
TXN_01895,CUST_123,2023-02-28 04:00:00,Webcam,Electronics,1,446.63,446.63
TXN_01895,CUST_123,2023-02-28 04:00:00,Mouse,Electronics,1,369.55,369.55
TXN_01896,CUST_217,2023-11-28 01:00:00,Headphones,Electronics,1,141.14,141.14
TXN_01896,CUST_217,2023-11-28 01:00:00,Smartphone,Electronics,1,17.38,17.38
TXN_01897,CUST_143,2023-12-04 17:00:00,Bread,Groceries,3,326.69,980.07
TXN_01897,CUST_143,2023-12-04 17:00:00,Milk,Groceries,3,103.42,310.26
TXN_01897,CUST_143,2023-12-04 17:00:00,Eggs,Groceries,1,274.75,274.75
TXN_01897,CUST_143,2023-12-04 17:00:00,Butter,Groceries,4,8.22,32.88
TXN_01898,CUST_187,2023-12-10 21:00:00,T-Shirt,Clothing,1,48.03,48.03
TXN_01898,CUST_187,2023-12-10 21:00:00,Table,Home & Garden,1,81.96,81.96
TXN_01898,CUST_187,2023-12-10 21:00:00,Monitor,Electronics,1,115.49,115.49
TXN_01898,CUST_187,2023-12-10 21:00:00,Mouse,Electronics,1,369.55,369.55
TXN_01899,CUST_293,2023-09-14 03:00:00,Apples,Groceries,2,114.12,228.24
TXN_01899,CUST_293,2023-09-14 03:00:00,Eggs,Groceries,1,274.75,274.75
TXN_01899,CUST_293,2023-09-14 03:00:00,Headphones,Electronics,1,141.14,141.14
TXN_01899,CUST_293,2023-09-14 03:00:00,Jeans,Clothing,1,213.85,213.85
TXN_01899,CUST_293,2023-09-14 03:00:00,Cushion,Home & Garden,1,478.82,478.82
TXN_01900,CUST_161,2023-06-18 18:00:00,Milk,Groceries,2,103.42,206.84
TXN_01900,CUST_161,2023-06-18 18:00:00,Webcam,Electronics,1,446.63,446.63
TXN_01901,CUST_055,2023-03-31 06:00:00,Milk,Groceries,4,103.42,413.68
TXN_01901,CUST_055,2023-03-31 06:00:00,Jeans,Clothing,1,213.85,213.85
TXN_01901,CUST_055,2023-03-31 06:00:00,Coffee,Groceries,3,405.67,1217.01
TXN_01901,CUST_055,2023-03-31 06:00:00,Smartphone,Electronics,1,17.38,17.38
TXN_01902,CUST_058,2023-06-12 17:00:00,Laptop,Electronics,1,321.52,321.52
TXN_01902,CUST_058,2023-06-12 17:00:00,Monitor,Electronics,1,115.49,115.49
TXN_01903,CUST_186,2023-09-01 22:00:00,Headphones,Electronics,1,141.14,141.14
TXN_01903,CUST_186,2023-09-01 22:00:00,Smartphone,Electronics,1,17.38,17.38
TXN_01904,CUST_123,2023-05-10 17:00:00,Laptop,Electronics,1,321.52,321.52
TXN_01904,CUST_123,2023-05-10 17:00:00,Monitor,Electronics,1,115.49,115.49
TXN_01905,CUST_227,2023-07-18 00:00:00,Headphones,Electronics,1,141.14,141.14
TXN_01905,CUST_227,2023-07-18 00:00:00,Jeans,Clothing,1,213.85,213.85
TXN_01905,CUST_227,2023-07-18 00:00:00,Sneakers,Clothing,1,19.75,19.75
TXN_01905,CUST_227,2023-07-18 00:00:00,Cushion,Home & Garden,1,478.82,478.82
TXN_01906,CUST_121,2023-06-02 06:00:00,Bread,Groceries,3,326.69,980.07
TXN_01906,CUST_121,2023-06-02 06:00:00,Plant,Home & Garden,1,403.88,403.88
TXN_01907,CUST_209,2023-01-18 08:00:00,Table,Home & Garden,1,81.96,81.96
TXN_01907,CUST_209,2023-01-18 08:00:00,Milk,Groceries,4,103.42,413.68
TXN_01907,CUST_209,2023-01-18 08:00:00,Eggs,Groceries,1,274.75,274.75
TXN_01907,CUST_209,2023-01-18 08:00:00,Jacket,Clothing,1,113.23,113.23
TXN_01908,CUST_083,2023-12-24 08:00:00,Milk,Groceries,3,103.42,310.26
TXN_01908,CUST_083,2023-12-24 08:00:00,Table,Home & Garden,1,81.96,81.96
TXN_01908,CUST_083,2023-12-24 08:00:00,Butter,Groceries,4,8.22,32.88
TXN_01909,CUST_015,2023-01-27 20:00:00,Mug,Home & Garden,1,171.61,171.61
TXN_01909,CUST_015,2023-01-27 20:00:00,Plant,Home & Garden,1,403.88,403.88
TXN_01909,CUST_015,2023-01-27 20:00:00,Laptop,Electronics,1,321.52,321.52
TXN_01909,CUST_015,2023-01-27 20:00:00,Mouse,Electronics,1,369.55,369.55
TXN_01910,CUST_206,2023-04-13 20:00:00,Mug,Home & Garden,1,171.61,171.61
TXN_01910,CUST_206,2023-04-13 20:00:00,Coffee,Groceries,2,405.67,811.34
TXN_01911,CUST_265,2024-01-01 20:00:00,Bread,Groceries,4,326.69,1306.76
TXN_01911,CUST_265,2024-01-01 20:00:00,Milk,Groceries,2,103.42,206.84
TXN_01911,CUST_265,2024-01-01 20:00:00,Lamp,Home & Garden,1,350.58,350.58
TXN_01911,CUST_265,2024-01-01 20:00:00,Mug,Home & Garden,1,171.61,171.61
TXN_01911,CUST_265,2024-01-01 20:00:00,Jacket,Clothing,1,113.23,113.23
TXN_01912,CUST_134,2023-03-30 21:00:00,Mug,Home & Garden,1,171.61,171.61
TXN_01912,CUST_134,2023-03-30 21:00:00,Webcam,Electronics,1,446.63,446.63
TXN_01912,CUST_134,2023-03-30 21:00:00,Sneakers,Clothing,1,19.75,19.75
TXN_01913,CUST_044,2023-08-01 11:00:00,Jeans,Clothing,1,213.85,213.85
TXN_01913,CUST_044,2023-08-01 11:00:00,Sneakers,Clothing,1,19.75,19.75
TXN_01914,CUST_286,2023-11-28 19:00:00,Bread,Groceries,2,326.69,653.38
TXN_01915,CUST_135,2023-12-26 05:00:00,Mug,Home & Garden,1,171.61,171.61
TXN_01915,CUST_135,2023-12-26 05:00:00,Coffee,Groceries,1,405.67,405.67
TXN_01916,CUST_189,2023-03-29 18:00:00,Laptop,Electronics,1,321.52,321.52
TXN_01916,CUST_189,2023-03-29 18:00:00,Monitor,Electronics,1,115.49,115.49
TXN_01917,CUST_061,2023-04-25 22:00:00,Headphones,Electronics,1,141.14,141.14
TXN_01917,CUST_061,2023-04-25 22:00:00,Smartphone,Electronics,1,17.38,17.38
TXN_01918,CUST_067,2023-08-09 06:00:00,Table,Home & Garden,1,81.96,81.96
TXN_01918,CUST_067,2023-08-09 06:00:00,Webcam,Electronics,1,446.63,446.63
TXN_01918,CUST_067,2023-08-09 06:00:00,Lamp,Home & Garden,1,350.58,350.58
TXN_01919,CUST_215,2023-04-03 13:00:00,Sneakers,Clothing,1,19.75,19.75
TXN_01920,CUST_135,2023-05-01 19:00:00,Sweater,Clothing,1,255.15,255.15
TXN_01920,CUST_135,2023-05-01 19:00:00,Coffee,Groceries,4,405.67,1622.68
TXN_01921,CUST_044,2023-01-06 15:00:00,Headphones,Electronics,1,141.14,141.14
TXN_01921,CUST_044,2023-01-06 15:00:00,Smartphone,Electronics,1,17.38,17.38
TXN_01922,CUST_217,2023-11-02 08:00:00,Mug,Home & Garden,1,171.61,171.61
TXN_01922,CUST_217,2023-11-02 08:00:00,Coffee,Groceries,2,405.67,811.34
TXN_01923,CUST_242,2023-07-01 19:00:00,Laptop,Electronics,1,321.52,321.52
TXN_01923,CUST_242,2023-07-01 19:00:00,Table,Home & Garden,1,81.96,81.96
TXN_01923,CUST_242,2023-07-01 19:00:00,Smartphone,Electronics,1,17.38,17.38
TXN_01923,CUST_242,2023-07-01 19:00:00,Chair,Home & Garden,1,173.42,173.42
TXN_01923,CUST_242,2023-07-01 19:00:00,Mug,Home & Garden,1,171.61,171.61
TXN_01924,CUST_130,2023-09-16 19:00:00,T-Shirt,Clothing,1,48.03,48.03
TXN_01924,CUST_130,2023-09-16 19:00:00,Jeans,Clothing,1,213.85,213.85
TXN_01924,CUST_130,2023-09-16 19:00:00,Sneakers,Clothing,1,19.75,19.75
TXN_01925,CUST_134,2023-03-28 16:00:00,Bread,Groceries,3,326.69,980.07
TXN_01925,CUST_134,2023-03-28 16:00:00,Headphones,Electronics,1,141.14,141.14
TXN_01925,CUST_134,2023-03-28 16:00:00,Mouse,Electronics,1,369.55,369.55
TXN_01926,CUST_272,2023-08-10 04:00:00,Headphones,Electronics,1,141.14,141.14
TXN_01926,CUST_272,2023-08-10 04:00:00,Smartphone,Electronics,1,17.38,17.38
TXN_01927,CUST_144,2023-07-04 13:00:00,Headphones,Electronics,1,141.14,141.14
TXN_01927,CUST_144,2023-07-04 13:00:00,Smartphone,Electronics,1,17.38,17.38
TXN_01928,CUST_085,2023-06-11 23:00:00,Banana,Groceries,4,296.69,1186.76
TXN_01928,CUST_085,2023-06-11 23:00:00,Lamp,Home & Garden,1,350.58,350.58
TXN_01929,CUST_028,2023-04-07 04:00:00,Webcam,Electronics,1,446.63,446.63
TXN_01929,CUST_028,2023-04-07 04:00:00,Mouse,Electronics,1,369.55,369.55
TXN_01930,CUST_084,2023-12-28 14:00:00,T-Shirt,Clothing,1,48.03,48.03
TXN_01930,CUST_084,2023-12-28 14:00:00,Sneakers,Clothing,1,19.75,19.75
TXN_01931,CUST_288,2023-09-06 14:00:00,Sweater,Clothing,1,255.15,255.15
TXN_01931,CUST_288,2023-09-06 14:00:00,Monitor,Electronics,1,115.49,115.49
TXN_01932,CUST_048,2023-04-15 09:00:00,Laptop,Electronics,1,321.52,321.52
TXN_01932,CUST_048,2023-04-15 09:00:00,Keyboard,Electronics,1,339.97,339.97
TXN_01932,CUST_048,2023-04-15 09:00:00,Mouse,Electronics,1,369.55,369.55
TXN_01932,CUST_048,2023-04-15 09:00:00,Webcam,Electronics,1,446.63,446.63
TXN_01933,CUST_270,2023-10-20 05:00:00,Eggs,Groceries,1,274.75,274.75
TXN_01933,CUST_270,2023-10-20 05:00:00,Butter,Groceries,3,8.22,24.66
TXN_01934,CUST_014,2023-05-26 21:00:00,Socks,Clothing,1,18.14,18.14
TXN_01935,CUST_192,2023-10-30 03:00:00,Headphones,Electronics,1,141.14,141.14
TXN_01935,CUST_192,2023-10-30 03:00:00,Laptop,Electronics,1,321.52,321.52
TXN_01936,CUST_236,2023-12-29 21:00:00,Laptop,Electronics,1,321.52,321.52
TXN_01936,CUST_236,2023-12-29 21:00:00,Butter,Groceries,3,8.22,24.66
TXN_01936,CUST_236,2023-12-29 21:00:00,Lamp,Home & Garden,1,350.58,350.58
TXN_01937,CUST_023,2023-12-02 19:00:00,Mug,Home & Garden,1,171.61,171.61
TXN_01937,CUST_023,2023-12-02 19:00:00,Table,Home & Garden,1,81.96,81.96
TXN_01938,CUST_292,2023-03-08 06:00:00,Mug,Home & Garden,1,171.61,171.61
TXN_01938,CUST_292,2023-03-08 06:00:00,Smartphone,Electronics,1,17.38,17.38
TXN_01938,CUST_292,2023-03-08 06:00:00,Jacket,Clothing,1,113.23,113.23
TXN_01939,CUST_037,2023-10-08 19:00:00,T-Shirt,Clothing,1,48.03,48.03
TXN_01939,CUST_037,2023-10-08 19:00:00,Jeans,Clothing,1,213.85,213.85
TXN_01939,CUST_037,2023-10-08 19:00:00,Sneakers,Clothing,1,19.75,19.75
TXN_01940,CUST_046,2023-01-11 06:00:00,T-Shirt,Clothing,1,48.03,48.03
TXN_01940,CUST_046,2023-01-11 06:00:00,Jeans,Clothing,1,213.85,213.85
TXN_01940,CUST_046,2023-01-11 06:00:00,Sneakers,Clothing,1,19.75,19.75
TXN_01941,CUST_153,2023-09-09 13:00:00,Butter,Groceries,3,8.22,24.66
TXN_01941,CUST_153,2023-09-09 13:00:00,Mouse,Electronics,1,369.55,369.55
TXN_01941,CUST_153,2023-09-09 13:00:00,Lamp,Home & Garden,1,350.58,350.58
TXN_01942,CUST_050,2023-07-08 16:00:00,T-Shirt,Clothing,1,48.03,48.03
TXN_01942,CUST_050,2023-07-08 16:00:00,Jeans,Clothing,1,213.85,213.85
TXN_01942,CUST_050,2023-07-08 16:00:00,Sneakers,Clothing,1,19.75,19.75
TXN_01943,CUST_047,2023-08-05 11:00:00,Headphones,Electronics,1,141.14,141.14
TXN_01943,CUST_047,2023-08-05 11:00:00,Plant,Home & Garden,1,403.88,403.88
TXN_01943,CUST_047,2023-08-05 11:00:00,Smartphone,Electronics,1,17.38,17.38
TXN_01943,CUST_047,2023-08-05 11:00:00,Milk,Groceries,3,103.42,310.26
TXN_01944,CUST_238,2023-12-13 07:00:00,Apples,Groceries,1,114.12,114.12
TXN_01944,CUST_238,2023-12-13 07:00:00,Eggs,Groceries,3,274.75,824.25
TXN_01945,CUST_240,2023-08-12 02:00:00,Sneakers,Clothing,1,19.75,19.75
TXN_01945,CUST_240,2023-08-12 02:00:00,Mouse,Electronics,1,369.55,369.55
TXN_01945,CUST_240,2023-08-12 02:00:00,Lamp,Home & Garden,1,350.58,350.58
TXN_01946,CUST_154,2023-05-08 16:00:00,Mug,Home & Garden,1,171.61,171.61
TXN_01946,CUST_154,2023-05-08 16:00:00,Coffee,Groceries,1,405.67,405.67
TXN_01947,CUST_262,2023-08-06 13:00:00,Laptop,Electronics,1,321.52,321.52
TXN_01947,CUST_262,2023-08-06 13:00:00,Monitor,Electronics,1,115.49,115.49
TXN_01948,CUST_300,2023-02-11 16:00:00,Laptop,Electronics,1,321.52,321.52
TXN_01948,CUST_300,2023-02-11 16:00:00,Monitor,Electronics,1,115.49,115.49
TXN_01949,CUST_202,2023-01-24 02:00:00,Laptop,Electronics,1,321.52,321.52
TXN_01949,CUST_202,2023-01-24 02:00:00,Monitor,Electronics,1,115.49,115.49
TXN_01950,CUST_231,2023-11-16 08:00:00,Laptop,Electronics,1,321.52,321.52
TXN_01950,CUST_231,2023-11-16 08:00:00,Mouse,Electronics,1,369.55,369.55
TXN_01951,CUST_133,2023-12-11 03:00:00,Milk,Groceries,1,103.42,103.42
TXN_01951,CUST_133,2023-12-11 03:00:00,Butter,Groceries,2,8.22,16.44
TXN_01952,CUST_245,2023-08-24 22:00:00,Laptop,Electronics,1,321.52,321.52
TXN_01952,CUST_245,2023-08-24 22:00:00,Monitor,Electronics,1,115.49,115.49
TXN_01953,CUST_203,2023-06-04 02:00:00,Milk,Groceries,2,103.42,206.84
TXN_01953,CUST_203,2023-06-04 02:00:00,Butter,Groceries,1,8.22,8.22
TXN_01954,CUST_108,2023-09-04 20:00:00,Laptop,Electronics,1,321.52,321.52
TXN_01954,CUST_108,2023-09-04 20:00:00,Webcam,Electronics,1,446.63,446.63
TXN_01954,CUST_108,2023-09-04 20:00:00,Mouse,Electronics,1,369.55,369.55
TXN_01955,CUST_238,2023-03-17 15:00:00,Bread,Groceries,4,326.69,1306.76
TXN_01955,CUST_238,2023-03-17 15:00:00,Eggs,Groceries,4,274.75,1099.0
TXN_01956,CUST_242,2023-01-11 14:00:00,Sneakers,Clothing,1,19.75,19.75
TXN_01956,CUST_242,2023-01-11 14:00:00,Coffee,Groceries,4,405.67,1622.68
TXN_01957,CUST_027,2023-06-20 00:00:00,Laptop,Electronics,1,321.52,321.52
TXN_01957,CUST_027,2023-06-20 00:00:00,Monitor,Electronics,1,115.49,115.49
TXN_01958,CUST_297,2023-11-02 23:00:00,Eggs,Groceries,4,274.75,1099.0
TXN_01958,CUST_297,2023-11-02 23:00:00,Smartphone,Electronics,1,17.38,17.38
TXN_01958,CUST_297,2023-11-02 23:00:00,Socks,Clothing,1,18.14,18.14
TXN_01959,CUST_263,2023-10-30 23:00:00,Chair,Home & Garden,1,173.42,173.42
TXN_01959,CUST_263,2023-10-30 23:00:00,T-Shirt,Clothing,1,48.03,48.03
TXN_01959,CUST_263,2023-10-30 23:00:00,Smartphone,Electronics,1,17.38,17.38
TXN_01959,CUST_263,2023-10-30 23:00:00,Apples,Groceries,1,114.12,114.12
TXN_01960,CUST_217,2023-10-23 10:00:00,Plant,Home & Garden,1,403.88,403.88
TXN_01960,CUST_217,2023-10-23 10:00:00,Eggs,Groceries,1,274.75,274.75
TXN_01960,CUST_217,2023-10-23 10:00:00,Milk,Groceries,4,103.42,413.68
TXN_01961,CUST_178,2023-08-18 22:00:00,Keyboard,Electronics,1,339.97,339.97
TXN_01961,CUST_178,2023-08-18 22:00:00,Webcam,Electronics,1,446.63,446.63
TXN_01961,CUST_178,2023-08-18 22:00:00,Mouse,Electronics,1,369.55,369.55
TXN_01962,CUST_225,2023-04-29 16:00:00,Laptop,Electronics,1,321.52,321.52
TXN_01962,CUST_225,2023-04-29 16:00:00,Monitor,Electronics,1,115.49,115.49
TXN_01963,CUST_151,2023-12-31 12:00:00,Mug,Home & Garden,1,171.61,171.61
TXN_01963,CUST_151,2023-12-31 12:00:00,Eggs,Groceries,2,274.75,549.5
TXN_01964,CUST_107,2023-05-25 22:00:00,Webcam,Electronics,1,446.63,446.63
TXN_01964,CUST_107,2023-05-25 22:00:00,Keyboard,Electronics,1,339.97,339.97
TXN_01964,CUST_107,2023-05-25 22:00:00,Mouse,Electronics,1,369.55,369.55
TXN_01965,CUST_252,2023-02-21 13:00:00,Banana,Groceries,1,296.69,296.69
TXN_01965,CUST_252,2023-02-21 13:00:00,T-Shirt,Clothing,1,48.03,48.03
TXN_01965,CUST_252,2023-02-21 13:00:00,Webcam,Electronics,1,446.63,446.63
TXN_01965,CUST_252,2023-02-21 13:00:00,Sneakers,Clothing,1,19.75,19.75
TXN_01966,CUST_010,2023-07-03 08:00:00,Laptop,Electronics,1,321.52,321.52
TXN_01966,CUST_010,2023-07-03 08:00:00,Webcam,Electronics,1,446.63,446.63
TXN_01967,CUST_173,2023-08-09 03:00:00,Banana,Groceries,2,296.69,593.38
TXN_01968,CUST_250,2023-05-13 10:00:00,Cushion,Home & Garden,1,478.82,478.82
TXN_01969,CUST_286,2023-05-17 04:00:00,Butter,Groceries,4,8.22,32.88
TXN_01969,CUST_286,2023-05-17 04:00:00,Smartphone,Electronics,1,17.38,17.38
TXN_01969,CUST_286,2023-05-17 04:00:00,Lamp,Home & Garden,1,350.58,350.58
TXN_01969,CUST_286,2023-05-17 04:00:00,Monitor,Electronics,1,115.49,115.49
TXN_01969,CUST_286,2023-05-17 04:00:00,Chair,Home & Garden,1,173.42,173.42
TXN_01970,CUST_235,2023-02-26 03:00:00,Apples,Groceries,1,114.12,114.12
TXN_01970,CUST_235,2023-02-26 03:00:00,Banana,Groceries,2,296.69,593.38
TXN_01970,CUST_235,2023-02-26 03:00:00,Smartphone,Electronics,1,17.38,17.38
TXN_01970,CUST_235,2023-02-26 03:00:00,Monitor,Electronics,1,115.49,115.49
TXN_01970,CUST_235,2023-02-26 03:00:00,Mug,Home & Garden,1,171.61,171.61
TXN_01971,CUST_061,2023-04-16 11:00:00,Headphones,Electronics,1,141.14,141.14
TXN_01971,CUST_061,2023-04-16 11:00:00,Smartphone,Electronics,1,17.38,17.38
TXN_01972,CUST_079,2023-11-28 11:00:00,Webcam,Electronics,1,446.63,446.63
TXN_01972,CUST_079,2023-11-28 11:00:00,Mouse,Electronics,1,369.55,369.55
TXN_01973,CUST_213,2023-01-04 07:00:00,Apples,Groceries,1,114.12,114.12
TXN_01973,CUST_213,2023-01-04 07:00:00,Keyboard,Electronics,1,339.97,339.97
TXN_01973,CUST_213,2023-01-04 07:00:00,Sneakers,Clothing,1,19.75,19.75
TXN_01973,CUST_213,2023-01-04 07:00:00,Jacket,Clothing,1,113.23,113.23
TXN_01974,CUST_137,2023-07-10 22:00:00,Plant,Home & Garden,1,403.88,403.88
TXN_01974,CUST_137,2023-07-10 22:00:00,T-Shirt,Clothing,1,48.03,48.03
TXN_01974,CUST_137,2023-07-10 22:00:00,Lamp,Home & Garden,1,350.58,350.58
TXN_01975,CUST_078,2023-09-29 13:00:00,Mug,Home & Garden,1,171.61,171.61
TXN_01975,CUST_078,2023-09-29 13:00:00,Milk,Groceries,4,103.42,413.68
TXN_01976,CUST_210,2023-08-23 16:00:00,Bread,Groceries,1,326.69,326.69
TXN_01976,CUST_210,2023-08-23 16:00:00,Laptop,Electronics,1,321.52,321.52
TXN_01976,CUST_210,2023-08-23 16:00:00,Mouse,Electronics,1,369.55,369.55
TXN_01977,CUST_265,2023-02-05 02:00:00,T-Shirt,Clothing,1,48.03,48.03
TXN_01977,CUST_265,2023-02-05 02:00:00,Jeans,Clothing,1,213.85,213.85
TXN_01978,CUST_202,2023-01-19 21:00:00,Smartphone,Electronics,1,17.38,17.38
TXN_01978,CUST_202,2023-01-19 21:00:00,Coffee,Groceries,3,405.67,1217.01
TXN_01979,CUST_215,2023-07-25 21:00:00,Table,Home & Garden,1,81.96,81.96
TXN_01979,CUST_215,2023-07-25 21:00:00,Jacket,Clothing,1,113.23,113.23
TXN_01980,CUST_177,2023-01-05 08:00:00,Bread,Groceries,2,326.69,653.38
TXN_01980,CUST_177,2023-01-05 08:00:00,Mouse,Electronics,1,369.55,369.55
TXN_01980,CUST_177,2023-01-05 08:00:00,Socks,Clothing,1,18.14,18.14
TXN_01980,CUST_177,2023-01-05 08:00:00,Plant,Home & Garden,1,403.88,403.88
TXN_01980,CUST_177,2023-01-05 08:00:00,Chair,Home & Garden,1,173.42,173.42
TXN_01981,CUST_279,2023-11-16 19:00:00,Mug,Home & Garden,1,171.61,171.61
TXN_01981,CUST_279,2023-11-16 19:00:00,Plant,Home & Garden,1,403.88,403.88
TXN_01982,CUST_208,2023-04-12 09:00:00,Mug,Home & Garden,1,171.61,171.61
TXN_01982,CUST_208,2023-04-12 09:00:00,Coffee,Groceries,3,405.67,1217.01
TXN_01983,CUST_110,2023-02-17 16:00:00,Keyboard,Electronics,1,339.97,339.97
TXN_01983,CUST_110,2023-02-17 16:00:00,Laptop,Electronics,1,321.52,321.52
TXN_01983,CUST_110,2023-02-17 16:00:00,Plant,Home & Garden,1,403.88,403.88
TXN_01983,CUST_110,2023-02-17 16:00:00,Jacket,Clothing,1,113.23,113.23
TXN_01983,CUST_110,2023-02-17 16:00:00,Cushion,Home & Garden,1,478.82,478.82
TXN_01984,CUST_015,2023-10-04 18:00:00,Headphones,Electronics,1,141.14,141.14
TXN_01984,CUST_015,2023-10-04 18:00:00,Smartphone,Electronics,1,17.38,17.38
TXN_01985,CUST_191,2023-05-13 20:00:00,Smartphone,Electronics,1,17.38,17.38
TXN_01986,CUST_064,2023-08-18 09:00:00,Bread,Groceries,3,326.69,980.07
TXN_01987,CUST_121,2023-10-25 18:00:00,Sweater,Clothing,1,255.15,255.15
TXN_01987,CUST_121,2023-10-25 18:00:00,T-Shirt,Clothing,1,48.03,48.03
TXN_01987,CUST_121,2023-10-25 18:00:00,Butter,Groceries,2,8.22,16.44
TXN_01987,CUST_121,2023-10-25 18:00:00,Sneakers,Clothing,1,19.75,19.75
TXN_01988,CUST_194,2023-09-24 23:00:00,Headphones,Electronics,1,141.14,141.14
TXN_01988,CUST_194,2023-09-24 23:00:00,Smartphone,Electronics,1,17.38,17.38
TXN_01989,CUST_051,2023-03-17 22:00:00,Jeans,Clothing,1,213.85,213.85
TXN_01989,CUST_051,2023-03-17 22:00:00,Sneakers,Clothing,1,19.75,19.75
TXN_01990,CUST_218,2023-03-08 15:00:00,Bread,Groceries,3,326.69,980.07
TXN_01990,CUST_218,2023-03-08 15:00:00,Eggs,Groceries,4,274.75,1099.0
TXN_01990,CUST_218,2023-03-08 15:00:00,Butter,Groceries,4,8.22,32.88
TXN_01991,CUST_226,2023-12-19 15:00:00,Apples,Groceries,4,114.12,456.48
TXN_01991,CUST_226,2023-12-19 15:00:00,Keyboard,Electronics,1,339.97,339.97
TXN_01991,CUST_226,2023-12-19 15:00:00,Mouse,Electronics,1,369.55,369.55
TXN_01992,CUST_235,2023-03-08 22:00:00,Bread,Groceries,1,326.69,326.69
TXN_01992,CUST_235,2023-03-08 22:00:00,Eggs,Groceries,2,274.75,549.5
TXN_01992,CUST_235,2023-03-08 22:00:00,Webcam,Electronics,1,446.63,446.63
TXN_01992,CUST_235,2023-03-08 22:00:00,Monitor,Electronics,1,115.49,115.49
TXN_01992,CUST_235,2023-03-08 22:00:00,Chair,Home & Garden,1,173.42,173.42
TXN_01993,CUST_287,2023-07-09 03:00:00,Sweater,Clothing,1,255.15,255.15
TXN_01993,CUST_287,2023-07-09 03:00:00,Monitor,Electronics,1,115.49,115.49
TXN_01993,CUST_287,2023-07-09 03:00:00,Coffee,Groceries,3,405.67,1217.01
TXN_01994,CUST_021,2023-09-25 04:00:00,Headphones,Electronics,1,141.14,141.14
TXN_01994,CUST_021,2023-09-25 04:00:00,Smartphone,Electronics,1,17.38,17.38
TXN_01995,CUST_249,2023-01-15 04:00:00,Mug,Home & Garden,1,171.61,171.61
TXN_01995,CUST_249,2023-01-15 04:00:00,Coffee,Groceries,3,405.67,1217.01
TXN_01996,CUST_111,2023-04-04 23:00:00,Banana,Groceries,3,296.69,890.07
TXN_01997,CUST_035,2023-01-23 13:00:00,Bread,Groceries,4,326.69,1306.76
TXN_01997,CUST_035,2023-01-23 13:00:00,Coffee,Groceries,4,405.67,1622.68
TXN_01997,CUST_035,2023-01-23 13:00:00,Jacket,Clothing,1,113.23,113.23
TXN_01998,CUST_068,2023-03-12 16:00:00,Bread,Groceries,3,326.69,980.07
TXN_01998,CUST_068,2023-03-12 16:00:00,Table,Home & Garden,1,81.96,81.96
TXN_01998,CUST_068,2023-03-12 16:00:00,Mouse,Electronics,1,369.55,369.55
TXN_01998,CUST_068,2023-03-12 16:00:00,Lamp,Home & Garden,1,350.58,350.58
TXN_01999,CUST_046,2023-11-16 21:00:00,Banana,Groceries,1,296.69,296.69
TXN_01999,CUST_046,2023-11-16 21:00:00,T-Shirt,Clothing,1,48.03,48.03
TXN_01999,CUST_046,2023-11-16 21:00:00,Jacket,Clothing,1,113.23,113.23
TXN_01999,CUST_046,2023-11-16 21:00:00,Socks,Clothing,1,18.14,18.14
TXN_02000,CUST_227,2023-05-23 20:00:00,Webcam,Electronics,1,446.63,446.63
TXN_02000,CUST_227,2023-05-23 20:00:00,Laptop,Electronics,1,321.52,321.52
TXN_02000,CUST_227,2023-05-23 20:00:00,Keyboard,Electronics,1,339.97,339.97
TXN_02000,CUST_227,2023-05-23 20:00:00,Mouse,Electronics,1,369.55,369.55
TXN_02001,CUST_287,2023-02-13 06:00:00,Apples,Groceries,2,114.12,228.24
TXN_02001,CUST_287,2023-02-13 06:00:00,Smartphone,Electronics,1,17.38,17.38
TXN_02001,CUST_287,2023-02-13 06:00:00,Coffee,Groceries,4,405.67,1622.68
TXN_02001,CUST_287,2023-02-13 06:00:00,Cushion,Home & Garden,1,478.82,478.82
TXN_02002,CUST_258,2023-01-10 03:00:00,Keyboard,Electronics,1,339.97,339.97
TXN_02002,CUST_258,2023-01-10 03:00:00,Laptop,Electronics,1,321.52,321.52
TXN_02002,CUST_258,2023-01-10 03:00:00,Webcam,Electronics,1,446.63,446.63
TXN_02002,CUST_258,2023-01-10 03:00:00,Jeans,Clothing,1,213.85,213.85
TXN_02002,CUST_258,2023-01-10 03:00:00,Mug,Home & Garden,1,171.61,171.61
TXN_02003,CUST_126,2023-12-28 18:00:00,Mug,Home & Garden,1,171.61,171.61
TXN_02003,CUST_126,2023-12-28 18:00:00,Coffee,Groceries,4,405.67,1622.68
TXN_02004,CUST_012,2023-06-24 13:00:00,Bread,Groceries,1,326.69,326.69
TXN_02004,CUST_012,2023-06-24 13:00:00,Milk,Groceries,1,103.42,103.42
TXN_02004,CUST_012,2023-06-24 13:00:00,Eggs,Groceries,2,274.75,549.5
TXN_02004,CUST_012,2023-06-24 13:00:00,Butter,Groceries,3,8.22,24.66
TXN_02005,CUST_074,2023-04-04 08:00:00,Milk,Groceries,2,103.42,206.84
TXN_02005,CUST_074,2023-04-04 08:00:00,Sneakers,Clothing,1,19.75,19.75
TXN_02006,CUST_031,2023-11-11 10:00:00,Laptop,Electronics,1,321.52,321.52
TXN_02006,CUST_031,2023-11-11 10:00:00,Monitor,Electronics,1,115.49,115.49
TXN_02007,CUST_051,2023-06-13 04:00:00,Headphones,Electronics,1,141.14,141.14
TXN_02007,CUST_051,2023-06-13 04:00:00,Smartphone,Electronics,1,17.38,17.38
TXN_02008,CUST_027,2023-04-14 07:00:00,Apples,Groceries,4,114.12,456.48
TXN_02008,CUST_027,2023-04-14 07:00:00,T-Shirt,Clothing,1,48.03,48.03
TXN_02008,CUST_027,2023-04-14 07:00:00,Eggs,Groceries,1,274.75,274.75
TXN_02008,CUST_027,2023-04-14 07:00:00,Cushion,Home & Garden,1,478.82,478.82
TXN_02009,CUST_138,2023-02-01 10:00:00,Headphones,Electronics,1,141.14,141.14
TXN_02009,CUST_138,2023-02-01 10:00:00,Laptop,Electronics,1,321.52,321.52
TXN_02009,CUST_138,2023-02-01 10:00:00,Milk,Groceries,2,103.42,206.84
TXN_02009,CUST_138,2023-02-01 10:00:00,Eggs,Groceries,1,274.75,274.75
TXN_02010,CUST_138,2023-10-11 18:00:00,Banana,Groceries,2,296.69,593.38
TXN_02010,CUST_138,2023-10-11 18:00:00,Cushion,Home & Garden,1,478.82,478.82
TXN_02011,CUST_156,2023-10-18 13:00:00,Laptop,Electronics,1,321.52,321.52
TXN_02011,CUST_156,2023-10-18 13:00:00,Monitor,Electronics,1,115.49,115.49
TXN_02012,CUST_277,2023-03-28 07:00:00,Bread,Groceries,4,326.69,1306.76
TXN_02012,CUST_277,2023-03-28 07:00:00,Laptop,Electronics,1,321.52,321.52
TXN_02012,CUST_277,2023-03-28 07:00:00,Banana,Groceries,3,296.69,890.07
TXN_02012,CUST_277,2023-03-28 07:00:00,Smartphone,Electronics,1,17.38,17.38
TXN_02013,CUST_086,2023-01-01 01:00:00,Jeans,Clothing,1,213.85,213.85
TXN_02013,CUST_086,2023-01-01 01:00:00,Butter,Groceries,4,8.22,32.88
TXN_02013,CUST_086,2023-01-01 01:00:00,Lamp,Home & Garden,1,350.58,350.58
TXN_02014,CUST_180,2023-11-20 06:00:00,Keyboard,Electronics,1,339.97,339.97
TXN_02014,CUST_180,2023-11-20 06:00:00,Banana,Groceries,1,296.69,296.69
TXN_02014,CUST_180,2023-11-20 06:00:00,Table,Home & Garden,1,81.96,81.96
TXN_02014,CUST_180,2023-11-20 06:00:00,Smartphone,Electronics,1,17.38,17.38
TXN_02014,CUST_180,2023-11-20 06:00:00,Sneakers,Clothing,1,19.75,19.75
TXN_02015,CUST_154,2023-02-15 12:00:00,Banana,Groceries,3,296.69,890.07
TXN_02015,CUST_154,2023-02-15 12:00:00,Table,Home & Garden,1,81.96,81.96
TXN_02016,CUST_222,2023-04-18 19:00:00,Plant,Home & Garden,1,403.88,403.88
TXN_02016,CUST_222,2023-04-18 19:00:00,Jacket,Clothing,1,113.23,113.23
TXN_02016,CUST_222,2023-04-18 19:00:00,Lamp,Home & Garden,1,350.58,350.58
TXN_02017,CUST_134,2023-12-29 14:00:00,Laptop,Electronics,1,321.52,321.52
TXN_02017,CUST_134,2023-12-29 14:00:00,Monitor,Electronics,1,115.49,115.49
TXN_02018,CUST_236,2023-11-03 10:00:00,Laptop,Electronics,1,321.52,321.52
TXN_02018,CUST_236,2023-11-03 10:00:00,Monitor,Electronics,1,115.49,115.49
TXN_02019,CUST_003,2023-01-05 21:00:00,Mug,Home & Garden,1,171.61,171.61
TXN_02019,CUST_003,2023-01-05 21:00:00,Coffee,Groceries,1,405.67,405.67
TXN_02020,CUST_276,2023-01-16 21:00:00,Bread,Groceries,4,326.69,1306.76
TXN_02020,CUST_276,2023-01-16 21:00:00,Eggs,Groceries,2,274.75,549.5
TXN_02020,CUST_276,2023-01-16 21:00:00,Butter,Groceries,1,8.22,8.22
TXN_02021,CUST_064,2023-08-25 11:00:00,Laptop,Electronics,1,321.52,321.52
TXN_02021,CUST_064,2023-08-25 11:00:00,T-Shirt,Clothing,1,48.03,48.03
TXN_02021,CUST_064,2023-08-25 11:00:00,Table,Home & Garden,1,81.96,81.96
TXN_02022,CUST_144,2023-12-15 22:00:00,Bread,Groceries,4,326.69,1306.76
TXN_02022,CUST_144,2023-12-15 22:00:00,Milk,Groceries,3,103.42,310.26
TXN_02022,CUST_144,2023-12-15 22:00:00,Eggs,Groceries,1,274.75,274.75
TXN_02022,CUST_144,2023-12-15 22:00:00,Butter,Groceries,3,8.22,24.66
TXN_02023,CUST_253,2023-12-27 22:00:00,Webcam,Electronics,1,446.63,446.63
TXN_02024,CUST_203,2023-02-26 08:00:00,Banana,Groceries,2,296.69,593.38
TXN_02024,CUST_203,2023-02-26 08:00:00,Keyboard,Electronics,1,339.97,339.97
TXN_02024,CUST_203,2023-02-26 08:00:00,Webcam,Electronics,1,446.63,446.63
TXN_02024,CUST_203,2023-02-26 08:00:00,Lamp,Home & Garden,1,350.58,350.58
TXN_02025,CUST_034,2023-10-29 04:00:00,Jeans,Clothing,1,213.85,213.85
TXN_02025,CUST_034,2023-10-29 04:00:00,Coffee,Groceries,2,405.67,811.34
TXN_02026,CUST_268,2023-05-21 06:00:00,Chair,Home & Garden,1,173.42,173.42
TXN_02027,CUST_273,2023-11-11 08:00:00,Plant,Home & Garden,1,403.88,403.88
TXN_02027,CUST_273,2023-11-11 08:00:00,Laptop,Electronics,1,321.52,321.52
TXN_02027,CUST_273,2023-11-11 08:00:00,Milk,Groceries,1,103.42,103.42
TXN_02027,CUST_273,2023-11-11 08:00:00,Lamp,Home & Garden,1,350.58,350.58
TXN_02028,CUST_166,2023-08-10 13:00:00,Laptop,Electronics,1,321.52,321.52
TXN_02028,CUST_166,2023-08-10 13:00:00,Monitor,Electronics,1,115.49,115.49
TXN_02029,CUST_265,2023-01-23 23:00:00,Headphones,Electronics,1,141.14,141.14
TXN_02029,CUST_265,2023-01-23 23:00:00,Smartphone,Electronics,1,17.38,17.38
TXN_02030,CUST_003,2023-07-20 06:00:00,Mug,Home & Garden,1,171.61,171.61
TXN_02030,CUST_003,2023-07-20 06:00:00,Coffee,Groceries,1,405.67,405.67
TXN_02031,CUST_128,2023-04-11 05:00:00,Bread,Groceries,1,326.69,326.69
TXN_02031,CUST_128,2023-04-11 05:00:00,Milk,Groceries,3,103.42,310.26
TXN_02031,CUST_128,2023-04-11 05:00:00,Eggs,Groceries,3,274.75,824.25
TXN_02031,CUST_128,2023-04-11 05:00:00,Butter,Groceries,2,8.22,16.44
TXN_02032,CUST_056,2023-08-31 07:00:00,Jacket,Clothing,1,113.23,113.23
TXN_02033,CUST_267,2023-05-02 02:00:00,Bread,Groceries,1,326.69,326.69
TXN_02033,CUST_267,2023-05-02 02:00:00,Plant,Home & Garden,1,403.88,403.88
TXN_02033,CUST_267,2023-05-02 02:00:00,Monitor,Electronics,1,115.49,115.49
TXN_02033,CUST_267,2023-05-02 02:00:00,Cushion,Home & Garden,1,478.82,478.82
TXN_02034,CUST_044,2023-02-01 01:00:00,Laptop,Electronics,1,321.52,321.52
TXN_02034,CUST_044,2023-02-01 01:00:00,Monitor,Electronics,1,115.49,115.49
TXN_02035,CUST_227,2023-01-29 09:00:00,Headphones,Electronics,1,141.14,141.14
TXN_02035,CUST_227,2023-01-29 09:00:00,Smartphone,Electronics,1,17.38,17.38
TXN_02035,CUST_227,2023-01-29 09:00:00,Monitor,Electronics,1,115.49,115.49
TXN_02035,CUST_227,2023-01-29 09:00:00,Lamp,Home & Garden,1,350.58,350.58
TXN_02036,CUST_287,2023-01-27 09:00:00,Milk,Groceries,2,103.42,206.84
TXN_02036,CUST_287,2023-01-27 09:00:00,Monitor,Electronics,1,115.49,115.49
TXN_02036,CUST_287,2023-01-27 09:00:00,Butter,Groceries,1,8.22,8.22
TXN_02036,CUST_287,2023-01-27 09:00:00,Cushion,Home & Garden,1,478.82,478.82
TXN_02037,CUST_233,2023-07-16 14:00:00,Butter,Groceries,1,8.22,8.22
TXN_02037,CUST_233,2023-07-16 14:00:00,Plant,Home & Garden,1,403.88,403.88
TXN_02037,CUST_233,2023-07-16 14:00:00,Lamp,Home & Garden,1,350.58,350.58
TXN_02037,CUST_233,2023-07-16 14:00:00,Monitor,Electronics,1,115.49,115.49
TXN_02037,CUST_233,2023-07-16 14:00:00,Jacket,Clothing,1,113.23,113.23
TXN_02038,CUST_233,2023-09-22 10:00:00,Monitor,Electronics,1,115.49,115.49
TXN_02039,CUST_007,2023-11-01 22:00:00,Webcam,Electronics,1,446.63,446.63
TXN_02039,CUST_007,2023-11-01 22:00:00,Laptop,Electronics,1,321.52,321.52
TXN_02039,CUST_007,2023-11-01 22:00:00,Keyboard,Electronics,1,339.97,339.97
TXN_02039,CUST_007,2023-11-01 22:00:00,Mouse,Electronics,1,369.55,369.55
TXN_02040,CUST_216,2023-09-04 23:00:00,T-Shirt,Clothing,1,48.03,48.03
TXN_02040,CUST_216,2023-09-04 23:00:00,Mouse,Electronics,1,369.55,369.55
TXN_02041,CUST_023,2023-01-31 04:00:00,T-Shirt,Clothing,1,48.03,48.03
TXN_02041,CUST_023,2023-01-31 04:00:00,Jeans,Clothing,1,213.85,213.85
TXN_02041,CUST_023,2023-01-31 04:00:00,Sneakers,Clothing,1,19.75,19.75
TXN_02042,CUST_241,2023-06-08 19:00:00,Headphones,Electronics,1,141.14,141.14
TXN_02042,CUST_241,2023-06-08 19:00:00,Smartphone,Electronics,1,17.38,17.38
TXN_02043,CUST_122,2023-09-17 17:00:00,Sweater,Clothing,1,255.15,255.15
TXN_02043,CUST_122,2023-09-17 17:00:00,Plant,Home & Garden,1,403.88,403.88
TXN_02043,CUST_122,2023-09-17 17:00:00,Webcam,Electronics,1,446.63,446.63
TXN_02044,CUST_104,2023-02-05 10:00:00,T-Shirt,Clothing,1,48.03,48.03
TXN_02044,CUST_104,2023-02-05 10:00:00,Jeans,Clothing,1,213.85,213.85
TXN_02044,CUST_104,2023-02-05 10:00:00,Sneakers,Clothing,1,19.75,19.75
TXN_02045,CUST_154,2023-08-03 10:00:00,T-Shirt,Clothing,1,48.03,48.03
TXN_02045,CUST_154,2023-08-03 10:00:00,Jeans,Clothing,1,213.85,213.85
TXN_02046,CUST_002,2023-11-24 07:00:00,Eggs,Groceries,3,274.75,824.25
TXN_02046,CUST_002,2023-11-24 07:00:00,T-Shirt,Clothing,1,48.03,48.03
TXN_02046,CUST_002,2023-11-24 07:00:00,Webcam,Electronics,1,446.63,446.63
TXN_02046,CUST_002,2023-11-24 07:00:00,Butter,Groceries,4,8.22,32.88
TXN_02047,CUST_106,2023-07-24 05:00:00,Sweater,Clothing,1,255.15,255.15
TXN_02048,CUST_006,2023-02-07 11:00:00,Bread,Groceries,2,326.69,653.38
TXN_02048,CUST_006,2023-02-07 11:00:00,Eggs,Groceries,3,274.75,824.25
TXN_02049,CUST_023,2023-01-16 06:00:00,Keyboard,Electronics,1,339.97,339.97
TXN_02049,CUST_023,2023-01-16 06:00:00,Webcam,Electronics,1,446.63,446.63
TXN_02050,CUST_090,2023-06-23 17:00:00,Webcam,Electronics,1,446.63,446.63
TXN_02050,CUST_090,2023-06-23 17:00:00,Mouse,Electronics,1,369.55,369.55
TXN_02051,CUST_052,2023-01-11 21:00:00,Laptop,Electronics,1,321.52,321.52
TXN_02051,CUST_052,2023-01-11 21:00:00,Monitor,Electronics,1,115.49,115.49
TXN_02052,CUST_157,2023-08-22 07:00:00,Headphones,Electronics,1,141.14,141.14
TXN_02052,CUST_157,2023-08-22 07:00:00,Smartphone,Electronics,1,17.38,17.38
TXN_02053,CUST_061,2023-03-15 04:00:00,Banana,Groceries,3,296.69,890.07
TXN_02053,CUST_061,2023-03-15 04:00:00,Socks,Clothing,1,18.14,18.14
TXN_02054,CUST_163,2023-11-03 13:00:00,Smartphone,Electronics,1,17.38,17.38
TXN_02054,CUST_163,2023-11-03 13:00:00,Cushion,Home & Garden,1,478.82,478.82
TXN_02055,CUST_097,2023-10-02 09:00:00,Plant,Home & Garden,1,403.88,403.88
TXN_02055,CUST_097,2023-10-02 09:00:00,T-Shirt,Clothing,1,48.03,48.03
TXN_02055,CUST_097,2023-10-02 09:00:00,Smartphone,Electronics,1,17.38,17.38
TXN_02056,CUST_144,2023-03-06 16:00:00,Table,Home & Garden,1,81.96,81.96
TXN_02056,CUST_144,2023-03-06 16:00:00,Headphones,Electronics,1,141.14,141.14
TXN_02056,CUST_144,2023-03-06 16:00:00,Webcam,Electronics,1,446.63,446.63
TXN_02056,CUST_144,2023-03-06 16:00:00,Mug,Home & Garden,1,171.61,171.61
TXN_02057,CUST_241,2023-12-06 19:00:00,Mug,Home & Garden,1,171.61,171.61
TXN_02057,CUST_241,2023-12-06 19:00:00,Coffee,Groceries,4,405.67,1622.68
TXN_02058,CUST_092,2023-06-14 22:00:00,Laptop,Electronics,1,321.52,321.52
TXN_02058,CUST_092,2023-06-14 22:00:00,Monitor,Electronics,1,115.49,115.49
TXN_02059,CUST_138,2023-10-25 12:00:00,Plant,Home & Garden,1,403.88,403.88
TXN_02059,CUST_138,2023-10-25 12:00:00,Smartphone,Electronics,1,17.38,17.38
TXN_02059,CUST_138,2023-10-25 12:00:00,T-Shirt,Clothing,1,48.03,48.03
TXN_02059,CUST_138,2023-10-25 12:00:00,Webcam,Electronics,1,446.63,446.63
TXN_02060,CUST_232,2023-05-01 12:00:00,T-Shirt,Clothing,1,48.03,48.03
TXN_02060,CUST_232,2023-05-01 12:00:00,Jeans,Clothing,1,213.85,213.85
TXN_02060,CUST_232,2023-05-01 12:00:00,Sneakers,Clothing,1,19.75,19.75
TXN_02061,CUST_131,2023-10-09 02:00:00,Bread,Groceries,2,326.69,653.38
TXN_02061,CUST_131,2023-10-09 02:00:00,Eggs,Groceries,1,274.75,274.75
TXN_02061,CUST_131,2023-10-09 02:00:00,Butter,Groceries,4,8.22,32.88
TXN_02062,CUST_263,2023-11-15 10:00:00,T-Shirt,Clothing,1,48.03,48.03
TXN_02062,CUST_263,2023-11-15 10:00:00,Jeans,Clothing,1,213.85,213.85
TXN_02062,CUST_263,2023-11-15 10:00:00,Sneakers,Clothing,1,19.75,19.75
TXN_02063,CUST_163,2023-05-20 12:00:00,T-Shirt,Clothing,1,48.03,48.03
TXN_02063,CUST_163,2023-05-20 12:00:00,Jeans,Clothing,1,213.85,213.85
TXN_02064,CUST_184,2023-02-12 09:00:00,Plant,Home & Garden,1,403.88,403.88
TXN_02064,CUST_184,2023-02-12 09:00:00,Banana,Groceries,2,296.69,593.38
TXN_02064,CUST_184,2023-02-12 09:00:00,Headphones,Electronics,1,141.14,141.14
TXN_02064,CUST_184,2023-02-12 09:00:00,Jeans,Clothing,1,213.85,213.85
TXN_02064,CUST_184,2023-02-12 09:00:00,Mug,Home & Garden,1,171.61,171.61
TXN_02065,CUST_051,2023-03-02 02:00:00,Mug,Home & Garden,1,171.61,171.61
TXN_02065,CUST_051,2023-03-02 02:00:00,Coffee,Groceries,3,405.67,1217.01
TXN_02066,CUST_129,2023-06-04 23:00:00,Chair,Home & Garden,1,173.42,173.42
TXN_02066,CUST_129,2023-06-04 23:00:00,Webcam,Electronics,1,446.63,446.63
TXN_02066,CUST_129,2023-06-04 23:00:00,Butter,Groceries,2,8.22,16.44
TXN_02067,CUST_279,2023-05-14 00:00:00,Mug,Home & Garden,1,171.61,171.61
TXN_02067,CUST_279,2023-05-14 00:00:00,Sweater,Clothing,1,255.15,255.15
TXN_02067,CUST_279,2023-05-14 00:00:00,Socks,Clothing,1,18.14,18.14
TXN_02068,CUST_208,2023-10-24 20:00:00,Laptop,Electronics,1,321.52,321.52
TXN_02068,CUST_208,2023-10-24 20:00:00,Monitor,Electronics,1,115.49,115.49
TXN_02069,CUST_117,2023-04-18 15:00:00,Mug,Home & Garden,1,171.61,171.61
TXN_02069,CUST_117,2023-04-18 15:00:00,Coffee,Groceries,1,405.67,405.67
TXN_02070,CUST_161,2023-04-07 13:00:00,Bread,Groceries,1,326.69,326.69
TXN_02070,CUST_161,2023-04-07 13:00:00,Banana,Groceries,3,296.69,890.07
TXN_02070,CUST_161,2023-04-07 13:00:00,Webcam,Electronics,1,446.63,446.63
TXN_02071,CUST_072,2023-10-23 04:00:00,Laptop,Electronics,1,321.52,321.52
TXN_02071,CUST_072,2023-10-23 04:00:00,Monitor,Electronics,1,115.49,115.49
TXN_02072,CUST_174,2023-04-26 13:00:00,T-Shirt,Clothing,1,48.03,48.03
TXN_02072,CUST_174,2023-04-26 13:00:00,Jeans,Clothing,1,213.85,213.85
TXN_02072,CUST_174,2023-04-26 13:00:00,Sneakers,Clothing,1,19.75,19.75
TXN_02073,CUST_072,2023-03-20 10:00:00,Webcam,Electronics,1,446.63,446.63
TXN_02073,CUST_072,2023-03-20 10:00:00,Butter,Groceries,4,8.22,32.88
TXN_02073,CUST_072,2023-03-20 10:00:00,Socks,Clothing,1,18.14,18.14
TXN_02073,CUST_072,2023-03-20 10:00:00,Coffee,Groceries,1,405.67,405.67
TXN_02074,CUST_274,2023-07-17 06:00:00,Bread,Groceries,3,326.69,980.07
TXN_02074,CUST_274,2023-07-17 06:00:00,Plant,Home & Garden,1,403.88,403.88
TXN_02074,CUST_274,2023-07-17 06:00:00,Coffee,Groceries,1,405.67,405.67
TXN_02075,CUST_088,2023-02-23 21:00:00,Chair,Home & Garden,1,173.42,173.42
TXN_02076,CUST_251,2023-01-14 05:00:00,T-Shirt,Clothing,1,48.03,48.03
TXN_02076,CUST_251,2023-01-14 05:00:00,Jeans,Clothing,1,213.85,213.85
TXN_02076,CUST_251,2023-01-14 05:00:00,Sneakers,Clothing,1,19.75,19.75
TXN_02077,CUST_269,2023-02-05 14:00:00,Mug,Home & Garden,1,171.61,171.61
TXN_02077,CUST_269,2023-02-05 14:00:00,Coffee,Groceries,4,405.67,1622.68
TXN_02078,CUST_201,2023-03-22 03:00:00,T-Shirt,Clothing,1,48.03,48.03
TXN_02078,CUST_201,2023-03-22 03:00:00,Jeans,Clothing,1,213.85,213.85
TXN_02078,CUST_201,2023-03-22 03:00:00,Sneakers,Clothing,1,19.75,19.75
TXN_02079,CUST_106,2023-03-08 06:00:00,Laptop,Electronics,1,321.52,321.52
TXN_02079,CUST_106,2023-03-08 06:00:00,Monitor,Electronics,1,115.49,115.49
TXN_02080,CUST_104,2023-09-15 22:00:00,Laptop,Electronics,1,321.52,321.52
TXN_02080,CUST_104,2023-09-15 22:00:00,Webcam,Electronics,1,446.63,446.63
TXN_02080,CUST_104,2023-09-15 22:00:00,Mouse,Electronics,1,369.55,369.55
TXN_02081,CUST_229,2023-02-02 12:00:00,Apples,Groceries,4,114.12,456.48
TXN_02081,CUST_229,2023-02-02 12:00:00,Jacket,Clothing,1,113.23,113.23
TXN_02082,CUST_236,2023-08-25 18:00:00,Bread,Groceries,4,326.69,1306.76
TXN_02082,CUST_236,2023-08-25 18:00:00,Eggs,Groceries,2,274.75,549.5
TXN_02082,CUST_236,2023-08-25 18:00:00,Butter,Groceries,4,8.22,32.88
TXN_02083,CUST_128,2023-04-02 19:00:00,Chair,Home & Garden,1,173.42,173.42
TXN_02083,CUST_128,2023-04-02 19:00:00,Keyboard,Electronics,1,339.97,339.97
TXN_02083,CUST_128,2023-04-02 19:00:00,Socks,Clothing,1,18.14,18.14
TXN_02083,CUST_128,2023-04-02 19:00:00,Lamp,Home & Garden,1,350.58,350.58
TXN_02084,CUST_292,2023-02-18 12:00:00,T-Shirt,Clothing,1,48.03,48.03
TXN_02085,CUST_081,2023-05-21 20:00:00,Chair,Home & Garden,1,173.42,173.42
TXN_02086,CUST_112,2023-09-10 13:00:00,Headphones,Electronics,1,141.14,141.14
TXN_02086,CUST_112,2023-09-10 13:00:00,Sweater,Clothing,1,255.15,255.15
TXN_02086,CUST_112,2023-09-10 13:00:00,Monitor,Electronics,1,115.49,115.49
TXN_02086,CUST_112,2023-09-10 13:00:00,Cushion,Home & Garden,1,478.82,478.82
TXN_02087,CUST_259,2023-06-16 13:00:00,Apples,Groceries,4,114.12,456.48
TXN_02087,CUST_259,2023-06-16 13:00:00,Webcam,Electronics,1,446.63,446.63
TXN_02087,CUST_259,2023-06-16 13:00:00,Smartphone,Electronics,1,17.38,17.38
TXN_02088,CUST_014,2023-02-07 20:00:00,Table,Home & Garden,1,81.96,81.96
TXN_02088,CUST_014,2023-02-07 20:00:00,Jacket,Clothing,1,113.23,113.23
TXN_02088,CUST_014,2023-02-07 20:00:00,Socks,Clothing,1,18.14,18.14
TXN_02089,CUST_100,2023-07-23 01:00:00,Bread,Groceries,4,326.69,1306.76
TXN_02089,CUST_100,2023-07-23 01:00:00,Milk,Groceries,1,103.42,103.42
TXN_02089,CUST_100,2023-07-23 01:00:00,Eggs,Groceries,1,274.75,274.75
TXN_02089,CUST_100,2023-07-23 01:00:00,Butter,Groceries,2,8.22,16.44
TXN_02090,CUST_225,2023-03-13 15:00:00,Laptop,Electronics,1,321.52,321.52
TXN_02090,CUST_225,2023-03-13 15:00:00,Keyboard,Electronics,1,339.97,339.97
TXN_02091,CUST_052,2023-04-01 09:00:00,Laptop,Electronics,1,321.52,321.52
TXN_02091,CUST_052,2023-04-01 09:00:00,Monitor,Electronics,1,115.49,115.49
TXN_02092,CUST_006,2023-12-13 08:00:00,Headphones,Electronics,1,141.14,141.14
TXN_02092,CUST_006,2023-12-13 08:00:00,Smartphone,Electronics,1,17.38,17.38
TXN_02093,CUST_273,2023-04-21 14:00:00,Chair,Home & Garden,1,173.42,173.42
TXN_02093,CUST_273,2023-04-21 14:00:00,Plant,Home & Garden,1,403.88,403.88
TXN_02093,CUST_273,2023-04-21 14:00:00,Monitor,Electronics,1,115.49,115.49
TXN_02093,CUST_273,2023-04-21 14:00:00,Lamp,Home & Garden,1,350.58,350.58
TXN_02094,CUST_200,2023-12-20 09:00:00,Mug,Home & Garden,1,171.61,171.61
TXN_02094,CUST_200,2023-12-20 09:00:00,Coffee,Groceries,2,405.67,811.34
TXN_02095,CUST_128,2023-07-11 07:00:00,Bread,Groceries,2,326.69,653.38
TXN_02095,CUST_128,2023-07-11 07:00:00,Milk,Groceries,1,103.42,103.42
TXN_02095,CUST_128,2023-07-11 07:00:00,Butter,Groceries,2,8.22,16.44
TXN_02096,CUST_050,2023-12-07 05:00:00,Milk,Groceries,1,103.42,103.42
TXN_02097,CUST_168,2023-06-15 17:00:00,Socks,Clothing,1,18.14,18.14
TXN_02097,CUST_168,2023-06-15 17:00:00,Milk,Groceries,2,103.42,206.84
TXN_02097,CUST_168,2023-06-15 17:00:00,Banana,Groceries,2,296.69,593.38
TXN_02097,CUST_168,2023-06-15 17:00:00,Webcam,Electronics,1,446.63,446.63
TXN_02097,CUST_168,2023-06-15 17:00:00,Monitor,Electronics,1,115.49,115.49
TXN_02098,CUST_055,2023-07-02 10:00:00,T-Shirt,Clothing,1,48.03,48.03
TXN_02098,CUST_055,2023-07-02 10:00:00,Jeans,Clothing,1,213.85,213.85
TXN_02098,CUST_055,2023-07-02 10:00:00,Sneakers,Clothing,1,19.75,19.75
TXN_02099,CUST_235,2023-04-23 02:00:00,Sweater,Clothing,1,255.15,255.15
TXN_02099,CUST_235,2023-04-23 02:00:00,Plant,Home & Garden,1,403.88,403.88
TXN_02099,CUST_235,2023-04-23 02:00:00,Butter,Groceries,1,8.22,8.22
TXN_02100,CUST_035,2023-04-22 13:00:00,Mug,Home & Garden,1,171.61,171.61
TXN_02100,CUST_035,2023-04-22 13:00:00,Coffee,Groceries,3,405.67,1217.01
TXN_02101,CUST_049,2023-11-04 10:00:00,Chair,Home & Garden,1,173.42,173.42
TXN_02101,CUST_049,2023-11-04 10:00:00,Mouse,Electronics,1,369.55,369.55
TXN_02101,CUST_049,2023-11-04 10:00:00,Lamp,Home & Garden,1,350.58,350.58
TXN_02101,CUST_049,2023-11-04 10:00:00,Cushion,Home & Garden,1,478.82,478.82
TXN_02102,CUST_171,2023-03-31 20:00:00,Headphones,Electronics,1,141.14,141.14
TXN_02102,CUST_171,2023-03-31 20:00:00,Eggs,Groceries,3,274.75,824.25
TXN_02102,CUST_171,2023-03-31 20:00:00,Lamp,Home & Garden,1,350.58,350.58
TXN_02103,CUST_010,2023-11-08 18:00:00,Mug,Home & Garden,1,171.61,171.61
TXN_02103,CUST_010,2023-11-08 18:00:00,Coffee,Groceries,1,405.67,405.67
TXN_02104,CUST_064,2023-06-08 07:00:00,Headphones,Electronics,1,141.14,141.14
TXN_02104,CUST_064,2023-06-08 07:00:00,Butter,Groceries,1,8.22,8.22
TXN_02105,CUST_071,2023-07-11 15:00:00,Laptop,Electronics,1,321.52,321.52
TXN_02105,CUST_071,2023-07-11 15:00:00,Keyboard,Electronics,1,339.97,339.97
TXN_02105,CUST_071,2023-07-11 15:00:00,Mouse,Electronics,1,369.55,369.55
TXN_02106,CUST_122,2023-11-03 14:00:00,Jacket,Clothing,1,113.23,113.23
TXN_02106,CUST_122,2023-11-03 14:00:00,Jeans,Clothing,1,213.85,213.85
TXN_02106,CUST_122,2023-11-03 14:00:00,Mouse,Electronics,1,369.55,369.55
TXN_02107,CUST_021,2023-09-24 13:00:00,Laptop,Electronics,1,321.52,321.52
TXN_02107,CUST_021,2023-09-24 13:00:00,T-Shirt,Clothing,1,48.03,48.03
TXN_02107,CUST_021,2023-09-24 13:00:00,Cushion,Home & Garden,1,478.82,478.82
TXN_02108,CUST_170,2023-06-25 07:00:00,Bread,Groceries,3,326.69,980.07
TXN_02108,CUST_170,2023-06-25 07:00:00,Milk,Groceries,2,103.42,206.84
TXN_02108,CUST_170,2023-06-25 07:00:00,Eggs,Groceries,4,274.75,1099.0
TXN_02108,CUST_170,2023-06-25 07:00:00,Butter,Groceries,1,8.22,8.22
TXN_02109,CUST_034,2023-09-09 02:00:00,Plant,Home & Garden,1,403.88,403.88
TXN_02110,CUST_073,2023-04-15 04:00:00,Mug,Home & Garden,1,171.61,171.61
TXN_02110,CUST_073,2023-04-15 04:00:00,Coffee,Groceries,4,405.67,1622.68
TXN_02111,CUST_240,2023-06-09 05:00:00,Milk,Groceries,2,103.42,206.84
TXN_02111,CUST_240,2023-06-09 05:00:00,Keyboard,Electronics,1,339.97,339.97
TXN_02112,CUST_156,2023-05-27 18:00:00,Laptop,Electronics,1,321.52,321.52
TXN_02112,CUST_156,2023-05-27 18:00:00,Monitor,Electronics,1,115.49,115.49
TXN_02113,CUST_041,2023-07-04 12:00:00,T-Shirt,Clothing,1,48.03,48.03
TXN_02113,CUST_041,2023-07-04 12:00:00,Jeans,Clothing,1,213.85,213.85
TXN_02113,CUST_041,2023-07-04 12:00:00,Sneakers,Clothing,1,19.75,19.75
TXN_02114,CUST_247,2023-01-11 12:00:00,Bread,Groceries,3,326.69,980.07
TXN_02114,CUST_247,2023-01-11 12:00:00,Milk,Groceries,4,103.42,413.68
TXN_02114,CUST_247,2023-01-11 12:00:00,Eggs,Groceries,4,274.75,1099.0
TXN_02115,CUST_157,2023-08-21 09:00:00,Mug,Home & Garden,1,171.61,171.61
TXN_02115,CUST_157,2023-08-21 09:00:00,Coffee,Groceries,2,405.67,811.34
TXN_02116,CUST_241,2023-04-11 04:00:00,Laptop,Electronics,1,321.52,321.52
TXN_02117,CUST_257,2023-07-11 15:00:00,T-Shirt,Clothing,1,48.03,48.03
TXN_02117,CUST_257,2023-07-11 15:00:00,Jeans,Clothing,1,213.85,213.85
TXN_02117,CUST_257,2023-07-11 15:00:00,Sneakers,Clothing,1,19.75,19.75
TXN_02118,CUST_251,2023-06-07 20:00:00,Milk,Groceries,1,103.42,103.42
TXN_02119,CUST_064,2023-07-17 18:00:00,T-Shirt,Clothing,1,48.03,48.03
TXN_02119,CUST_064,2023-07-17 18:00:00,Jeans,Clothing,1,213.85,213.85
TXN_02119,CUST_064,2023-07-17 18:00:00,Sneakers,Clothing,1,19.75,19.75
TXN_02120,CUST_189,2023-12-23 01:00:00,Eggs,Groceries,1,274.75,274.75
TXN_02120,CUST_189,2023-12-23 01:00:00,T-Shirt,Clothing,1,48.03,48.03
TXN_02120,CUST_189,2023-12-23 01:00:00,Table,Home & Garden,1,81.96,81.96
TXN_02121,CUST_186,2023-11-20 22:00:00,Jeans,Clothing,1,213.85,213.85
TXN_02121,CUST_186,2023-11-20 22:00:00,Butter,Groceries,4,8.22,32.88
TXN_02122,CUST_076,2023-05-11 07:00:00,Laptop,Electronics,1,321.52,321.52
TXN_02122,CUST_076,2023-05-11 07:00:00,Monitor,Electronics,1,115.49,115.49
TXN_02123,CUST_048,2023-11-26 22:00:00,Chair,Home & Garden,1,173.42,173.42
TXN_02123,CUST_048,2023-11-26 22:00:00,Headphones,Electronics,1,141.14,141.14
TXN_02123,CUST_048,2023-11-26 22:00:00,Coffee,Groceries,2,405.67,811.34
TXN_02123,CUST_048,2023-11-26 22:00:00,Apples,Groceries,4,114.12,456.48
TXN_02124,CUST_085,2023-08-07 08:00:00,Coffee,Groceries,4,405.67,1622.68
TXN_02124,CUST_085,2023-08-07 08:00:00,Socks,Clothing,1,18.14,18.14
TXN_02124,CUST_085,2023-08-07 08:00:00,Banana,Groceries,1,296.69,296.69
TXN_02124,CUST_085,2023-08-07 08:00:00,Lamp,Home & Garden,1,350.58,350.58
TXN_02124,CUST_085,2023-08-07 08:00:00,Sneakers,Clothing,1,19.75,19.75
TXN_02125,CUST_056,2023-11-22 18:00:00,Table,Home & Garden,1,81.96,81.96
TXN_02125,CUST_056,2023-11-22 18:00:00,Jeans,Clothing,1,213.85,213.85
TXN_02125,CUST_056,2023-11-22 18:00:00,Mouse,Electronics,1,369.55,369.55
TXN_02126,CUST_108,2023-07-23 22:00:00,Laptop,Electronics,1,321.52,321.52
TXN_02126,CUST_108,2023-07-23 22:00:00,Webcam,Electronics,1,446.63,446.63
TXN_02126,CUST_108,2023-07-23 22:00:00,Keyboard,Electronics,1,339.97,339.97
TXN_02127,CUST_214,2023-09-26 13:00:00,Sweater,Clothing,1,255.15,255.15
TXN_02127,CUST_214,2023-09-26 13:00:00,Keyboard,Electronics,1,339.97,339.97
TXN_02128,CUST_069,2023-04-12 15:00:00,Bread,Groceries,1,326.69,326.69
TXN_02128,CUST_069,2023-04-12 15:00:00,Milk,Groceries,2,103.42,206.84
TXN_02128,CUST_069,2023-04-12 15:00:00,Eggs,Groceries,2,274.75,549.5
TXN_02129,CUST_133,2023-07-29 14:00:00,Keyboard,Electronics,1,339.97,339.97
TXN_02129,CUST_133,2023-07-29 14:00:00,Plant,Home & Garden,1,403.88,403.88
TXN_02129,CUST_133,2023-07-29 14:00:00,Headphones,Electronics,1,141.14,141.14
TXN_02129,CUST_133,2023-07-29 14:00:00,Monitor,Electronics,1,115.49,115.49
TXN_02129,CUST_133,2023-07-29 14:00:00,Sneakers,Clothing,1,19.75,19.75
TXN_02130,CUST_044,2023-07-13 03:00:00,Headphones,Electronics,1,141.14,141.14
TXN_02130,CUST_044,2023-07-13 03:00:00,Smartphone,Electronics,1,17.38,17.38
TXN_02131,CUST_249,2023-12-11 03:00:00,Headphones,Electronics,1,141.14,141.14
TXN_02131,CUST_249,2023-12-11 03:00:00,Smartphone,Electronics,1,17.38,17.38
TXN_02132,CUST_109,2023-09-25 00:00:00,Mug,Home & Garden,1,171.61,171.61
TXN_02132,CUST_109,2023-09-25 00:00:00,Coffee,Groceries,3,405.67,1217.01
TXN_02133,CUST_220,2023-06-22 11:00:00,Sweater,Clothing,1,255.15,255.15
TXN_02133,CUST_220,2023-06-22 11:00:00,T-Shirt,Clothing,1,48.03,48.03
TXN_02133,CUST_220,2023-06-22 11:00:00,Jacket,Clothing,1,113.23,113.23
TXN_02134,CUST_205,2023-07-13 19:00:00,Headphones,Electronics,1,141.14,141.14
TXN_02134,CUST_205,2023-07-13 19:00:00,Smartphone,Electronics,1,17.38,17.38
TXN_02135,CUST_234,2023-12-24 12:00:00,Laptop,Electronics,1,321.52,321.52
TXN_02135,CUST_234,2023-12-24 12:00:00,Butter,Groceries,1,8.22,8.22
TXN_02136,CUST_272,2023-05-24 22:00:00,Bread,Groceries,4,326.69,1306.76
TXN_02136,CUST_272,2023-05-24 22:00:00,Sweater,Clothing,1,255.15,255.15
TXN_02137,CUST_264,2023-07-31 21:00:00,Laptop,Electronics,1,321.52,321.52
TXN_02137,CUST_264,2023-07-31 21:00:00,Monitor,Electronics,1,115.49,115.49
TXN_02138,CUST_024,2023-06-16 21:00:00,Mug,Home & Garden,1,171.61,171.61
TXN_02138,CUST_024,2023-06-16 21:00:00,Coffee,Groceries,3,405.67,1217.01
TXN_02139,CUST_220,2023-09-01 21:00:00,Table,Home & Garden,1,81.96,81.96
TXN_02140,CUST_198,2023-05-31 19:00:00,Laptop,Electronics,1,321.52,321.52
TXN_02140,CUST_198,2023-05-31 19:00:00,Webcam,Electronics,1,446.63,446.63
TXN_02140,CUST_198,2023-05-31 19:00:00,Mouse,Electronics,1,369.55,369.55
TXN_02140,CUST_198,2023-05-31 19:00:00,Keyboard,Electronics,1,339.97,339.97
TXN_02141,CUST_155,2023-12-11 17:00:00,Bread,Groceries,2,326.69,653.38
TXN_02141,CUST_155,2023-12-11 17:00:00,Eggs,Groceries,2,274.75,549.5
TXN_02141,CUST_155,2023-12-11 17:00:00,Keyboard,Electronics,1,339.97,339.97
TXN_02141,CUST_155,2023-12-11 17:00:00,Monitor,Electronics,1,115.49,115.49
TXN_02142,CUST_109,2023-03-29 21:00:00,Milk,Groceries,1,103.42,103.42
TXN_02143,CUST_083,2023-06-17 12:00:00,Table,Home & Garden,1,81.96,81.96
TXN_02143,CUST_083,2023-06-17 12:00:00,Jeans,Clothing,1,213.85,213.85
TXN_02144,CUST_244,2023-12-10 03:00:00,Eggs,Groceries,3,274.75,824.25
TXN_02144,CUST_244,2023-12-10 03:00:00,Plant,Home & Garden,1,403.88,403.88
TXN_02144,CUST_244,2023-12-10 03:00:00,Table,Home & Garden,1,81.96,81.96
TXN_02144,CUST_244,2023-12-10 03:00:00,Headphones,Electronics,1,141.14,141.14
TXN_02144,CUST_244,2023-12-10 03:00:00,Mug,Home & Garden,1,171.61,171.61
TXN_02145,CUST_115,2023-10-22 19:00:00,Headphones,Electronics,1,141.14,141.14
TXN_02145,CUST_115,2023-10-22 19:00:00,Smartphone,Electronics,1,17.38,17.38
TXN_02146,CUST_120,2023-04-25 08:00:00,Bread,Groceries,2,326.69,653.38
TXN_02146,CUST_120,2023-04-25 08:00:00,Milk,Groceries,1,103.42,103.42
TXN_02147,CUST_294,2023-07-08 04:00:00,Laptop,Electronics,1,321.52,321.52
TXN_02147,CUST_294,2023-07-08 04:00:00,Table,Home & Garden,1,81.96,81.96
TXN_02147,CUST_294,2023-07-08 04:00:00,Coffee,Groceries,1,405.67,405.67
TXN_02147,CUST_294,2023-07-08 04:00:00,Sneakers,Clothing,1,19.75,19.75
TXN_02148,CUST_275,2023-04-08 12:00:00,Mug,Home & Garden,1,171.61,171.61
TXN_02148,CUST_275,2023-04-08 12:00:00,Sweater,Clothing,1,255.15,255.15
TXN_02148,CUST_275,2023-04-08 12:00:00,Cushion,Home & Garden,1,478.82,478.82
TXN_02149,CUST_065,2023-09-24 21:00:00,Monitor,Electronics,1,115.49,115.49
TXN_02149,CUST_065,2023-09-24 21:00:00,Socks,Clothing,1,18.14,18.14
TXN_02150,CUST_005,2023-10-03 14:00:00,Headphones,Electronics,1,141.14,141.14
TXN_02150,CUST_005,2023-10-03 14:00:00,Smartphone,Electronics,1,17.38,17.38
TXN_02151,CUST_076,2023-11-04 09:00:00,Laptop,Electronics,1,321.52,321.52
TXN_02151,CUST_076,2023-11-04 09:00:00,Monitor,Electronics,1,115.49,115.49
TXN_02152,CUST_258,2023-12-19 03:00:00,Laptop,Electronics,1,321.52,321.52
TXN_02152,CUST_258,2023-12-19 03:00:00,Monitor,Electronics,1,115.49,115.49
TXN_02153,CUST_150,2023-12-27 12:00:00,Headphones,Electronics,1,141.14,141.14
TXN_02153,CUST_150,2023-12-27 12:00:00,Smartphone,Electronics,1,17.38,17.38
TXN_02154,CUST_027,2023-04-02 15:00:00,Laptop,Electronics,1,321.52,321.52
TXN_02154,CUST_027,2023-04-02 15:00:00,Keyboard,Electronics,1,339.97,339.97
TXN_02154,CUST_027,2023-04-02 15:00:00,Lamp,Home & Garden,1,350.58,350.58
TXN_02155,CUST_281,2023-07-20 10:00:00,T-Shirt,Clothing,1,48.03,48.03
TXN_02155,CUST_281,2023-07-20 10:00:00,Jeans,Clothing,1,213.85,213.85
TXN_02155,CUST_281,2023-07-20 10:00:00,Sneakers,Clothing,1,19.75,19.75
TXN_02156,CUST_271,2023-05-25 09:00:00,Chair,Home & Garden,1,173.42,173.42
TXN_02156,CUST_271,2023-05-25 09:00:00,Banana,Groceries,4,296.69,1186.76
TXN_02157,CUST_050,2023-03-09 10:00:00,Bread,Groceries,2,326.69,653.38
TXN_02157,CUST_050,2023-03-09 10:00:00,Smartphone,Electronics,1,17.38,17.38
TXN_02157,CUST_050,2023-03-09 10:00:00,Sneakers,Clothing,1,19.75,19.75
TXN_02157,CUST_050,2023-03-09 10:00:00,Chair,Home & Garden,1,173.42,173.42
TXN_02157,CUST_050,2023-03-09 10:00:00,Mug,Home & Garden,1,171.61,171.61
TXN_02158,CUST_296,2023-03-12 14:00:00,Webcam,Electronics,1,446.63,446.63
TXN_02158,CUST_296,2023-03-12 14:00:00,Mouse,Electronics,1,369.55,369.55
TXN_02159,CUST_101,2023-11-30 00:00:00,Mug,Home & Garden,1,171.61,171.61
TXN_02159,CUST_101,2023-11-30 00:00:00,Coffee,Groceries,4,405.67,1622.68
TXN_02160,CUST_087,2023-01-29 03:00:00,Jeans,Clothing,1,213.85,213.85
TXN_02160,CUST_087,2023-01-29 03:00:00,Sneakers,Clothing,1,19.75,19.75
TXN_02161,CUST_264,2023-11-29 10:00:00,Plant,Home & Garden,1,403.88,403.88
TXN_02161,CUST_264,2023-11-29 10:00:00,Table,Home & Garden,1,81.96,81.96
TXN_02162,CUST_207,2023-05-06 01:00:00,T-Shirt,Clothing,1,48.03,48.03
TXN_02162,CUST_207,2023-05-06 01:00:00,Jeans,Clothing,1,213.85,213.85
TXN_02162,CUST_207,2023-05-06 01:00:00,Sneakers,Clothing,1,19.75,19.75
TXN_02163,CUST_046,2023-08-26 20:00:00,Laptop,Electronics,1,321.52,321.52
TXN_02163,CUST_046,2023-08-26 20:00:00,Monitor,Electronics,1,115.49,115.49
TXN_02164,CUST_062,2023-03-01 02:00:00,Laptop,Electronics,1,321.52,321.52
TXN_02164,CUST_062,2023-03-01 02:00:00,Monitor,Electronics,1,115.49,115.49
TXN_02165,CUST_141,2023-12-22 23:00:00,Mug,Home & Garden,1,171.61,171.61
TXN_02165,CUST_141,2023-12-22 23:00:00,Coffee,Groceries,4,405.67,1622.68
TXN_02166,CUST_153,2023-10-20 04:00:00,Bread,Groceries,4,326.69,1306.76
TXN_02166,CUST_153,2023-10-20 04:00:00,Milk,Groceries,1,103.42,103.42
TXN_02166,CUST_153,2023-10-20 04:00:00,Eggs,Groceries,1,274.75,274.75
TXN_02166,CUST_153,2023-10-20 04:00:00,Butter,Groceries,2,8.22,16.44
TXN_02167,CUST_061,2023-04-03 19:00:00,Banana,Groceries,4,296.69,1186.76
TXN_02168,CUST_161,2023-03-04 01:00:00,Laptop,Electronics,1,321.52,321.52
TXN_02168,CUST_161,2023-03-04 01:00:00,Webcam,Electronics,1,446.63,446.63
TXN_02168,CUST_161,2023-03-04 01:00:00,Mouse,Electronics,1,369.55,369.55
TXN_02168,CUST_161,2023-03-04 01:00:00,Keyboard,Electronics,1,339.97,339.97
TXN_02169,CUST_044,2023-03-05 16:00:00,Mug,Home & Garden,1,171.61,171.61
TXN_02169,CUST_044,2023-03-05 16:00:00,Coffee,Groceries,2,405.67,811.34
TXN_02170,CUST_154,2023-01-24 16:00:00,Bread,Groceries,2,326.69,653.38
TXN_02170,CUST_154,2023-01-24 16:00:00,Banana,Groceries,4,296.69,1186.76
TXN_02170,CUST_154,2023-01-24 16:00:00,Lamp,Home & Garden,1,350.58,350.58
TXN_02171,CUST_161,2023-09-25 11:00:00,Webcam,Electronics,1,446.63,446.63
TXN_02171,CUST_161,2023-09-25 11:00:00,Smartphone,Electronics,1,17.38,17.38
TXN_02171,CUST_161,2023-09-25 11:00:00,Lamp,Home & Garden,1,350.58,350.58
TXN_02171,CUST_161,2023-09-25 11:00:00,Monitor,Electronics,1,115.49,115.49
TXN_02171,CUST_161,2023-09-25 11:00:00,Chair,Home & Garden,1,173.42,173.42
TXN_02172,CUST_122,2023-01-19 06:00:00,Keyboard,Electronics,1,339.97,339.97
TXN_02172,CUST_122,2023-01-19 06:00:00,Mouse,Electronics,1,369.55,369.55
TXN_02173,CUST_184,2023-05-23 04:00:00,Headphones,Electronics,1,141.14,141.14
TXN_02173,CUST_184,2023-05-23 04:00:00,Banana,Groceries,4,296.69,1186.76
TXN_02173,CUST_184,2023-05-23 04:00:00,Jeans,Clothing,1,213.85,213.85
TXN_02174,CUST_084,2023-07-24 14:00:00,Headphones,Electronics,1,141.14,141.14
TXN_02174,CUST_084,2023-07-24 14:00:00,Smartphone,Electronics,1,17.38,17.38
TXN_02175,CUST_037,2023-11-19 23:00:00,Laptop,Electronics,1,321.52,321.52
TXN_02175,CUST_037,2023-11-19 23:00:00,Monitor,Electronics,1,115.49,115.49
TXN_02176,CUST_215,2023-03-20 10:00:00,Laptop,Electronics,1,321.52,321.52
TXN_02176,CUST_215,2023-03-20 10:00:00,T-Shirt,Clothing,1,48.03,48.03
TXN_02176,CUST_215,2023-03-20 10:00:00,Butter,Groceries,1,8.22,8.22
TXN_02176,CUST_215,2023-03-20 10:00:00,Socks,Clothing,1,18.14,18.14
TXN_02177,CUST_139,2023-03-05 17:00:00,Mug,Home & Garden,1,171.61,171.61
TXN_02177,CUST_139,2023-03-05 17:00:00,Coffee,Groceries,1,405.67,405.67
TXN_02178,CUST_186,2023-06-20 08:00:00,Laptop,Electronics,1,321.52,321.52
TXN_02178,CUST_186,2023-06-20 08:00:00,Webcam,Electronics,1,446.63,446.63
TXN_02178,CUST_186,2023-06-20 08:00:00,Mouse,Electronics,1,369.55,369.55
TXN_02179,CUST_114,2023-07-13 03:00:00,Keyboard,Electronics,1,339.97,339.97
TXN_02180,CUST_270,2023-06-06 18:00:00,Apples,Groceries,3,114.12,342.36
TXN_02180,CUST_270,2023-06-06 18:00:00,Sweater,Clothing,1,255.15,255.15
TXN_02180,CUST_270,2023-06-06 18:00:00,Chair,Home & Garden,1,173.42,173.42
TXN_02180,CUST_270,2023-06-06 18:00:00,Monitor,Electronics,1,115.49,115.49
TXN_02181,CUST_283,2023-05-19 19:00:00,Bread,Groceries,2,326.69,653.38
TXN_02181,CUST_283,2023-05-19 19:00:00,Eggs,Groceries,3,274.75,824.25
TXN_02182,CUST_273,2023-10-10 19:00:00,Eggs,Groceries,1,274.75,274.75
TXN_02182,CUST_273,2023-10-10 19:00:00,Coffee,Groceries,2,405.67,811.34
TXN_02182,CUST_273,2023-10-10 19:00:00,Mouse,Electronics,1,369.55,369.55
TXN_02182,CUST_273,2023-10-10 19:00:00,Jeans,Clothing,1,213.85,213.85
TXN_02183,CUST_065,2023-03-15 12:00:00,Table,Home & Garden,1,81.96,81.96
TXN_02183,CUST_065,2023-03-15 12:00:00,Plant,Home & Garden,1,403.88,403.88
TXN_02183,CUST_065,2023-03-15 12:00:00,Smartphone,Electronics,1,17.38,17.38
TXN_02184,CUST_190,2023-12-29 07:00:00,Chair,Home & Garden,1,173.42,173.42
TXN_02184,CUST_190,2023-12-29 07:00:00,Keyboard,Electronics,1,339.97,339.97
TXN_02184,CUST_190,2023-12-29 07:00:00,Bread,Groceries,3,326.69,980.07
TXN_02185,CUST_240,2023-09-15 09:00:00,T-Shirt,Clothing,1,48.03,48.03
TXN_02185,CUST_240,2023-09-15 09:00:00,Jeans,Clothing,1,213.85,213.85
TXN_02186,CUST_157,2023-07-28 10:00:00,Headphones,Electronics,1,141.14,141.14
TXN_02187,CUST_123,2023-02-17 05:00:00,Table,Home & Garden,1,81.96,81.96
TXN_02188,CUST_147,2023-10-11 15:00:00,Milk,Groceries,2,103.42,206.84
TXN_02189,CUST_246,2023-09-12 16:00:00,Butter,Groceries,2,8.22,16.44
TXN_02189,CUST_246,2023-09-12 16:00:00,Socks,Clothing,1,18.14,18.14
TXN_02189,CUST_246,2023-09-12 16:00:00,Laptop,Electronics,1,321.52,321.52
TXN_02189,CUST_246,2023-09-12 16:00:00,Monitor,Electronics,1,115.49,115.49
TXN_02189,CUST_246,2023-09-12 16:00:00,Chair,Home & Garden,1,173.42,173.42
TXN_02190,CUST_004,2024-01-01 13:00:00,T-Shirt,Clothing,1,48.03,48.03
TXN_02190,CUST_004,2024-01-01 13:00:00,Table,Home & Garden,1,81.96,81.96
TXN_02190,CUST_004,2024-01-01 13:00:00,Lamp,Home & Garden,1,350.58,350.58
TXN_02191,CUST_271,2023-12-17 19:00:00,Jeans,Clothing,1,213.85,213.85
TXN_02191,CUST_271,2023-12-17 19:00:00,Sneakers,Clothing,1,19.75,19.75
TXN_02192,CUST_090,2023-02-08 11:00:00,Sweater,Clothing,1,255.15,255.15
TXN_02192,CUST_090,2023-02-08 11:00:00,Eggs,Groceries,2,274.75,549.5
TXN_02192,CUST_090,2023-02-08 11:00:00,Socks,Clothing,1,18.14,18.14
TXN_02192,CUST_090,2023-02-08 11:00:00,Milk,Groceries,3,103.42,310.26
TXN_02192,CUST_090,2023-02-08 11:00:00,Smartphone,Electronics,1,17.38,17.38
TXN_02193,CUST_058,2023-06-23 21:00:00,Mug,Home & Garden,1,171.61,171.61
TXN_02193,CUST_058,2023-06-23 21:00:00,Coffee,Groceries,4,405.67,1622.68
TXN_02194,CUST_151,2023-05-16 06:00:00,Laptop,Electronics,1,321.52,321.52
TXN_02194,CUST_151,2023-05-16 06:00:00,Monitor,Electronics,1,115.49,115.49
TXN_02195,CUST_264,2023-01-19 14:00:00,Sweater,Clothing,1,255.15,255.15
TXN_02195,CUST_264,2023-01-19 14:00:00,Smartphone,Electronics,1,17.38,17.38
TXN_02195,CUST_264,2023-01-19 14:00:00,Laptop,Electronics,1,321.52,321.52
TXN_02195,CUST_264,2023-01-19 14:00:00,Butter,Groceries,4,8.22,32.88
TXN_02196,CUST_169,2023-06-02 11:00:00,Headphones,Electronics,1,141.14,141.14
TXN_02196,CUST_169,2023-06-02 11:00:00,Smartphone,Electronics,1,17.38,17.38
TXN_02197,CUST_005,2023-02-21 13:00:00,Apples,Groceries,2,114.12,228.24
TXN_02198,CUST_211,2023-03-05 15:00:00,Laptop,Electronics,1,321.52,321.52
TXN_02198,CUST_211,2023-03-05 15:00:00,Monitor,Electronics,1,115.49,115.49
TXN_02199,CUST_203,2023-07-11 09:00:00,Webcam,Electronics,1,446.63,446.63
TXN_02199,CUST_203,2023-07-11 09:00:00,Laptop,Electronics,1,321.52,321.52
TXN_02199,CUST_203,2023-07-11 09:00:00,Keyboard,Electronics,1,339.97,339.97
TXN_02199,CUST_203,2023-07-11 09:00:00,Mouse,Electronics,1,369.55,369.55
TXN_02200,CUST_083,2023-03-13 11:00:00,Sweater,Clothing,1,255.15,255.15
TXN_02201,CUST_102,2023-02-26 06:00:00,Keyboard,Electronics,1,339.97,339.97
TXN_02201,CUST_102,2023-02-26 06:00:00,Webcam,Electronics,1,446.63,446.63
TXN_02201,CUST_102,2023-02-26 06:00:00,Mouse,Electronics,1,369.55,369.55
TXN_02202,CUST_017,2023-03-24 21:00:00,T-Shirt,Clothing,1,48.03,48.03
TXN_02202,CUST_017,2023-03-24 21:00:00,Jeans,Clothing,1,213.85,213.85
TXN_02202,CUST_017,2023-03-24 21:00:00,Sneakers,Clothing,1,19.75,19.75
TXN_02203,CUST_282,2023-09-11 21:00:00,Cushion,Home & Garden,1,478.82,478.82
TXN_02204,CUST_205,2023-09-14 23:00:00,Mug,Home & Garden,1,171.61,171.61
TXN_02204,CUST_205,2023-09-14 23:00:00,Monitor,Electronics,1,115.49,115.49
TXN_02204,CUST_205,2023-09-14 23:00:00,Mouse,Electronics,1,369.55,369.55
TXN_02205,CUST_011,2023-03-06 04:00:00,Bread,Groceries,1,326.69,326.69
TXN_02205,CUST_011,2023-03-06 04:00:00,Milk,Groceries,4,103.42,413.68
TXN_02205,CUST_011,2023-03-06 04:00:00,Eggs,Groceries,4,274.75,1099.0
TXN_02205,CUST_011,2023-03-06 04:00:00,Butter,Groceries,3,8.22,24.66
TXN_02206,CUST_145,2023-09-06 02:00:00,Butter,Groceries,2,8.22,16.44
TXN_02206,CUST_145,2023-09-06 02:00:00,Mouse,Electronics,1,369.55,369.55
TXN_02207,CUST_128,2023-05-24 03:00:00,Milk,Groceries,2,103.42,206.84
TXN_02207,CUST_128,2023-05-24 03:00:00,Lamp,Home & Garden,1,350.58,350.58
TXN_02208,CUST_243,2023-12-28 03:00:00,Keyboard,Electronics,1,339.97,339.97
TXN_02208,CUST_243,2023-12-28 03:00:00,Butter,Groceries,2,8.22,16.44
TXN_02208,CUST_243,2023-12-28 03:00:00,Coffee,Groceries,2,405.67,811.34
TXN_02208,CUST_243,2023-12-28 03:00:00,Plant,Home & Garden,1,403.88,403.88
TXN_02208,CUST_243,2023-12-28 03:00:00,Webcam,Electronics,1,446.63,446.63
TXN_02209,CUST_062,2023-03-09 12:00:00,Laptop,Electronics,1,321.52,321.52
TXN_02209,CUST_062,2023-03-09 12:00:00,Webcam,Electronics,1,446.63,446.63
TXN_02210,CUST_103,2023-02-16 01:00:00,Mug,Home & Garden,1,171.61,171.61
TXN_02210,CUST_103,2023-02-16 01:00:00,Coffee,Groceries,3,405.67,1217.01
TXN_02211,CUST_219,2023-09-03 01:00:00,Sneakers,Clothing,1,19.75,19.75
TXN_02212,CUST_057,2023-05-18 11:00:00,Headphones,Electronics,1,141.14,141.14
TXN_02212,CUST_057,2023-05-18 11:00:00,Smartphone,Electronics,1,17.38,17.38
TXN_02213,CUST_025,2023-04-04 01:00:00,Laptop,Electronics,1,321.52,321.52
TXN_02213,CUST_025,2023-04-04 01:00:00,Monitor,Electronics,1,115.49,115.49
TXN_02214,CUST_242,2023-05-24 19:00:00,Keyboard,Electronics,1,339.97,339.97
TXN_02214,CUST_242,2023-05-24 19:00:00,Webcam,Electronics,1,446.63,446.63
TXN_02214,CUST_242,2023-05-24 19:00:00,Mouse,Electronics,1,369.55,369.55
TXN_02215,CUST_156,2023-02-27 03:00:00,Sweater,Clothing,1,255.15,255.15
TXN_02215,CUST_156,2023-02-27 03:00:00,Mouse,Electronics,1,369.55,369.55
TXN_02215,CUST_156,2023-02-27 03:00:00,Table,Home & Garden,1,81.96,81.96
TXN_02215,CUST_156,2023-02-27 03:00:00,Jacket,Clothing,1,113.23,113.23
TXN_02215,CUST_156,2023-02-27 03:00:00,Cushion,Home & Garden,1,478.82,478.82
TXN_02216,CUST_186,2023-10-29 16:00:00,Plant,Home & Garden,1,403.88,403.88
TXN_02216,CUST_186,2023-10-29 16:00:00,Jeans,Clothing,1,213.85,213.85
TXN_02217,CUST_108,2023-10-27 12:00:00,Milk,Groceries,2,103.42,206.84
TXN_02217,CUST_108,2023-10-27 12:00:00,Butter,Groceries,2,8.22,16.44
TXN_02218,CUST_229,2023-02-20 02:00:00,Eggs,Groceries,2,274.75,549.5
TXN_02218,CUST_229,2023-02-20 02:00:00,Table,Home & Garden,1,81.96,81.96
TXN_02218,CUST_229,2023-02-20 02:00:00,Sneakers,Clothing,1,19.75,19.75
TXN_02218,CUST_229,2023-02-20 02:00:00,Jacket,Clothing,1,113.23,113.23
TXN_02218,CUST_229,2023-02-20 02:00:00,Cushion,Home & Garden,1,478.82,478.82
TXN_02219,CUST_274,2023-03-20 01:00:00,T-Shirt,Clothing,1,48.03,48.03
TXN_02219,CUST_274,2023-03-20 01:00:00,Jeans,Clothing,1,213.85,213.85
TXN_02219,CUST_274,2023-03-20 01:00:00,Sneakers,Clothing,1,19.75,19.75
TXN_02220,CUST_230,2023-11-19 22:00:00,T-Shirt,Clothing,1,48.03,48.03
TXN_02220,CUST_230,2023-11-19 22:00:00,Sneakers,Clothing,1,19.75,19.75
TXN_02221,CUST_269,2023-09-15 00:00:00,Headphones,Electronics,1,141.14,141.14
TXN_02221,CUST_269,2023-09-15 00:00:00,Smartphone,Electronics,1,17.38,17.38
TXN_02222,CUST_290,2023-02-01 22:00:00,T-Shirt,Clothing,1,48.03,48.03
TXN_02222,CUST_290,2023-02-01 22:00:00,Jeans,Clothing,1,213.85,213.85
TXN_02222,CUST_290,2023-02-01 22:00:00,Sneakers,Clothing,1,19.75,19.75
TXN_02223,CUST_225,2023-09-18 12:00:00,Jeans,Clothing,1,213.85,213.85
TXN_02223,CUST_225,2023-09-18 12:00:00,Butter,Groceries,2,8.22,16.44
TXN_02223,CUST_225,2023-09-18 12:00:00,Webcam,Electronics,1,446.63,446.63
TXN_02223,CUST_225,2023-09-18 12:00:00,Socks,Clothing,1,18.14,18.14
TXN_02224,CUST_002,2023-03-23 18:00:00,Laptop,Electronics,1,321.52,321.52
TXN_02224,CUST_002,2023-03-23 18:00:00,Monitor,Electronics,1,115.49,115.49
TXN_02225,CUST_156,2023-04-23 09:00:00,Keyboard,Electronics,1,339.97,339.97
TXN_02225,CUST_156,2023-04-23 09:00:00,Banana,Groceries,2,296.69,593.38
TXN_02225,CUST_156,2023-04-23 09:00:00,T-Shirt,Clothing,1,48.03,48.03
TXN_02225,CUST_156,2023-04-23 09:00:00,Smartphone,Electronics,1,17.38,17.38
TXN_02225,CUST_156,2023-04-23 09:00:00,Monitor,Electronics,1,115.49,115.49
TXN_02226,CUST_150,2023-01-21 20:00:00,Headphones,Electronics,1,141.14,141.14
TXN_02226,CUST_150,2023-01-21 20:00:00,Smartphone,Electronics,1,17.38,17.38
TXN_02227,CUST_128,2023-04-18 17:00:00,Laptop,Electronics,1,321.52,321.52
TXN_02227,CUST_128,2023-04-18 17:00:00,Monitor,Electronics,1,115.49,115.49
TXN_02228,CUST_043,2023-12-28 17:00:00,Laptop,Electronics,1,321.52,321.52
TXN_02228,CUST_043,2023-12-28 17:00:00,Keyboard,Electronics,1,339.97,339.97
TXN_02228,CUST_043,2023-12-28 17:00:00,Mouse,Electronics,1,369.55,369.55
TXN_02229,CUST_006,2023-07-02 07:00:00,Laptop,Electronics,1,321.52,321.52
TXN_02229,CUST_006,2023-07-02 07:00:00,Keyboard,Electronics,1,339.97,339.97
TXN_02229,CUST_006,2023-07-02 07:00:00,Jeans,Clothing,1,213.85,213.85
TXN_02230,CUST_276,2023-12-03 18:00:00,Laptop,Electronics,1,321.52,321.52
TXN_02230,CUST_276,2023-12-03 18:00:00,Monitor,Electronics,1,115.49,115.49
TXN_02231,CUST_227,2023-04-23 10:00:00,Mug,Home & Garden,1,171.61,171.61
TXN_02231,CUST_227,2023-04-23 10:00:00,Coffee,Groceries,2,405.67,811.34
TXN_02232,CUST_223,2023-07-08 04:00:00,Eggs,Groceries,2,274.75,549.5
TXN_02233,CUST_236,2023-04-05 05:00:00,T-Shirt,Clothing,1,48.03,48.03
TXN_02233,CUST_236,2023-04-05 05:00:00,Sneakers,Clothing,1,19.75,19.75
TXN_02234,CUST_011,2023-06-08 05:00:00,Headphones,Electronics,1,141.14,141.14
TXN_02234,CUST_011,2023-06-08 05:00:00,Webcam,Electronics,1,446.63,446.63
TXN_02234,CUST_011,2023-06-08 05:00:00,Butter,Groceries,2,8.22,16.44
TXN_02234,CUST_011,2023-06-08 05:00:00,Lamp,Home & Garden,1,350.58,350.58
TXN_02235,CUST_037,2023-08-07 07:00:00,Apples,Groceries,1,114.12,114.12
TXN_02235,CUST_037,2023-08-07 07:00:00,Table,Home & Garden,1,81.96,81.96
TXN_02235,CUST_037,2023-08-07 07:00:00,Monitor,Electronics,1,115.49,115.49
TXN_02235,CUST_037,2023-08-07 07:00:00,Mouse,Electronics,1,369.55,369.55
TXN_02236,CUST_052,2023-07-13 12:00:00,Bread,Groceries,3,326.69,980.07
TXN_02236,CUST_052,2023-07-13 12:00:00,Milk,Groceries,2,103.42,206.84
TXN_02236,CUST_052,2023-07-13 12:00:00,Eggs,Groceries,1,274.75,274.75
TXN_02236,CUST_052,2023-07-13 12:00:00,Butter,Groceries,1,8.22,8.22
TXN_02237,CUST_055,2023-10-05 23:00:00,Webcam,Electronics,1,446.63,446.63
TXN_02238,CUST_072,2023-09-03 18:00:00,Sneakers,Clothing,1,19.75,19.75
TXN_02238,CUST_072,2023-09-03 18:00:00,Jacket,Clothing,1,113.23,113.23
TXN_02239,CUST_246,2023-03-21 07:00:00,Laptop,Electronics,1,321.52,321.52
TXN_02239,CUST_246,2023-03-21 07:00:00,Monitor,Electronics,1,115.49,115.49
TXN_02240,CUST_023,2023-02-22 17:00:00,Mug,Home & Garden,1,171.61,171.61
TXN_02240,CUST_023,2023-02-22 17:00:00,Coffee,Groceries,2,405.67,811.34
TXN_02241,CUST_013,2023-04-27 13:00:00,Headphones,Electronics,1,141.14,141.14
TXN_02241,CUST_013,2023-04-27 13:00:00,Smartphone,Electronics,1,17.38,17.38
TXN_02242,CUST_058,2023-09-09 05:00:00,Monitor,Electronics,1,115.49,115.49
TXN_02242,CUST_058,2023-09-09 05:00:00,Sneakers,Clothing,1,19.75,19.75
TXN_02243,CUST_183,2023-02-09 19:00:00,Headphones,Electronics,1,141.14,141.14
TXN_02243,CUST_183,2023-02-09 19:00:00,Smartphone,Electronics,1,17.38,17.38
TXN_02244,CUST_092,2023-08-08 16:00:00,Laptop,Electronics,1,321.52,321.52
TXN_02244,CUST_092,2023-08-08 16:00:00,Webcam,Electronics,1,446.63,446.63
TXN_02244,CUST_092,2023-08-08 16:00:00,Mouse,Electronics,1,369.55,369.55
TXN_02244,CUST_092,2023-08-08 16:00:00,Keyboard,Electronics,1,339.97,339.97
TXN_02245,CUST_179,2023-02-23 08:00:00,Chair,Home & Garden,1,173.42,173.42
TXN_02245,CUST_179,2023-02-23 08:00:00,Mug,Home & Garden,1,171.61,171.61
TXN_02245,CUST_179,2023-02-23 08:00:00,Jeans,Clothing,1,213.85,213.85
TXN_02246,CUST_040,2023-01-02 04:00:00,Mouse,Electronics,1,369.55,369.55
TXN_02246,CUST_040,2023-01-02 04:00:00,Jacket,Clothing,1,113.23,113.23
TXN_02247,CUST_200,2023-08-17 23:00:00,Headphones,Electronics,1,141.14,141.14
TXN_02247,CUST_200,2023-08-17 23:00:00,Milk,Groceries,3,103.42,310.26
TXN_02247,CUST_200,2023-08-17 23:00:00,Monitor,Electronics,1,115.49,115.49
TXN_02247,CUST_200,2023-08-17 23:00:00,Coffee,Groceries,2,405.67,811.34
TXN_02248,CUST_047,2023-06-15 04:00:00,T-Shirt,Clothing,1,48.03,48.03
TXN_02248,CUST_047,2023-06-15 04:00:00,Jeans,Clothing,1,213.85,213.85
TXN_02248,CUST_047,2023-06-15 04:00:00,Sneakers,Clothing,1,19.75,19.75
TXN_02249,CUST_247,2023-12-22 13:00:00,Mug,Home & Garden,1,171.61,171.61
TXN_02249,CUST_247,2023-12-22 13:00:00,Plant,Home & Garden,1,403.88,403.88
TXN_02249,CUST_247,2023-12-22 13:00:00,Mouse,Electronics,1,369.55,369.55
TXN_02250,CUST_126,2023-07-16 13:00:00,Banana,Groceries,4,296.69,1186.76
TXN_02250,CUST_126,2023-07-16 13:00:00,Eggs,Groceries,1,274.75,274.75
TXN_02250,CUST_126,2023-07-16 13:00:00,T-Shirt,Clothing,1,48.03,48.03
TXN_02251,CUST_298,2023-08-04 16:00:00,Chair,Home & Garden,1,173.42,173.42
TXN_02251,CUST_298,2023-08-04 16:00:00,Headphones,Electronics,1,141.14,141.14
TXN_02252,CUST_121,2023-07-05 00:00:00,Milk,Groceries,1,103.42,103.42
TXN_02252,CUST_121,2023-07-05 00:00:00,Eggs,Groceries,3,274.75,824.25
TXN_02252,CUST_121,2023-07-05 00:00:00,Butter,Groceries,3,8.22,24.66
TXN_02253,CUST_072,2023-05-31 14:00:00,Mug,Home & Garden,1,171.61,171.61
TXN_02253,CUST_072,2023-05-31 14:00:00,Coffee,Groceries,2,405.67,811.34
TXN_02254,CUST_029,2023-03-12 03:00:00,Table,Home & Garden,1,81.96,81.96
TXN_02254,CUST_029,2023-03-12 03:00:00,Socks,Clothing,1,18.14,18.14
TXN_02255,CUST_014,2023-12-23 13:00:00,Laptop,Electronics,1,321.52,321.52
TXN_02255,CUST_014,2023-12-23 13:00:00,Monitor,Electronics,1,115.49,115.49
TXN_02256,CUST_081,2023-01-16 04:00:00,Milk,Groceries,4,103.42,413.68
TXN_02256,CUST_081,2023-01-16 04:00:00,Butter,Groceries,2,8.22,16.44
TXN_02257,CUST_094,2023-08-29 23:00:00,Mug,Home & Garden,1,171.61,171.61
TXN_02257,CUST_094,2023-08-29 23:00:00,Coffee,Groceries,3,405.67,1217.01
TXN_02258,CUST_228,2023-11-27 22:00:00,Milk,Groceries,1,103.42,103.42
TXN_02258,CUST_228,2023-11-27 22:00:00,Eggs,Groceries,2,274.75,549.5
TXN_02259,CUST_258,2023-03-24 00:00:00,T-Shirt,Clothing,1,48.03,48.03
TXN_02259,CUST_258,2023-03-24 00:00:00,Jeans,Clothing,1,213.85,213.85
TXN_02259,CUST_258,2023-03-24 00:00:00,Sneakers,Clothing,1,19.75,19.75
TXN_02260,CUST_117,2023-08-05 05:00:00,Bread,Groceries,1,326.69,326.69
TXN_02260,CUST_117,2023-08-05 05:00:00,Milk,Groceries,2,103.42,206.84
TXN_02260,CUST_117,2023-08-05 05:00:00,Eggs,Groceries,4,274.75,1099.0
TXN_02260,CUST_117,2023-08-05 05:00:00,Butter,Groceries,2,8.22,16.44
TXN_02261,CUST_287,2023-11-06 02:00:00,Plant,Home & Garden,1,403.88,403.88
TXN_02261,CUST_287,2023-11-06 02:00:00,Eggs,Groceries,4,274.75,1099.0
TXN_02261,CUST_287,2023-11-06 02:00:00,Jacket,Clothing,1,113.23,113.23
TXN_02262,CUST_195,2023-03-26 01:00:00,Webcam,Electronics,1,446.63,446.63
TXN_02262,CUST_195,2023-03-26 01:00:00,Monitor,Electronics,1,115.49,115.49
TXN_02262,CUST_195,2023-03-26 01:00:00,Jeans,Clothing,1,213.85,213.85
TXN_02263,CUST_040,2023-07-05 19:00:00,Laptop,Electronics,1,321.52,321.52
TXN_02263,CUST_040,2023-07-05 19:00:00,T-Shirt,Clothing,1,48.03,48.03
TXN_02263,CUST_040,2023-07-05 19:00:00,Sneakers,Clothing,1,19.75,19.75
TXN_02264,CUST_084,2023-10-05 03:00:00,Mug,Home & Garden,1,171.61,171.61
TXN_02264,CUST_084,2023-10-05 03:00:00,Coffee,Groceries,2,405.67,811.34
TXN_02265,CUST_017,2023-05-04 08:00:00,Mug,Home & Garden,1,171.61,171.61
TXN_02265,CUST_017,2023-05-04 08:00:00,Coffee,Groceries,1,405.67,405.67
TXN_02266,CUST_162,2023-02-17 09:00:00,Headphones,Electronics,1,141.14,141.14
TXN_02266,CUST_162,2023-02-17 09:00:00,Smartphone,Electronics,1,17.38,17.38
TXN_02267,CUST_162,2023-07-20 23:00:00,Webcam,Electronics,1,446.63,446.63
TXN_02267,CUST_162,2023-07-20 23:00:00,Laptop,Electronics,1,321.52,321.52
TXN_02267,CUST_162,2023-07-20 23:00:00,Keyboard,Electronics,1,339.97,339.97
TXN_02267,CUST_162,2023-07-20 23:00:00,Mouse,Electronics,1,369.55,369.55
TXN_02268,CUST_258,2023-03-18 00:00:00,Eggs,Groceries,2,274.75,549.5
TXN_02268,CUST_258,2023-03-18 00:00:00,Coffee,Groceries,2,405.67,811.34
TXN_02268,CUST_258,2023-03-18 00:00:00,Smartphone,Electronics,1,17.38,17.38
TXN_02268,CUST_258,2023-03-18 00:00:00,Sneakers,Clothing,1,19.75,19.75
TXN_02269,CUST_238,2023-02-10 20:00:00,Laptop,Electronics,1,321.52,321.52
TXN_02269,CUST_238,2023-02-10 20:00:00,Monitor,Electronics,1,115.49,115.49
TXN_02270,CUST_083,2023-09-14 16:00:00,Apples,Groceries,2,114.12,228.24
TXN_02270,CUST_083,2023-09-14 16:00:00,Bread,Groceries,3,326.69,980.07
TXN_02270,CUST_083,2023-09-14 16:00:00,Plant,Home & Garden,1,403.88,403.88
TXN_02270,CUST_083,2023-09-14 16:00:00,Jacket,Clothing,1,113.23,113.23
TXN_02270,CUST_083,2023-09-14 16:00:00,Cushion,Home & Garden,1,478.82,478.82
TXN_02271,CUST_149,2023-07-04 19:00:00,Chair,Home & Garden,1,173.42,173.42
TXN_02271,CUST_149,2023-07-04 19:00:00,Smartphone,Electronics,1,17.38,17.38
TXN_02271,CUST_149,2023-07-04 19:00:00,Lamp,Home & Garden,1,350.58,350.58
TXN_02271,CUST_149,2023-07-04 19:00:00,Cushion,Home & Garden,1,478.82,478.82
TXN_02272,CUST_199,2023-05-03 06:00:00,Eggs,Groceries,1,274.75,274.75
TXN_02272,CUST_199,2023-05-03 06:00:00,Coffee,Groceries,1,405.67,405.67
TXN_02272,CUST_199,2023-05-03 06:00:00,Mouse,Electronics,1,369.55,369.55
TXN_02272,CUST_199,2023-05-03 06:00:00,Plant,Home & Garden,1,403.88,403.88
TXN_02272,CUST_199,2023-05-03 06:00:00,Headphones,Electronics,1,141.14,141.14
TXN_02273,CUST_074,2023-06-08 17:00:00,Eggs,Groceries,1,274.75,274.75
TXN_02274,CUST_233,2023-06-10 05:00:00,Headphones,Electronics,1,141.14,141.14
TXN_02274,CUST_233,2023-06-10 05:00:00,Jeans,Clothing,1,213.85,213.85
TXN_02275,CUST_296,2023-07-06 11:00:00,Keyboard,Electronics,1,339.97,339.97
TXN_02275,CUST_296,2023-07-06 11:00:00,Webcam,Electronics,1,446.63,446.63
TXN_02275,CUST_296,2023-07-06 11:00:00,Laptop,Electronics,1,321.52,321.52
TXN_02275,CUST_296,2023-07-06 11:00:00,Mouse,Electronics,1,369.55,369.55
TXN_02276,CUST_227,2023-11-29 04:00:00,Sweater,Clothing,1,255.15,255.15
TXN_02276,CUST_227,2023-11-29 04:00:00,Eggs,Groceries,4,274.75,1099.0
TXN_02276,CUST_227,2023-11-29 04:00:00,Socks,Clothing,1,18.14,18.14
TXN_02276,CUST_227,2023-11-29 04:00:00,Smartphone,Electronics,1,17.38,17.38
TXN_02276,CUST_227,2023-11-29 04:00:00,Sneakers,Clothing,1,19.75,19.75
TXN_02277,CUST_067,2023-08-14 11:00:00,Sweater,Clothing,1,255.15,255.15
TXN_02277,CUST_067,2023-08-14 11:00:00,Milk,Groceries,4,103.42,413.68
TXN_02277,CUST_067,2023-08-14 11:00:00,Lamp,Home & Garden,1,350.58,350.58
TXN_02277,CUST_067,2023-08-14 11:00:00,Headphones,Electronics,1,141.14,141.14
TXN_02277,CUST_067,2023-08-14 11:00:00,Jacket,Clothing,1,113.23,113.23
TXN_02278,CUST_135,2023-12-16 01:00:00,Table,Home & Garden,1,81.96,81.96
TXN_02279,CUST_126,2023-12-25 17:00:00,Bread,Groceries,1,326.69,326.69
TXN_02279,CUST_126,2023-12-25 17:00:00,Milk,Groceries,2,103.42,206.84
TXN_02279,CUST_126,2023-12-25 17:00:00,Butter,Groceries,4,8.22,32.88
TXN_02280,CUST_237,2023-12-09 02:00:00,T-Shirt,Clothing,1,48.03,48.03
TXN_02280,CUST_237,2023-12-09 02:00:00,Jeans,Clothing,1,213.85,213.85
TXN_02280,CUST_237,2023-12-09 02:00:00,Sneakers,Clothing,1,19.75,19.75
TXN_02281,CUST_056,2023-07-23 13:00:00,Headphones,Electronics,1,141.14,141.14
TXN_02281,CUST_056,2023-07-23 13:00:00,Smartphone,Electronics,1,17.38,17.38
TXN_02282,CUST_249,2023-04-19 22:00:00,Jeans,Clothing,1,213.85,213.85
TXN_02283,CUST_233,2023-01-20 17:00:00,Jeans,Clothing,1,213.85,213.85
TXN_02283,CUST_233,2023-01-20 17:00:00,Sneakers,Clothing,1,19.75,19.75
TXN_02284,CUST_164,2023-10-18 01:00:00,Mug,Home & Garden,1,171.61,171.61
TXN_02284,CUST_164,2023-10-18 01:00:00,Smartphone,Electronics,1,17.38,17.38
TXN_02284,CUST_164,2023-10-18 01:00:00,Sweater,Clothing,1,255.15,255.15
TXN_02285,CUST_221,2023-08-31 06:00:00,Bread,Groceries,1,326.69,326.69
TXN_02285,CUST_221,2023-08-31 06:00:00,Milk,Groceries,2,103.42,206.84
TXN_02285,CUST_221,2023-08-31 06:00:00,Eggs,Groceries,1,274.75,274.75
TXN_02285,CUST_221,2023-08-31 06:00:00,Butter,Groceries,3,8.22,24.66
TXN_02286,CUST_208,2023-02-11 09:00:00,Apples,Groceries,3,114.12,342.36
TXN_02286,CUST_208,2023-02-11 09:00:00,Milk,Groceries,2,103.42,206.84
TXN_02286,CUST_208,2023-02-11 09:00:00,Webcam,Electronics,1,446.63,446.63
TXN_02286,CUST_208,2023-02-11 09:00:00,Lamp,Home & Garden,1,350.58,350.58
TXN_02287,CUST_028,2023-02-17 13:00:00,Headphones,Electronics,1,141.14,141.14
TXN_02287,CUST_028,2023-02-17 13:00:00,Smartphone,Electronics,1,17.38,17.38
TXN_02288,CUST_215,2023-09-04 15:00:00,Chair,Home & Garden,1,173.42,173.42
TXN_02288,CUST_215,2023-09-04 15:00:00,Milk,Groceries,3,103.42,310.26
TXN_02289,CUST_293,2023-07-19 00:00:00,Coffee,Groceries,2,405.67,811.34
TXN_02289,CUST_293,2023-07-19 00:00:00,Webcam,Electronics,1,446.63,446.63
TXN_02289,CUST_293,2023-07-19 00:00:00,Table,Home & Garden,1,81.96,81.96
TXN_02289,CUST_293,2023-07-19 00:00:00,Lamp,Home & Garden,1,350.58,350.58
TXN_02289,CUST_293,2023-07-19 00:00:00,Headphones,Electronics,1,141.14,141.14
TXN_02290,CUST_166,2023-12-07 23:00:00,Bread,Groceries,2,326.69,653.38
TXN_02290,CUST_166,2023-12-07 23:00:00,Laptop,Electronics,1,321.52,321.52
TXN_02290,CUST_166,2023-12-07 23:00:00,Mouse,Electronics,1,369.55,369.55
TXN_02291,CUST_256,2023-06-12 03:00:00,Apples,Groceries,4,114.12,456.48
TXN_02291,CUST_256,2023-06-12 03:00:00,Laptop,Electronics,1,321.52,321.52
TXN_02291,CUST_256,2023-06-12 03:00:00,Jeans,Clothing,1,213.85,213.85
TXN_02291,CUST_256,2023-06-12 03:00:00,Table,Home & Garden,1,81.96,81.96
TXN_02292,CUST_065,2023-11-21 14:00:00,Table,Home & Garden,1,81.96,81.96
TXN_02292,CUST_065,2023-11-21 14:00:00,Smartphone,Electronics,1,17.38,17.38
TXN_02292,CUST_065,2023-11-21 14:00:00,Monitor,Electronics,1,115.49,115.49
TXN_02292,CUST_065,2023-11-21 14:00:00,Webcam,Electronics,1,446.63,446.63
TXN_02293,CUST_216,2023-12-23 17:00:00,Sweater,Clothing,1,255.15,255.15
TXN_02293,CUST_216,2023-12-23 17:00:00,Webcam,Electronics,1,446.63,446.63
TXN_02293,CUST_216,2023-12-23 17:00:00,Socks,Clothing,1,18.14,18.14
TXN_02294,CUST_296,2023-01-08 11:00:00,Sneakers,Clothing,1,19.75,19.75
TXN_02295,CUST_158,2023-09-15 03:00:00,Sweater,Clothing,1,255.15,255.15
TXN_02295,CUST_158,2023-09-15 03:00:00,Milk,Groceries,4,103.42,413.68
TXN_02296,CUST_268,2023-06-21 03:00:00,Banana,Groceries,2,296.69,593.38
TXN_02296,CUST_268,2023-06-21 03:00:00,Sweater,Clothing,1,255.15,255.15
TXN_02296,CUST_268,2023-06-21 03:00:00,Milk,Groceries,4,103.42,413.68
TXN_02296,CUST_268,2023-06-21 03:00:00,Keyboard,Electronics,1,339.97,339.97
TXN_02297,CUST_196,2023-05-26 21:00:00,Chair,Home & Garden,1,173.42,173.42
TXN_02297,CUST_196,2023-05-26 21:00:00,Plant,Home & Garden,1,403.88,403.88
TXN_02297,CUST_196,2023-05-26 21:00:00,Sneakers,Clothing,1,19.75,19.75
TXN_02297,CUST_196,2023-05-26 21:00:00,Butter,Groceries,1,8.22,8.22
TXN_02298,CUST_045,2023-02-23 02:00:00,Eggs,Groceries,1,274.75,274.75
TXN_02298,CUST_045,2023-02-23 02:00:00,Milk,Groceries,4,103.42,413.68
TXN_02298,CUST_045,2023-02-23 02:00:00,Table,Home & Garden,1,81.96,81.96
TXN_02298,CUST_045,2023-02-23 02:00:00,Monitor,Electronics,1,115.49,115.49
TXN_02298,CUST_045,2023-02-23 02:00:00,Cushion,Home & Garden,1,478.82,478.82
TXN_02299,CUST_258,2023-10-25 01:00:00,Bread,Groceries,4,326.69,1306.76
TXN_02299,CUST_258,2023-10-25 01:00:00,T-Shirt,Clothing,1,48.03,48.03
TXN_02299,CUST_258,2023-10-25 01:00:00,Webcam,Electronics,1,446.63,446.63
TXN_02299,CUST_258,2023-10-25 01:00:00,Cushion,Home & Garden,1,478.82,478.82
TXN_02300,CUST_059,2023-04-11 15:00:00,Bread,Groceries,4,326.69,1306.76
TXN_02300,CUST_059,2023-04-11 15:00:00,Mug,Home & Garden,1,171.61,171.61
TXN_02300,CUST_059,2023-04-11 15:00:00,Milk,Groceries,1,103.42,103.42
TXN_02301,CUST_192,2023-04-25 16:00:00,Laptop,Electronics,1,321.52,321.52
TXN_02301,CUST_192,2023-04-25 16:00:00,Monitor,Electronics,1,115.49,115.49
TXN_02302,CUST_124,2023-01-03 13:00:00,Eggs,Groceries,3,274.75,824.25
TXN_02302,CUST_124,2023-01-03 13:00:00,Butter,Groceries,3,8.22,24.66
TXN_02303,CUST_088,2023-10-20 13:00:00,T-Shirt,Clothing,1,48.03,48.03
TXN_02303,CUST_088,2023-10-20 13:00:00,Sneakers,Clothing,1,19.75,19.75
TXN_02304,CUST_027,2023-10-23 13:00:00,Laptop,Electronics,1,321.52,321.52
TXN_02304,CUST_027,2023-10-23 13:00:00,Monitor,Electronics,1,115.49,115.49
TXN_02305,CUST_163,2023-09-22 05:00:00,Bread,Groceries,3,326.69,980.07
TXN_02305,CUST_163,2023-09-22 05:00:00,Milk,Groceries,2,103.42,206.84
TXN_02305,CUST_163,2023-09-22 05:00:00,Eggs,Groceries,3,274.75,824.25
TXN_02305,CUST_163,2023-09-22 05:00:00,Butter,Groceries,2,8.22,16.44
TXN_02306,CUST_048,2023-02-17 00:00:00,Laptop,Electronics,1,321.52,321.52
TXN_02306,CUST_048,2023-02-17 00:00:00,Monitor,Electronics,1,115.49,115.49
TXN_02307,CUST_293,2023-07-15 00:00:00,Bread,Groceries,3,326.69,980.07
TXN_02307,CUST_293,2023-07-15 00:00:00,Plant,Home & Garden,1,403.88,403.88
TXN_02308,CUST_096,2023-05-03 20:00:00,Banana,Groceries,4,296.69,1186.76
TXN_02308,CUST_096,2023-05-03 20:00:00,Webcam,Electronics,1,446.63,446.63
TXN_02308,CUST_096,2023-05-03 20:00:00,T-Shirt,Clothing,1,48.03,48.03
TXN_02309,CUST_134,2023-12-04 01:00:00,Laptop,Electronics,1,321.52,321.52
TXN_02309,CUST_134,2023-12-04 01:00:00,Keyboard,Electronics,1,339.97,339.97
TXN_02309,CUST_134,2023-12-04 01:00:00,Mouse,Electronics,1,369.55,369.55
TXN_02309,CUST_134,2023-12-04 01:00:00,Webcam,Electronics,1,446.63,446.63
TXN_02310,CUST_236,2023-11-02 03:00:00,Headphones,Electronics,1,141.14,141.14
TXN_02310,CUST_236,2023-11-02 03:00:00,Smartphone,Electronics,1,17.38,17.38
TXN_02311,CUST_040,2023-09-11 11:00:00,Monitor,Electronics,1,115.49,115.49
TXN_02311,CUST_040,2023-09-11 11:00:00,Socks,Clothing,1,18.14,18.14
TXN_02312,CUST_252,2023-01-12 13:00:00,Laptop,Electronics,1,321.52,321.52
TXN_02312,CUST_252,2023-01-12 13:00:00,Monitor,Electronics,1,115.49,115.49
TXN_02313,CUST_193,2023-06-10 20:00:00,Keyboard,Electronics,1,339.97,339.97
TXN_02313,CUST_193,2023-06-10 20:00:00,Sneakers,Clothing,1,19.75,19.75
TXN_02314,CUST_006,2023-04-02 21:00:00,Sweater,Clothing,1,255.15,255.15
TXN_02314,CUST_006,2023-04-02 21:00:00,Eggs,Groceries,1,274.75,274.75
TXN_02314,CUST_006,2023-04-02 21:00:00,Smartphone,Electronics,1,17.38,17.38
TXN_02314,CUST_006,2023-04-02 21:00:00,Monitor,Electronics,1,115.49,115.49
TXN_02314,CUST_006,2023-04-02 21:00:00,Jacket,Clothing,1,113.23,113.23
TXN_02315,CUST_082,2023-09-25 23:00:00,Milk,Groceries,1,103.42,103.42
TXN_02315,CUST_082,2023-09-25 23:00:00,Eggs,Groceries,2,274.75,549.5
TXN_02316,CUST_111,2023-07-06 03:00:00,Jacket,Clothing,1,113.23,113.23
TXN_02317,CUST_071,2023-04-23 02:00:00,Jeans,Clothing,1,213.85,213.85
TXN_02318,CUST_247,2023-04-13 02:00:00,Mug,Home & Garden,1,171.61,171.61
TXN_02318,CUST_247,2023-04-13 02:00:00,Coffee,Groceries,4,405.67,1622.68
TXN_02319,CUST_263,2023-07-24 06:00:00,Webcam,Electronics,1,446.63,446.63
TXN_02319,CUST_263,2023-07-24 06:00:00,Laptop,Electronics,1,321.52,321.52
TXN_02319,CUST_263,2023-07-24 06:00:00,Keyboard,Electronics,1,339.97,339.97
TXN_02319,CUST_263,2023-07-24 06:00:00,Mouse,Electronics,1,369.55,369.55
TXN_02320,CUST_085,2023-04-16 23:00:00,Milk,Groceries,3,103.42,310.26
TXN_02320,CUST_085,2023-04-16 23:00:00,Table,Home & Garden,1,81.96,81.96
TXN_02320,CUST_085,2023-04-16 23:00:00,Butter,Groceries,1,8.22,8.22
TXN_02320,CUST_085,2023-04-16 23:00:00,Jeans,Clothing,1,213.85,213.85
TXN_02321,CUST_197,2023-08-08 06:00:00,Headphones,Electronics,1,141.14,141.14
TXN_02321,CUST_197,2023-08-08 06:00:00,Plant,Home & Garden,1,403.88,403.88
TXN_02321,CUST_197,2023-08-08 06:00:00,Bread,Groceries,2,326.69,653.38
TXN_02322,CUST_018,2023-09-19 08:00:00,Apples,Groceries,3,114.12,342.36
TXN_02322,CUST_018,2023-09-19 08:00:00,Plant,Home & Garden,1,403.88,403.88
TXN_02322,CUST_018,2023-09-19 08:00:00,Butter,Groceries,4,8.22,32.88
TXN_02323,CUST_016,2023-02-28 05:00:00,Mug,Home & Garden,1,171.61,171.61
TXN_02323,CUST_016,2023-02-28 05:00:00,T-Shirt,Clothing,1,48.03,48.03
TXN_02323,CUST_016,2023-02-28 05:00:00,Keyboard,Electronics,1,339.97,339.97
TXN_02323,CUST_016,2023-02-28 05:00:00,Sweater,Clothing,1,255.15,255.15
TXN_02324,CUST_038,2023-04-21 21:00:00,Laptop,Electronics,1,321.52,321.52
TXN_02324,CUST_038,2023-04-21 21:00:00,Webcam,Electronics,1,446.63,446.63
TXN_02324,CUST_038,2023-04-21 21:00:00,Mouse,Electronics,1,369.55,369.55
TXN_02325,CUST_006,2023-06-18 06:00:00,Banana,Groceries,4,296.69,1186.76
TXN_02325,CUST_006,2023-06-18 06:00:00,Headphones,Electronics,1,141.14,141.14
TXN_02325,CUST_006,2023-06-18 06:00:00,T-Shirt,Clothing,1,48.03,48.03
TXN_02326,CUST_146,2023-11-05 06:00:00,Banana,Groceries,3,296.69,890.07
TXN_02327,CUST_039,2023-10-21 20:00:00,T-Shirt,Clothing,1,48.03,48.03
TXN_02327,CUST_039,2023-10-21 20:00:00,Jeans,Clothing,1,213.85,213.85
TXN_02327,CUST_039,2023-10-21 20:00:00,Sneakers,Clothing,1,19.75,19.75
TXN_02328,CUST_026,2023-09-10 15:00:00,Headphones,Electronics,1,141.14,141.14
TXN_02328,CUST_026,2023-09-10 15:00:00,Smartphone,Electronics,1,17.38,17.38
TXN_02329,CUST_232,2023-03-29 19:00:00,Jeans,Clothing,1,213.85,213.85
TXN_02329,CUST_232,2023-03-29 19:00:00,Sneakers,Clothing,1,19.75,19.75
TXN_02330,CUST_146,2023-01-10 20:00:00,Bread,Groceries,1,326.69,326.69
TXN_02330,CUST_146,2023-01-10 20:00:00,Mouse,Electronics,1,369.55,369.55
TXN_02330,CUST_146,2023-01-10 20:00:00,Socks,Clothing,1,18.14,18.14
TXN_02330,CUST_146,2023-01-10 20:00:00,Laptop,Electronics,1,321.52,321.52
TXN_02330,CUST_146,2023-01-10 20:00:00,Sneakers,Clothing,1,19.75,19.75
TXN_02331,CUST_274,2023-09-28 01:00:00,Milk,Groceries,4,103.42,413.68
TXN_02331,CUST_274,2023-09-28 01:00:00,Butter,Groceries,3,8.22,24.66
TXN_02332,CUST_141,2023-06-12 11:00:00,Mug,Home & Garden,1,171.61,171.61
TXN_02332,CUST_141,2023-06-12 11:00:00,Coffee,Groceries,4,405.67,1622.68
TXN_02333,CUST_153,2023-12-23 14:00:00,Sweater,Clothing,1,255.15,255.15
TXN_02334,CUST_053,2023-01-15 07:00:00,Bread,Groceries,4,326.69,1306.76
TXN_02334,CUST_053,2023-01-15 07:00:00,Milk,Groceries,2,103.42,206.84
TXN_02335,CUST_088,2023-02-15 06:00:00,Chair,Home & Garden,1,173.42,173.42
TXN_02335,CUST_088,2023-02-15 06:00:00,Laptop,Electronics,1,321.52,321.52
TXN_02335,CUST_088,2023-02-15 06:00:00,Banana,Groceries,1,296.69,296.69
TXN_02336,CUST_133,2023-01-23 03:00:00,Headphones,Electronics,1,141.14,141.14
TXN_02336,CUST_133,2023-01-23 03:00:00,Smartphone,Electronics,1,17.38,17.38
TXN_02337,CUST_195,2023-05-19 22:00:00,Laptop,Electronics,1,321.52,321.52
TXN_02337,CUST_195,2023-05-19 22:00:00,Webcam,Electronics,1,446.63,446.63
TXN_02337,CUST_195,2023-05-19 22:00:00,Mouse,Electronics,1,369.55,369.55
TXN_02337,CUST_195,2023-05-19 22:00:00,Keyboard,Electronics,1,339.97,339.97
TXN_02338,CUST_076,2023-10-27 13:00:00,Apples,Groceries,2,114.12,228.24
TXN_02339,CUST_296,2023-09-02 21:00:00,Table,Home & Garden,1,81.96,81.96
TXN_02339,CUST_296,2023-09-02 21:00:00,Jacket,Clothing,1,113.23,113.23
TXN_02339,CUST_296,2023-09-02 21:00:00,Cushion,Home & Garden,1,478.82,478.82
TXN_02340,CUST_248,2023-04-26 02:00:00,Headphones,Electronics,1,141.14,141.14
TXN_02340,CUST_248,2023-04-26 02:00:00,Smartphone,Electronics,1,17.38,17.38
TXN_02341,CUST_106,2023-12-22 02:00:00,Jeans,Clothing,1,213.85,213.85
TXN_02341,CUST_106,2023-12-22 02:00:00,Sneakers,Clothing,1,19.75,19.75
TXN_02342,CUST_111,2023-08-28 12:00:00,Bread,Groceries,3,326.69,980.07
TXN_02342,CUST_111,2023-08-28 12:00:00,Eggs,Groceries,4,274.75,1099.0
TXN_02342,CUST_111,2023-08-28 12:00:00,Butter,Groceries,2,8.22,16.44
TXN_02343,CUST_259,2023-02-24 04:00:00,Headphones,Electronics,1,141.14,141.14
TXN_02343,CUST_259,2023-02-24 04:00:00,Smartphone,Electronics,1,17.38,17.38
TXN_02344,CUST_205,2023-04-07 02:00:00,Laptop,Electronics,1,321.52,321.52
TXN_02344,CUST_205,2023-04-07 02:00:00,Keyboard,Electronics,1,339.97,339.97
TXN_02344,CUST_205,2023-04-07 02:00:00,Mouse,Electronics,1,369.55,369.55
TXN_02344,CUST_205,2023-04-07 02:00:00,Webcam,Electronics,1,446.63,446.63
TXN_02345,CUST_237,2023-02-24 23:00:00,Bread,Groceries,4,326.69,1306.76
TXN_02345,CUST_237,2023-02-24 23:00:00,Milk,Groceries,4,103.42,413.68
TXN_02345,CUST_237,2023-02-24 23:00:00,Butter,Groceries,3,8.22,24.66
TXN_02346,CUST_136,2023-03-02 17:00:00,T-Shirt,Clothing,1,48.03,48.03
TXN_02346,CUST_136,2023-03-02 17:00:00,Jeans,Clothing,1,213.85,213.85
TXN_02347,CUST_258,2023-08-09 16:00:00,T-Shirt,Clothing,1,48.03,48.03
TXN_02347,CUST_258,2023-08-09 16:00:00,Jeans,Clothing,1,213.85,213.85
TXN_02347,CUST_258,2023-08-09 16:00:00,Sneakers,Clothing,1,19.75,19.75
TXN_02348,CUST_196,2023-08-05 06:00:00,T-Shirt,Clothing,1,48.03,48.03
TXN_02348,CUST_196,2023-08-05 06:00:00,Sneakers,Clothing,1,19.75,19.75
TXN_02349,CUST_272,2023-11-08 15:00:00,Lamp,Home & Garden,1,350.58,350.58
TXN_02350,CUST_026,2023-11-27 07:00:00,Smartphone,Electronics,1,17.38,17.38
TXN_02350,CUST_026,2023-11-27 07:00:00,Monitor,Electronics,1,115.49,115.49
TXN_02351,CUST_019,2023-10-22 08:00:00,Mug,Home & Garden,1,171.61,171.61
TXN_02351,CUST_019,2023-10-22 08:00:00,Coffee,Groceries,4,405.67,1622.68
TXN_02352,CUST_201,2023-07-21 03:00:00,Laptop,Electronics,1,321.52,321.52
TXN_02352,CUST_201,2023-07-21 03:00:00,Monitor,Electronics,1,115.49,115.49
TXN_02353,CUST_088,2023-04-15 11:00:00,Keyboard,Electronics,1,339.97,339.97
TXN_02353,CUST_088,2023-04-15 11:00:00,Laptop,Electronics,1,321.52,321.52
TXN_02353,CUST_088,2023-04-15 11:00:00,Table,Home & Garden,1,81.96,81.96
TXN_02353,CUST_088,2023-04-15 11:00:00,Monitor,Electronics,1,115.49,115.49
TXN_02353,CUST_088,2023-04-15 11:00:00,Sneakers,Clothing,1,19.75,19.75
TXN_02354,CUST_258,2023-12-25 19:00:00,Chair,Home & Garden,1,173.42,173.42
TXN_02354,CUST_258,2023-12-25 19:00:00,T-Shirt,Clothing,1,48.03,48.03
TXN_02354,CUST_258,2023-12-25 19:00:00,Keyboard,Electronics,1,339.97,339.97
TXN_02355,CUST_162,2023-12-15 02:00:00,Headphones,Electronics,1,141.14,141.14
TXN_02355,CUST_162,2023-12-15 02:00:00,Smartphone,Electronics,1,17.38,17.38
TXN_02356,CUST_243,2023-08-08 10:00:00,Headphones,Electronics,1,141.14,141.14
TXN_02356,CUST_243,2023-08-08 10:00:00,Smartphone,Electronics,1,17.38,17.38
TXN_02357,CUST_181,2023-08-31 18:00:00,Laptop,Electronics,1,321.52,321.52
TXN_02357,CUST_181,2023-08-31 18:00:00,Webcam,Electronics,1,446.63,446.63
TXN_02357,CUST_181,2023-08-31 18:00:00,Keyboard,Electronics,1,339.97,339.97
TXN_02358,CUST_291,2023-12-15 09:00:00,Apples,Groceries,1,114.12,114.12
TXN_02358,CUST_291,2023-12-15 09:00:00,Keyboard,Electronics,1,339.97,339.97
TXN_02358,CUST_291,2023-12-15 09:00:00,Mouse,Electronics,1,369.55,369.55
TXN_02358,CUST_291,2023-12-15 09:00:00,Cushion,Home & Garden,1,478.82,478.82
TXN_02359,CUST_052,2023-06-05 23:00:00,T-Shirt,Clothing,1,48.03,48.03
TXN_02359,CUST_052,2023-06-05 23:00:00,Jeans,Clothing,1,213.85,213.85
TXN_02359,CUST_052,2023-06-05 23:00:00,Sneakers,Clothing,1,19.75,19.75
TXN_02360,CUST_130,2023-07-06 14:00:00,Headphones,Electronics,1,141.14,141.14
TXN_02360,CUST_130,2023-07-06 14:00:00,Smartphone,Electronics,1,17.38,17.38
TXN_02361,CUST_058,2023-05-19 21:00:00,Mouse,Electronics,1,369.55,369.55
TXN_02362,CUST_211,2023-04-23 21:00:00,Laptop,Electronics,1,321.52,321.52
TXN_02362,CUST_211,2023-04-23 21:00:00,T-Shirt,Clothing,1,48.03,48.03
TXN_02362,CUST_211,2023-04-23 21:00:00,Eggs,Groceries,4,274.75,1099.0
TXN_02363,CUST_185,2023-04-16 23:00:00,T-Shirt,Clothing,1,48.03,48.03
TXN_02363,CUST_185,2023-04-16 23:00:00,Sneakers,Clothing,1,19.75,19.75
TXN_02364,CUST_270,2023-03-31 08:00:00,Coffee,Groceries,4,405.67,1622.68
TXN_02364,CUST_270,2023-03-31 08:00:00,Jacket,Clothing,1,113.23,113.23
TXN_02364,CUST_270,2023-03-31 08:00:00,Socks,Clothing,1,18.14,18.14
TXN_02365,CUST_142,2023-06-08 06:00:00,Mug,Home & Garden,1,171.61,171.61
TXN_02365,CUST_142,2023-06-08 06:00:00,Coffee,Groceries,4,405.67,1622.68
TXN_02366,CUST_291,2023-06-27 09:00:00,Bread,Groceries,3,326.69,980.07
TXN_02366,CUST_291,2023-06-27 09:00:00,Milk,Groceries,2,103.42,206.84
TXN_02366,CUST_291,2023-06-27 09:00:00,Butter,Groceries,3,8.22,24.66
TXN_02367,CUST_250,2023-05-28 02:00:00,Bread,Groceries,1,326.69,326.69
TXN_02368,CUST_112,2023-05-25 18:00:00,T-Shirt,Clothing,1,48.03,48.03
TXN_02368,CUST_112,2023-05-25 18:00:00,Jeans,Clothing,1,213.85,213.85
TXN_02368,CUST_112,2023-05-25 18:00:00,Sneakers,Clothing,1,19.75,19.75
TXN_02369,CUST_001,2023-01-26 08:00:00,Headphones,Electronics,1,141.14,141.14
TXN_02369,CUST_001,2023-01-26 08:00:00,Smartphone,Electronics,1,17.38,17.38
TXN_02370,CUST_074,2023-04-11 13:00:00,Sneakers,Clothing,1,19.75,19.75
TXN_02371,CUST_113,2023-01-17 15:00:00,Mug,Home & Garden,1,171.61,171.61
TXN_02371,CUST_113,2023-01-17 15:00:00,Lamp,Home & Garden,1,350.58,350.58
TXN_02372,CUST_198,2023-08-05 12:00:00,Jeans,Clothing,1,213.85,213.85
TXN_02373,CUST_155,2023-11-02 09:00:00,T-Shirt,Clothing,1,48.03,48.03
TXN_02373,CUST_155,2023-11-02 09:00:00,Jeans,Clothing,1,213.85,213.85
TXN_02373,CUST_155,2023-11-02 09:00:00,Sneakers,Clothing,1,19.75,19.75
TXN_02374,CUST_129,2023-03-11 13:00:00,Headphones,Electronics,1,141.14,141.14
TXN_02374,CUST_129,2023-03-11 13:00:00,Sneakers,Clothing,1,19.75,19.75
TXN_02375,CUST_291,2023-11-18 14:00:00,Mug,Home & Garden,1,171.61,171.61
TXN_02375,CUST_291,2023-11-18 14:00:00,Milk,Groceries,4,103.42,413.68
TXN_02375,CUST_291,2023-11-18 14:00:00,Monitor,Electronics,1,115.49,115.49
TXN_02375,CUST_291,2023-11-18 14:00:00,Mouse,Electronics,1,369.55,369.55
TXN_02376,CUST_161,2023-09-15 21:00:00,Bread,Groceries,4,326.69,1306.76
TXN_02376,CUST_161,2023-09-15 21:00:00,Sweater,Clothing,1,255.15,255.15
TXN_02376,CUST_161,2023-09-15 21:00:00,Milk,Groceries,4,103.42,413.68
TXN_02377,CUST_015,2023-10-14 00:00:00,Headphones,Electronics,1,141.14,141.14
TXN_02377,CUST_015,2023-10-14 00:00:00,Butter,Groceries,3,8.22,24.66
TXN_02377,CUST_015,2023-10-14 00:00:00,Mouse,Electronics,1,369.55,369.55
TXN_02377,CUST_015,2023-10-14 00:00:00,Cushion,Home & Garden,1,478.82,478.82
TXN_02378,CUST_125,2023-10-25 16:00:00,Mug,Home & Garden,1,171.61,171.61
TXN_02378,CUST_125,2023-10-25 16:00:00,Coffee,Groceries,2,405.67,811.34
TXN_02379,CUST_207,2023-12-10 00:00:00,Bread,Groceries,1,326.69,326.69
TXN_02379,CUST_207,2023-12-10 00:00:00,Headphones,Electronics,1,141.14,141.14
TXN_02379,CUST_207,2023-12-10 00:00:00,Smartphone,Electronics,1,17.38,17.38
TXN_02379,CUST_207,2023-12-10 00:00:00,Jeans,Clothing,1,213.85,213.85
TXN_02380,CUST_171,2023-11-01 03:00:00,Eggs,Groceries,1,274.75,274.75
TXN_02380,CUST_171,2023-11-01 03:00:00,Smartphone,Electronics,1,17.38,17.38
TXN_02380,CUST_171,2023-11-01 03:00:00,Monitor,Electronics,1,115.49,115.49
TXN_02380,CUST_171,2023-11-01 03:00:00,Chair,Home & Garden,1,173.42,173.42
TXN_02380,CUST_171,2023-11-01 03:00:00,Jacket,Clothing,1,113.23,113.23
TXN_02381,CUST_105,2023-09-22 04:00:00,Plant,Home & Garden,1,403.88,403.88
TXN_02381,CUST_105,2023-09-22 04:00:00,T-Shirt,Clothing,1,48.03,48.03
TXN_02381,CUST_105,2023-09-22 04:00:00,Mouse,Electronics,1,369.55,369.55
TXN_02381,CUST_105,2023-09-22 04:00:00,Lamp,Home & Garden,1,350.58,350.58
TXN_02382,CUST_080,2023-06-04 20:00:00,Bread,Groceries,1,326.69,326.69
TXN_02382,CUST_080,2023-06-04 20:00:00,Milk,Groceries,2,103.42,206.84
TXN_02382,CUST_080,2023-06-04 20:00:00,Eggs,Groceries,1,274.75,274.75
TXN_02383,CUST_267,2023-02-19 07:00:00,T-Shirt,Clothing,1,48.03,48.03
TXN_02383,CUST_267,2023-02-19 07:00:00,Sneakers,Clothing,1,19.75,19.75
TXN_02384,CUST_201,2023-01-29 03:00:00,T-Shirt,Clothing,1,48.03,48.03
TXN_02384,CUST_201,2023-01-29 03:00:00,Jeans,Clothing,1,213.85,213.85
TXN_02385,CUST_225,2023-12-03 19:00:00,Laptop,Electronics,1,321.52,321.52
TXN_02385,CUST_225,2023-12-03 19:00:00,Webcam,Electronics,1,446.63,446.63
TXN_02385,CUST_225,2023-12-03 19:00:00,Mouse,Electronics,1,369.55,369.55
TXN_02385,CUST_225,2023-12-03 19:00:00,Keyboard,Electronics,1,339.97,339.97
TXN_02386,CUST_088,2023-09-19 23:00:00,Eggs,Groceries,3,274.75,824.25
TXN_02387,CUST_149,2023-12-08 03:00:00,Sweater,Clothing,1,255.15,255.15
TXN_02387,CUST_149,2023-12-08 03:00:00,Socks,Clothing,1,18.14,18.14
TXN_02387,CUST_149,2023-12-08 03:00:00,Jeans,Clothing,1,213.85,213.85
TXN_02387,CUST_149,2023-12-08 03:00:00,Lamp,Home & Garden,1,350.58,350.58
TXN_02388,CUST_198,2023-12-24 03:00:00,Bread,Groceries,1,326.69,326.69
TXN_02388,CUST_198,2023-12-24 03:00:00,Laptop,Electronics,1,321.52,321.52
TXN_02388,CUST_198,2023-12-24 03:00:00,Sneakers,Clothing,1,19.75,19.75
TXN_02388,CUST_198,2023-12-24 03:00:00,Mouse,Electronics,1,369.55,369.55
TXN_02389,CUST_289,2023-07-19 00:00:00,Plant,Home & Garden,1,403.88,403.88
TXN_02390,CUST_228,2023-01-22 11:00:00,Bread,Groceries,2,326.69,653.38
TXN_02390,CUST_228,2023-01-22 11:00:00,Laptop,Electronics,1,321.52,321.52
TXN_02390,CUST_228,2023-01-22 11:00:00,Table,Home & Garden,1,81.96,81.96
TXN_02390,CUST_228,2023-01-22 11:00:00,Jeans,Clothing,1,213.85,213.85
TXN_02391,CUST_184,2023-09-14 16:00:00,Laptop,Electronics,1,321.52,321.52
TXN_02391,CUST_184,2023-09-14 16:00:00,Monitor,Electronics,1,115.49,115.49
TXN_02392,CUST_078,2023-06-30 20:00:00,Bread,Groceries,2,326.69,653.38
TXN_02392,CUST_078,2023-06-30 20:00:00,Mug,Home & Garden,1,171.61,171.61
TXN_02392,CUST_078,2023-06-30 20:00:00,Chair,Home & Garden,1,173.42,173.42
TXN_02393,CUST_143,2023-12-04 09:00:00,Plant,Home & Garden,1,403.88,403.88
TXN_02394,CUST_248,2023-07-12 15:00:00,Chair,Home & Garden,1,173.42,173.42
TXN_02394,CUST_248,2023-07-12 15:00:00,Coffee,Groceries,3,405.67,1217.01
TXN_02395,CUST_067,2023-12-24 10:00:00,Sweater,Clothing,1,255.15,255.15
TXN_02395,CUST_067,2023-12-24 10:00:00,Coffee,Groceries,1,405.67,405.67
TXN_02395,CUST_067,2023-12-24 10:00:00,Butter,Groceries,1,8.22,8.22
TXN_02395,CUST_067,2023-12-24 10:00:00,Socks,Clothing,1,18.14,18.14
TXN_02395,CUST_067,2023-12-24 10:00:00,Headphones,Electronics,1,141.14,141.14
TXN_02396,CUST_082,2023-04-29 03:00:00,Eggs,Groceries,2,274.75,549.5
TXN_02396,CUST_082,2023-04-29 03:00:00,Jacket,Clothing,1,113.23,113.23
TXN_02396,CUST_082,2023-04-29 03:00:00,Lamp,Home & Garden,1,350.58,350.58
TXN_02396,CUST_082,2023-04-29 03:00:00,Cushion,Home & Garden,1,478.82,478.82
TXN_02397,CUST_122,2023-02-23 05:00:00,Headphones,Electronics,1,141.14,141.14
TXN_02397,CUST_122,2023-02-23 05:00:00,Milk,Groceries,3,103.42,310.26
TXN_02397,CUST_122,2023-02-23 05:00:00,Smartphone,Electronics,1,17.38,17.38
TXN_02397,CUST_122,2023-02-23 05:00:00,Cushion,Home & Garden,1,478.82,478.82
TXN_02398,CUST_059,2023-01-20 23:00:00,Headphones,Electronics,1,141.14,141.14
TXN_02398,CUST_059,2023-01-20 23:00:00,Smartphone,Electronics,1,17.38,17.38
TXN_02399,CUST_056,2023-12-24 14:00:00,Laptop,Electronics,1,321.52,321.52
TXN_02399,CUST_056,2023-12-24 14:00:00,Monitor,Electronics,1,115.49,115.49
TXN_02400,CUST_252,2023-08-13 21:00:00,Laptop,Electronics,1,321.52,321.52
TXN_02400,CUST_252,2023-08-13 21:00:00,Webcam,Electronics,1,446.63,446.63
TXN_02400,CUST_252,2023-08-13 21:00:00,Mouse,Electronics,1,369.55,369.55
TXN_02400,CUST_252,2023-08-13 21:00:00,Keyboard,Electronics,1,339.97,339.97
TXN_02401,CUST_299,2023-01-13 20:00:00,Webcam,Electronics,1,446.63,446.63
TXN_02402,CUST_018,2023-03-13 00:00:00,T-Shirt,Clothing,1,48.03,48.03
TXN_02402,CUST_018,2023-03-13 00:00:00,Jeans,Clothing,1,213.85,213.85
TXN_02403,CUST_271,2023-09-12 06:00:00,Apples,Groceries,2,114.12,228.24
TXN_02403,CUST_271,2023-09-12 06:00:00,Sweater,Clothing,1,255.15,255.15
TXN_02403,CUST_271,2023-09-12 06:00:00,Eggs,Groceries,1,274.75,274.75
TXN_02403,CUST_271,2023-09-12 06:00:00,Butter,Groceries,4,8.22,32.88
TXN_02404,CUST_219,2023-11-17 12:00:00,Apples,Groceries,1,114.12,114.12
TXN_02404,CUST_219,2023-11-17 12:00:00,Mouse,Electronics,1,369.55,369.55
TXN_02404,CUST_219,2023-11-17 12:00:00,Headphones,Electronics,1,141.14,141.14
TXN_02404,CUST_219,2023-11-17 12:00:00,Sneakers,Clothing,1,19.75,19.75
TXN_02404,CUST_219,2023-11-17 12:00:00,Mug,Home & Garden,1,171.61,171.61
TXN_02405,CUST_061,2023-09-13 07:00:00,Mug,Home & Garden,1,171.61,171.61
TXN_02405,CUST_061,2023-09-13 07:00:00,Coffee,Groceries,3,405.67,1217.01
TXN_02406,CUST_129,2023-07-19 22:00:00,Laptop,Electronics,1,321.52,321.52
TXN_02406,CUST_129,2023-07-19 22:00:00,Keyboard,Electronics,1,339.97,339.97
TXN_02406,CUST_129,2023-07-19 22:00:00,Webcam,Electronics,1,446.63,446.63
TXN_02407,CUST_266,2023-11-09 16:00:00,Mug,Home & Garden,1,171.61,171.61
TXN_02407,CUST_266,2023-11-09 16:00:00,Coffee,Groceries,3,405.67,1217.01
TXN_02408,CUST_016,2023-01-17 10:00:00,Laptop,Electronics,1,321.52,321.52
TXN_02408,CUST_016,2023-01-17 10:00:00,Webcam,Electronics,1,446.63,446.63
TXN_02408,CUST_016,2023-01-17 10:00:00,Keyboard,Electronics,1,339.97,339.97
TXN_02409,CUST_281,2023-06-18 21:00:00,T-Shirt,Clothing,1,48.03,48.03
TXN_02410,CUST_253,2023-02-07 18:00:00,Sweater,Clothing,1,255.15,255.15
TXN_02411,CUST_037,2023-08-02 19:00:00,Banana,Groceries,4,296.69,1186.76
TXN_02412,CUST_067,2023-05-19 23:00:00,Bread,Groceries,4,326.69,1306.76
TXN_02412,CUST_067,2023-05-19 23:00:00,Eggs,Groceries,4,274.75,1099.0
TXN_02412,CUST_067,2023-05-19 23:00:00,Butter,Groceries,3,8.22,24.66
TXN_02413,CUST_117,2023-01-11 01:00:00,Keyboard,Electronics,1,339.97,339.97
TXN_02413,CUST_117,2023-01-11 01:00:00,Webcam,Electronics,1,446.63,446.63
TXN_02413,CUST_117,2023-01-11 01:00:00,Laptop,Electronics,1,321.52,321.52
TXN_02413,CUST_117,2023-01-11 01:00:00,Mouse,Electronics,1,369.55,369.55
TXN_02414,CUST_027,2023-07-18 12:00:00,Chair,Home & Garden,1,173.42,173.42
TXN_02414,CUST_027,2023-07-18 12:00:00,Milk,Groceries,1,103.42,103.42
TXN_02414,CUST_027,2023-07-18 12:00:00,Mouse,Electronics,1,369.55,369.55
TXN_02414,CUST_027,2023-07-18 12:00:00,Banana,Groceries,4,296.69,1186.76
TXN_02415,CUST_061,2023-11-12 11:00:00,Headphones,Electronics,1,141.14,141.14
TXN_02415,CUST_061,2023-11-12 11:00:00,Smartphone,Electronics,1,17.38,17.38
TXN_02416,CUST_119,2023-02-17 18:00:00,Jeans,Clothing,1,213.85,213.85
TXN_02416,CUST_119,2023-02-17 18:00:00,Sneakers,Clothing,1,19.75,19.75
TXN_02417,CUST_030,2023-02-09 01:00:00,Laptop,Electronics,1,321.52,321.52
TXN_02417,CUST_030,2023-02-09 01:00:00,Keyboard,Electronics,1,339.97,339.97
TXN_02417,CUST_030,2023-02-09 01:00:00,Mouse,Electronics,1,369.55,369.55
TXN_02418,CUST_126,2023-05-30 04:00:00,Headphones,Electronics,1,141.14,141.14
TXN_02418,CUST_126,2023-05-30 04:00:00,Monitor,Electronics,1,115.49,115.49
TXN_02418,CUST_126,2023-05-30 04:00:00,Lamp,Home & Garden,1,350.58,350.58
TXN_02419,CUST_040,2023-05-09 17:00:00,Laptop,Electronics,1,321.52,321.52
TXN_02419,CUST_040,2023-05-09 17:00:00,Monitor,Electronics,1,115.49,115.49
TXN_02420,CUST_155,2023-07-07 17:00:00,Laptop,Electronics,1,321.52,321.52
TXN_02420,CUST_155,2023-07-07 17:00:00,Monitor,Electronics,1,115.49,115.49
TXN_02421,CUST_278,2023-09-15 03:00:00,T-Shirt,Clothing,1,48.03,48.03
TXN_02421,CUST_278,2023-09-15 03:00:00,Jeans,Clothing,1,213.85,213.85
TXN_02421,CUST_278,2023-09-15 03:00:00,Sneakers,Clothing,1,19.75,19.75
TXN_02422,CUST_071,2023-09-24 07:00:00,Mug,Home & Garden,1,171.61,171.61
TXN_02422,CUST_071,2023-09-24 07:00:00,Coffee,Groceries,2,405.67,811.34
TXN_02423,CUST_019,2023-05-01 22:00:00,T-Shirt,Clothing,1,48.03,48.03
TXN_02423,CUST_019,2023-05-01 22:00:00,Jeans,Clothing,1,213.85,213.85
TXN_02424,CUST_018,2023-05-19 08:00:00,Headphones,Electronics,1,141.14,141.14
TXN_02424,CUST_018,2023-05-19 08:00:00,Smartphone,Electronics,1,17.38,17.38
TXN_02424,CUST_018,2023-05-19 08:00:00,Jeans,Clothing,1,213.85,213.85
TXN_02425,CUST_197,2023-09-11 00:00:00,Bread,Groceries,4,326.69,1306.76
TXN_02425,CUST_197,2023-09-11 00:00:00,T-Shirt,Clothing,1,48.03,48.03
TXN_02425,CUST_197,2023-09-11 00:00:00,Smartphone,Electronics,1,17.38,17.38
TXN_02425,CUST_197,2023-09-11 00:00:00,Webcam,Electronics,1,446.63,446.63
TXN_02426,CUST_095,2023-12-04 13:00:00,Banana,Groceries,3,296.69,890.07
TXN_02426,CUST_095,2023-12-04 13:00:00,Smartphone,Electronics,1,17.38,17.38
TXN_02426,CUST_095,2023-12-04 13:00:00,Cushion,Home & Garden,1,478.82,478.82
TXN_02427,CUST_014,2023-11-08 10:00:00,Mug,Home & Garden,1,171.61,171.61
TXN_02427,CUST_014,2023-11-08 10:00:00,Coffee,Groceries,2,405.67,811.34
TXN_02427,CUST_014,2023-11-08 10:00:00,Cushion,Home & Garden,1,478.82,478.82
TXN_02428,CUST_015,2023-06-24 23:00:00,Mug,Home & Garden,1,171.61,171.61
TXN_02428,CUST_015,2023-06-24 23:00:00,Milk,Groceries,1,103.42,103.42
TXN_02428,CUST_015,2023-06-24 23:00:00,Table,Home & Garden,1,81.96,81.96
TXN_02429,CUST_056,2023-10-11 12:00:00,Bread,Groceries,3,326.69,980.07
TXN_02429,CUST_056,2023-10-11 12:00:00,Banana,Groceries,2,296.69,593.38
TXN_02429,CUST_056,2023-10-11 12:00:00,Milk,Groceries,4,103.42,413.68
TXN_02430,CUST_240,2023-05-02 04:00:00,Mug,Home & Garden,1,171.61,171.61
TXN_02430,CUST_240,2023-05-02 04:00:00,Jeans,Clothing,1,213.85,213.85
TXN_02430,CUST_240,2023-05-02 04:00:00,Lamp,Home & Garden,1,350.58,350.58
TXN_02431,CUST_044,2023-05-08 17:00:00,Mug,Home & Garden,1,171.61,171.61
TXN_02431,CUST_044,2023-05-08 17:00:00,Coffee,Groceries,3,405.67,1217.01
TXN_02432,CUST_138,2023-12-04 08:00:00,Coffee,Groceries,3,405.67,1217.01
TXN_02432,CUST_138,2023-12-04 08:00:00,Laptop,Electronics,1,321.52,321.52
TXN_02432,CUST_138,2023-12-04 08:00:00,Lamp,Home & Garden,1,350.58,350.58
TXN_02432,CUST_138,2023-12-04 08:00:00,Monitor,Electronics,1,115.49,115.49
TXN_02432,CUST_138,2023-12-04 08:00:00,Sneakers,Clothing,1,19.75,19.75
TXN_02433,CUST_136,2023-04-02 14:00:00,Bread,Groceries,4,326.69,1306.76
TXN_02433,CUST_136,2023-04-02 14:00:00,Laptop,Electronics,1,321.52,321.52
TXN_02433,CUST_136,2023-04-02 14:00:00,Smartphone,Electronics,1,17.38,17.38
TXN_02433,CUST_136,2023-04-02 14:00:00,Sweater,Clothing,1,255.15,255.15
TXN_02434,CUST_285,2023-04-22 13:00:00,Bread,Groceries,2,326.69,653.38
TXN_02434,CUST_285,2023-04-22 13:00:00,Milk,Groceries,3,103.42,310.26
TXN_02434,CUST_285,2023-04-22 13:00:00,Eggs,Groceries,3,274.75,824.25
TXN_02435,CUST_133,2023-09-11 04:00:00,Laptop,Electronics,1,321.52,321.52
TXN_02435,CUST_133,2023-09-11 04:00:00,Webcam,Electronics,1,446.63,446.63
TXN_02436,CUST_059,2023-12-02 01:00:00,Mug,Home & Garden,1,171.61,171.61
TXN_02436,CUST_059,2023-12-02 01:00:00,Coffee,Groceries,2,405.67,811.34
TXN_02437,CUST_032,2024-01-01 08:00:00,Lamp,Home & Garden,1,350.58,350.58
TXN_02438,CUST_181,2023-10-04 22:00:00,Laptop,Electronics,1,321.52,321.52
TXN_02438,CUST_181,2023-10-04 22:00:00,Webcam,Electronics,1,446.63,446.63
TXN_02438,CUST_181,2023-10-04 22:00:00,Mouse,Electronics,1,369.55,369.55
TXN_02439,CUST_058,2023-09-19 02:00:00,Headphones,Electronics,1,141.14,141.14
TXN_02439,CUST_058,2023-09-19 02:00:00,Smartphone,Electronics,1,17.38,17.38
TXN_02440,CUST_219,2023-05-25 04:00:00,Mug,Home & Garden,1,171.61,171.61
TXN_02440,CUST_219,2023-05-25 04:00:00,Coffee,Groceries,3,405.67,1217.01
TXN_02441,CUST_241,2023-05-31 19:00:00,Headphones,Electronics,1,141.14,141.14
TXN_02441,CUST_241,2023-05-31 19:00:00,Smartphone,Electronics,1,17.38,17.38
TXN_02442,CUST_014,2023-02-24 19:00:00,Headphones,Electronics,1,141.14,141.14
TXN_02442,CUST_014,2023-02-24 19:00:00,Smartphone,Electronics,1,17.38,17.38
TXN_02443,CUST_299,2023-01-17 21:00:00,Headphones,Electronics,1,141.14,141.14
TXN_02443,CUST_299,2023-01-17 21:00:00,Plant,Home & Garden,1,403.88,403.88
TXN_02443,CUST_299,2023-01-17 21:00:00,Cushion,Home & Garden,1,478.82,478.82
TXN_02444,CUST_115,2023-10-17 16:00:00,Banana,Groceries,1,296.69,296.69
TXN_02444,CUST_115,2023-10-17 16:00:00,Milk,Groceries,4,103.42,413.68
TXN_02444,CUST_115,2023-10-17 16:00:00,Table,Home & Garden,1,81.96,81.96
TXN_02444,CUST_115,2023-10-17 16:00:00,Monitor,Electronics,1,115.49,115.49
TXN_02445,CUST_269,2023-09-24 14:00:00,Webcam,Electronics,1,446.63,446.63
TXN_02445,CUST_269,2023-09-24 14:00:00,Laptop,Electronics,1,321.52,321.52
TXN_02445,CUST_269,2023-09-24 14:00:00,Keyboard,Electronics,1,339.97,339.97
TXN_02445,CUST_269,2023-09-24 14:00:00,Mouse,Electronics,1,369.55,369.55
TXN_02446,CUST_186,2023-04-29 14:00:00,Bread,Groceries,1,326.69,326.69
TXN_02446,CUST_186,2023-04-29 14:00:00,Milk,Groceries,3,103.42,310.26
TXN_02446,CUST_186,2023-04-29 14:00:00,Eggs,Groceries,1,274.75,274.75
TXN_02446,CUST_186,2023-04-29 14:00:00,Butter,Groceries,3,8.22,24.66
TXN_02447,CUST_248,2023-11-06 07:00:00,Jeans,Clothing,1,213.85,213.85
TXN_02447,CUST_248,2023-11-06 07:00:00,Sneakers,Clothing,1,19.75,19.75
TXN_02448,CUST_276,2023-05-06 13:00:00,Jeans,Clothing,1,213.85,213.85
TXN_02448,CUST_276,2023-05-06 13:00:00,Butter,Groceries,3,8.22,24.66
TXN_02449,CUST_175,2023-06-10 03:00:00,T-Shirt,Clothing,1,48.03,48.03
TXN_02449,CUST_175,2023-06-10 03:00:00,Sneakers,Clothing,1,19.75,19.75
TXN_02450,CUST_102,2023-04-03 14:00:00,Bread,Groceries,1,326.69,326.69
TXN_02450,CUST_102,2023-04-03 14:00:00,Eggs,Groceries,2,274.75,549.5
TXN_02450,CUST_102,2023-04-03 14:00:00,Butter,Groceries,1,8.22,8.22
TXN_02451,CUST_221,2023-01-13 22:00:00,Bread,Groceries,3,326.69,980.07
TXN_02451,CUST_221,2023-01-13 22:00:00,Butter,Groceries,2,8.22,16.44
TXN_02452,CUST_206,2023-12-23 17:00:00,Headphones,Electronics,1,141.14,141.14
TXN_02452,CUST_206,2023-12-23 17:00:00,Smartphone,Electronics,1,17.38,17.38
TXN_02453,CUST_056,2023-01-24 02:00:00,Bread,Groceries,4,326.69,1306.76
TXN_02453,CUST_056,2023-01-24 02:00:00,Plant,Home & Garden,1,403.88,403.88
TXN_02453,CUST_056,2023-01-24 02:00:00,Milk,Groceries,4,103.42,413.68
TXN_02454,CUST_149,2023-09-02 22:00:00,Laptop,Electronics,1,321.52,321.52
TXN_02454,CUST_149,2023-09-02 22:00:00,Webcam,Electronics,1,446.63,446.63
TXN_02454,CUST_149,2023-09-02 22:00:00,Mouse,Electronics,1,369.55,369.55
TXN_02454,CUST_149,2023-09-02 22:00:00,Keyboard,Electronics,1,339.97,339.97
TXN_02455,CUST_233,2023-07-14 10:00:00,Mug,Home & Garden,1,171.61,171.61
TXN_02455,CUST_233,2023-07-14 10:00:00,Coffee,Groceries,3,405.67,1217.01
TXN_02456,CUST_253,2023-06-24 01:00:00,Apples,Groceries,4,114.12,456.48
TXN_02456,CUST_253,2023-06-24 01:00:00,Coffee,Groceries,3,405.67,1217.01
TXN_02456,CUST_253,2023-06-24 01:00:00,Milk,Groceries,2,103.42,206.84
TXN_02456,CUST_253,2023-06-24 01:00:00,Sneakers,Clothing,1,19.75,19.75
TXN_02456,CUST_253,2023-06-24 01:00:00,Jacket,Clothing,1,113.23,113.23
TXN_02457,CUST_074,2023-01-22 23:00:00,Apples,Groceries,3,114.12,342.36
TXN_02457,CUST_074,2023-01-22 23:00:00,Milk,Groceries,3,103.42,310.26
TXN_02458,CUST_051,2023-06-27 09:00:00,Headphones,Electronics,1,141.14,141.14
TXN_02458,CUST_051,2023-06-27 09:00:00,Smartphone,Electronics,1,17.38,17.38
TXN_02459,CUST_115,2023-03-28 09:00:00,Monitor,Electronics,1,115.49,115.49
TXN_02459,CUST_115,2023-03-28 09:00:00,Butter,Groceries,2,8.22,16.44
TXN_02459,CUST_115,2023-03-28 09:00:00,Cushion,Home & Garden,1,478.82,478.82
TXN_02460,CUST_143,2023-03-14 03:00:00,Mug,Home & Garden,1,171.61,171.61
TXN_02460,CUST_143,2023-03-14 03:00:00,Coffee,Groceries,2,405.67,811.34
TXN_02461,CUST_004,2023-09-08 00:00:00,Headphones,Electronics,1,141.14,141.14
TXN_02461,CUST_004,2023-09-08 00:00:00,Smartphone,Electronics,1,17.38,17.38
TXN_02462,CUST_233,2023-06-01 03:00:00,Bread,Groceries,4,326.69,1306.76
TXN_02463,CUST_253,2023-05-15 02:00:00,Table,Home & Garden,1,81.96,81.96
TXN_02463,CUST_253,2023-05-15 02:00:00,Monitor,Electronics,1,115.49,115.49
TXN_02463,CUST_253,2023-05-15 02:00:00,Lamp,Home & Garden,1,350.58,350.58
TXN_02464,CUST_182,2023-02-10 23:00:00,Jacket,Clothing,1,113.23,113.23
TXN_02465,CUST_081,2023-09-17 10:00:00,Laptop,Electronics,1,321.52,321.52
TXN_02465,CUST_081,2023-09-17 10:00:00,Monitor,Electronics,1,115.49,115.49
TXN_02466,CUST_222,2023-02-21 22:00:00,Banana,Groceries,1,296.69,296.69
TXN_02466,CUST_222,2023-02-21 22:00:00,Webcam,Electronics,1,446.63,446.63
TXN_02466,CUST_222,2023-02-21 22:00:00,Lamp,Home & Garden,1,350.58,350.58
TXN_02467,CUST_005,2023-05-06 04:00:00,Webcam,Electronics,1,446.63,446.63
TXN_02467,CUST_005,2023-05-06 04:00:00,Lamp,Home & Garden,1,350.58,350.58
TXN_02468,CUST_136,2023-08-29 04:00:00,Eggs,Groceries,3,274.75,824.25
TXN_02468,CUST_136,2023-08-29 04:00:00,Table,Home & Garden,1,81.96,81.96
TXN_02469,CUST_068,2023-04-12 20:00:00,Laptop,Electronics,1,321.52,321.52
TXN_02469,CUST_068,2023-04-12 20:00:00,Milk,Groceries,1,103.42,103.42
TXN_02469,CUST_068,2023-04-12 20:00:00,Table,Home & Garden,1,81.96,81.96
TXN_02469,CUST_068,2023-04-12 20:00:00,Webcam,Electronics,1,446.63,446.63
TXN_02470,CUST_252,2023-10-13 19:00:00,Keyboard,Electronics,1,339.97,339.97
TXN_02470,CUST_252,2023-10-13 19:00:00,Webcam,Electronics,1,446.63,446.63
TXN_02471,CUST_135,2023-11-11 12:00:00,Sweater,Clothing,1,255.15,255.15
TXN_02471,CUST_135,2023-11-11 12:00:00,Plant,Home & Garden,1,403.88,403.88
TXN_02472,CUST_248,2023-09-29 21:00:00,T-Shirt,Clothing,1,48.03,48.03
TXN_02472,CUST_248,2023-09-29 21:00:00,Sneakers,Clothing,1,19.75,19.75
TXN_02472,CUST_248,2023-09-29 21:00:00,Lamp,Home & Garden,1,350.58,350.58
TXN_02473,CUST_249,2023-09-08 20:00:00,Headphones,Electronics,1,141.14,141.14
TXN_02473,CUST_249,2023-09-08 20:00:00,Smartphone,Electronics,1,17.38,17.38
TXN_02474,CUST_113,2023-02-27 09:00:00,T-Shirt,Clothing,1,48.03,48.03
TXN_02474,CUST_113,2023-02-27 09:00:00,Jeans,Clothing,1,213.85,213.85
TXN_02474,CUST_113,2023-02-27 09:00:00,Sneakers,Clothing,1,19.75,19.75
TXN_02475,CUST_091,2023-08-26 10:00:00,Chair,Home & Garden,1,173.42,173.42
TXN_02475,CUST_091,2023-08-26 10:00:00,Socks,Clothing,1,18.14,18.14
TXN_02476,CUST_066,2023-09-05 15:00:00,Laptop,Electronics,1,321.52,321.52
TXN_02476,CUST_066,2023-09-05 15:00:00,Sneakers,Clothing,1,19.75,19.75
TXN_02477,CUST_138,2023-09-17 06:00:00,Banana,Groceries,3,296.69,890.07
TXN_02477,CUST_138,2023-09-17 06:00:00,Smartphone,Electronics,1,17.38,17.38
TXN_02477,CUST_138,2023-09-17 06:00:00,Jacket,Clothing,1,113.23,113.23
TXN_02477,CUST_138,2023-09-17 06:00:00,Cushion,Home & Garden,1,478.82,478.82
TXN_02478,CUST_163,2023-07-30 12:00:00,Jeans,Clothing,1,213.85,213.85
TXN_02478,CUST_163,2023-07-30 12:00:00,Smartphone,Electronics,1,17.38,17.38
TXN_02478,CUST_163,2023-07-30 12:00:00,Socks,Clothing,1,18.14,18.14
TXN_02479,CUST_249,2023-04-23 10:00:00,Sneakers,Clothing,1,19.75,19.75
TXN_02480,CUST_230,2023-07-29 07:00:00,Banana,Groceries,1,296.69,296.69
TXN_02480,CUST_230,2023-07-29 07:00:00,Webcam,Electronics,1,446.63,446.63
TXN_02481,CUST_169,2023-03-08 19:00:00,Mug,Home & Garden,1,171.61,171.61
TXN_02482,CUST_195,2023-02-16 22:00:00,Headphones,Electronics,1,141.14,141.14
TXN_02482,CUST_195,2023-02-16 22:00:00,Smartphone,Electronics,1,17.38,17.38
TXN_02483,CUST_186,2023-10-02 06:00:00,Socks,Clothing,1,18.14,18.14
TXN_02483,CUST_186,2023-10-02 06:00:00,T-Shirt,Clothing,1,48.03,48.03
TXN_02483,CUST_186,2023-10-02 06:00:00,Sneakers,Clothing,1,19.75,19.75
TXN_02483,CUST_186,2023-10-02 06:00:00,Chair,Home & Garden,1,173.42,173.42
TXN_02483,CUST_186,2023-10-02 06:00:00,Mug,Home & Garden,1,171.61,171.61
TXN_02484,CUST_083,2023-07-11 10:00:00,Mug,Home & Garden,1,171.61,171.61
TXN_02484,CUST_083,2023-07-11 10:00:00,Coffee,Groceries,1,405.67,405.67
TXN_02485,CUST_270,2023-02-22 16:00:00,T-Shirt,Clothing,1,48.03,48.03
TXN_02485,CUST_270,2023-02-22 16:00:00,Jeans,Clothing,1,213.85,213.85
TXN_02486,CUST_155,2023-01-13 07:00:00,Smartphone,Electronics,1,17.38,17.38
TXN_02486,CUST_155,2023-01-13 07:00:00,Jeans,Clothing,1,213.85,213.85
TXN_02487,CUST_064,2023-07-13 20:00:00,Laptop,Electronics,1,321.52,321.52
TXN_02487,CUST_064,2023-07-13 20:00:00,Monitor,Electronics,1,115.49,115.49
TXN_02488,CUST_038,2023-09-16 23:00:00,Laptop,Electronics,1,321.52,321.52
TXN_02488,CUST_038,2023-09-16 23:00:00,Banana,Groceries,2,296.69,593.38
TXN_02488,CUST_038,2023-09-16 23:00:00,Table,Home & Garden,1,81.96,81.96
TXN_02489,CUST_049,2023-10-29 12:00:00,Mug,Home & Garden,1,171.61,171.61
TXN_02489,CUST_049,2023-10-29 12:00:00,Coffee,Groceries,1,405.67,405.67
TXN_02490,CUST_155,2023-05-21 14:00:00,Headphones,Electronics,1,141.14,141.14
TXN_02490,CUST_155,2023-05-21 14:00:00,Smartphone,Electronics,1,17.38,17.38
TXN_02491,CUST_220,2023-02-17 07:00:00,Eggs,Groceries,2,274.75,549.5
TXN_02491,CUST_220,2023-02-17 07:00:00,Banana,Groceries,4,296.69,1186.76
TXN_02491,CUST_220,2023-02-17 07:00:00,Jeans,Clothing,1,213.85,213.85
TXN_02491,CUST_220,2023-02-17 07:00:00,Sneakers,Clothing,1,19.75,19.75
TXN_02491,CUST_220,2023-02-17 07:00:00,Chair,Home & Garden,1,173.42,173.42
TXN_02492,CUST_009,2023-09-12 23:00:00,Headphones,Electronics,1,141.14,141.14
TXN_02492,CUST_009,2023-09-12 23:00:00,Smartphone,Electronics,1,17.38,17.38
TXN_02493,CUST_296,2023-01-13 12:00:00,Sweater,Clothing,1,255.15,255.15
TXN_02493,CUST_296,2023-01-13 12:00:00,Monitor,Electronics,1,115.49,115.49
TXN_02493,CUST_296,2023-01-13 12:00:00,Eggs,Groceries,3,274.75,824.25
TXN_02493,CUST_296,2023-01-13 12:00:00,Coffee,Groceries,3,405.67,1217.01
TXN_02494,CUST_074,2023-11-19 02:00:00,Keyboard,Electronics,1,339.97,339.97
TXN_02494,CUST_074,2023-11-19 02:00:00,Webcam,Electronics,1,446.63,446.63
TXN_02495,CUST_128,2023-02-12 04:00:00,T-Shirt,Clothing,1,48.03,48.03
TXN_02495,CUST_128,2023-02-12 04:00:00,Jeans,Clothing,1,213.85,213.85
TXN_02496,CUST_130,2023-07-30 09:00:00,Smartphone,Electronics,1,17.38,17.38
TXN_02496,CUST_130,2023-07-30 09:00:00,Jacket,Clothing,1,113.23,113.23
TXN_02497,CUST_290,2023-11-03 13:00:00,Chair,Home & Garden,1,173.42,173.42
TXN_02497,CUST_290,2023-11-03 13:00:00,Webcam,Electronics,1,446.63,446.63
TXN_02497,CUST_290,2023-11-03 13:00:00,Cushion,Home & Garden,1,478.82,478.82
TXN_02498,CUST_288,2023-09-08 17:00:00,Bread,Groceries,4,326.69,1306.76
TXN_02498,CUST_288,2023-09-08 17:00:00,Jacket,Clothing,1,113.23,113.23
TXN_02499,CUST_264,2023-10-12 23:00:00,Monitor,Electronics,1,115.49,115.49
TXN_01005,,2023-05-06 05:00:00,Banana,Groceries,2,296.69,593.38
TXN_01006,,2023-01-29 07:00:00,Headphones,Electronics,1,141.14,141.14
TXN_01006,,2023-01-29 07:00:00,Jeans,Clothing,1,213.85,213.85
TXN_01006,,2023-01-29 07:00:00,Socks,Clothing,1,18.14,18.14
TXN_01007,,2023-10-18 22:00:00,Laptop,Electronics,1,321.52,321.52
TXN_01007,,2023-10-18 22:00:00,Monitor,Electronics,1,115.49,115.49
TXN_01008,CUST_074,2023-05-16 04:00:00,Mug,Home & Garden,1,171.61,171.61
TXN_01008,CUST_074,2023-05-16 04:00:00,Coffee,Groceries,3,405.67,1217.01
TXN_01009,CUST_113,2023-03-12 16:00:00,Monitor,Electronics,1,115.49,115.49
TXN_01010,CUST_079,2023-11-18 05:00:00,Headphones,Electronics,1,141.14,141.14
